# Blender 5.2.1 LTS
# www.blender.org
mtllib rogue_hooded_static.mtl
o Rogue_Hooded_static
v -0.000001 0.464178 -0.266513
v -0.000001 0.464178 -0.266513
v 0.320652 0.464178 -0.050313
v 0.320652 0.464178 -0.050313
v -0.086279 0.464178 -0.257426
v -0.086279 0.464178 -0.257426
v 0.086277 0.464178 -0.257426
v 0.086277 0.464178 -0.257426
v 0.166675 0.464178 -0.230784
v 0.166675 0.464178 -0.230784
v 0.235715 0.464178 -0.188403
v 0.235715 0.464178 -0.188403
v 0.288691 0.464178 -0.133171
v 0.288691 0.464178 -0.133171
v -0.320655 0.464178 -0.050313
v -0.320655 0.464178 -0.050313
v -0.288693 0.464178 -0.133171
v -0.288693 0.464178 -0.133171
v -0.235717 0.464178 -0.188403
v -0.235717 0.464178 -0.188403
v -0.166678 0.464178 -0.230784
v -0.166678 0.464178 -0.230784
v 0.067944 0.420136 -0.218243
v 0.067944 0.420136 -0.218243
v 0.131255 0.420136 -0.195669
v 0.131255 0.420136 -0.195669
v 0.185621 0.420135 -0.159760
v 0.185621 0.420135 -0.159760
v 0.227337 0.420134 -0.112962
v 0.227337 0.420134 -0.112962
v 0.253560 0.420133 -0.037690
v 0.253560 0.420133 -0.037690
v -0.253553 0.420133 -0.037690
v -0.253553 0.420133 -0.037690
v -0.227330 0.420134 -0.112962
v -0.227330 0.420134 -0.112962
v -0.185614 0.420135 -0.159760
v -0.185614 0.420135 -0.159760
v -0.131248 0.420136 -0.195669
v -0.131248 0.420136 -0.195669
v -0.067937 0.420136 -0.218243
v -0.067937 0.420136 -0.218243
v 0.000004 0.420136 -0.225942
v 0.000004 0.420136 -0.225942
v 0.174357 0.391693 -0.044638
v 0.154364 0.391694 -0.133776
v 0.092330 0.376412 -0.049790
v 0.081180 0.391695 -0.149210
v 0.000004 0.376412 -0.051547
v 0.000004 0.391695 -0.154474
v -0.092322 0.376412 -0.049790
v -0.081173 0.391695 -0.149210
v -0.174350 0.391693 -0.044638
v -0.154357 0.391694 -0.133776
v -0.000001 0.464178 0.266513
v -0.000001 0.464178 0.266513
v 0.320652 0.464178 0.050313
v 0.320652 0.464178 0.050313
v -0.086279 0.464178 0.257426
v -0.086279 0.464178 0.257426
v 0.086277 0.464178 0.257426
v 0.086277 0.464178 0.257426
v 0.166675 0.464178 0.230784
v 0.166675 0.464178 0.230784
v 0.235715 0.464178 0.188403
v 0.235715 0.464178 0.188403
v 0.288691 0.464178 0.133171
v 0.288691 0.464178 0.133171
v -0.320655 0.464178 0.050313
v -0.320655 0.464178 0.050313
v -0.288693 0.464178 0.133171
v -0.288693 0.464178 0.133171
v -0.235717 0.464178 0.188403
v -0.235717 0.464178 0.188403
v -0.166678 0.464178 0.230784
v -0.166678 0.464178 0.230784
v 0.067944 0.420136 0.218243
v 0.067944 0.420136 0.218243
v 0.131255 0.420136 0.195669
v 0.131255 0.420136 0.195669
v 0.185621 0.420135 0.159760
v 0.185621 0.420135 0.159760
v 0.227337 0.420134 0.112962
v 0.227337 0.420134 0.112962
v 0.253560 0.420133 0.037690
v 0.253560 0.420133 0.037690
v -0.253553 0.420133 0.037690
v -0.253553 0.420133 0.037690
v -0.227330 0.420134 0.112962
v -0.227330 0.420134 0.112962
v -0.185614 0.420135 0.159760
v -0.185614 0.420135 0.159760
v -0.131248 0.420136 0.195669
v -0.131248 0.420136 0.195669
v -0.067937 0.420136 0.218243
v -0.067937 0.420136 0.218243
v 0.000004 0.420136 0.225942
v 0.000004 0.420136 0.225942
v 0.174357 0.391693 0.044638
v 0.154364 0.391694 0.133776
v 0.092330 0.376412 0.049790
v 0.081180 0.391695 0.149210
v 0.000004 0.376412 0.051547
v 0.000004 0.391695 0.154474
v -0.092322 0.376412 0.049790
v -0.081173 0.391695 0.149210
v -0.174350 0.391693 0.044638
v -0.154357 0.391694 0.133776
v 0.000042 0.636302 -0.310098
v 0.000042 0.636302 -0.310098
v 0.099175 0.636302 -0.299657
v 0.099175 0.636302 -0.299657
v 0.191552 0.636302 -0.269046
v 0.191552 0.636302 -0.269046
v 0.270879 0.636302 -0.220350
v 0.270879 0.636302 -0.220350
v 0.331748 0.636302 -0.156889
v 0.331748 0.636302 -0.156889
v 0.331748 0.636302 0.149528
v 0.331748 0.636302 0.149528
v 0.270879 0.636302 0.212989
v 0.270879 0.636302 0.212989
v 0.191552 0.636302 0.261685
v 0.191552 0.636302 0.261685
v 0.099175 0.636302 0.292296
v 0.099175 0.636302 0.292296
v -0.099092 0.636302 0.292296
v -0.099092 0.636302 0.292296
v -0.191469 0.636302 0.261685
v -0.191469 0.636302 0.261685
v -0.270796 0.636302 0.212989
v -0.270796 0.636302 0.212989
v -0.331665 0.636302 0.149528
v -0.331665 0.636302 0.149528
v -0.331665 0.636302 -0.156889
v -0.331665 0.636302 -0.156889
v -0.270796 0.636302 -0.220350
v -0.270796 0.636302 -0.220350
v -0.191469 0.636302 -0.269046
v -0.191469 0.636302 -0.269046
v -0.099092 0.636302 -0.299657
v -0.099092 0.636302 -0.299657
v 0.367282 0.636302 -0.061442
v 0.367282 0.636302 -0.061442
v 0.367282 0.636302 0.053999
v 0.367282 0.636302 0.053999
v -0.367199 0.636302 0.053999
v -0.367199 0.636302 0.053999
v -0.367199 0.636302 -0.061442
v -0.367199 0.636302 -0.061442
v -0.092942 0.513097 -0.284297
v -0.092942 0.513097 -0.284297
v -0.179775 0.513048 -0.255508
v -0.179775 0.513048 -0.255508
v -0.254702 0.512971 -0.209484
v -0.254702 0.512971 -0.209484
v 0.000041 0.627433 -0.326897
v 0.000041 0.627433 -0.326897
v 0.101353 0.627433 -0.316212
v 0.101353 0.627433 -0.316212
v 0.196168 0.627433 -0.284748
v 0.196168 0.627433 -0.284748
v 0.278293 0.627433 -0.234248
v 0.278293 0.627433 -0.234248
v 0.343024 0.627433 -0.166211
v 0.343024 0.627433 -0.166211
v 0.343024 0.627433 -0.166211
v 0.343024 0.627433 -0.166211
v 0.343040 0.627433 0.158836
v 0.343040 0.627433 0.158836
v 0.278303 0.627433 0.226889
v 0.278303 0.627433 0.226889
v 0.196175 0.627433 0.277393
v 0.196175 0.627433 0.277393
v 0.101357 0.627433 0.308860
v 0.101357 0.627433 0.308860
v 0.000041 0.627433 0.319545
v 0.000041 0.627433 0.319545
v -0.101274 0.627433 0.308860
v -0.101274 0.627433 0.308860
v -0.196092 0.627433 0.277393
v -0.196092 0.627433 0.277393
v -0.196092 0.627433 0.277393
v -0.196092 0.627433 0.277393
v -0.278220 0.627433 0.226889
v -0.278220 0.627433 0.226889
v -0.278220 0.627433 0.226889
v -0.278220 0.627433 0.226889
v -0.278220 0.627433 0.226889
v -0.342957 0.627433 0.158836
v -0.342957 0.627433 0.158836
v -0.342942 0.627433 -0.166211
v -0.342942 0.627433 -0.166211
v -0.278210 0.627433 -0.234248
v -0.278210 0.627433 -0.234248
v -0.196085 0.627433 -0.284748
v -0.196085 0.627433 -0.284748
v -0.101270 0.627433 -0.316212
v -0.101270 0.627433 -0.316212
v 0.381130 0.627433 -0.064354
v 0.381130 0.627433 -0.064354
v 0.381130 0.627433 -0.064354
v 0.381130 0.627433 -0.064354
v 0.381130 0.627433 -0.064354
v 0.381135 0.627433 0.056897
v 0.381135 0.627433 0.056897
v -0.381052 0.627433 0.056897
v -0.381052 0.627433 0.056897
v -0.381047 0.627433 -0.064354
v -0.381047 0.627433 -0.064354
v -0.100240 0.523114 -0.313320
v -0.100240 0.523114 -0.313320
v 0.000041 0.523149 -0.323891
v 0.000041 0.523149 -0.323891
v 0.100323 0.523114 -0.313320
v 0.100323 0.523114 -0.313320
v 0.378732 0.522757 -0.063872
v 0.378732 0.522757 -0.063872
v 0.378732 0.522757 -0.063872
v 0.378732 0.522757 -0.063872
v 0.378732 0.522757 -0.063872
v 0.378734 0.522773 0.056693
v 0.378734 0.522773 0.056693
v -0.194110 0.523013 -0.282183
v -0.194110 0.523013 -0.282183
v -0.378650 0.522757 -0.063872
v -0.378650 0.522757 -0.063872
v -0.339674 0.522729 -0.164726
v -0.339674 0.522729 -0.164726
v -0.275459 0.522856 -0.232187
v -0.275459 0.522856 -0.232187
v -0.378651 0.522774 0.056693
v -0.378651 0.522774 0.056693
v -0.339676 0.522784 0.157737
v -0.339676 0.522784 0.157737
v -0.275460 0.522941 0.225201
v -0.275460 0.522941 0.225201
v -0.275460 0.522941 0.225201
v -0.275460 0.522941 0.225201
v -0.275460 0.522941 0.225201
v -0.194112 0.523112 0.275197
v -0.194112 0.523112 0.275197
v -0.194112 0.523112 0.275197
v -0.194112 0.523112 0.275197
v -0.100240 0.523221 0.306334
v -0.100240 0.523221 0.306334
v 0.000041 0.523258 0.316906
v 0.000041 0.523258 0.316906
v 0.100323 0.523221 0.306334
v 0.100323 0.523221 0.306334
v 0.194195 0.523112 0.275197
v 0.194195 0.523112 0.275197
v 0.339759 0.522784 0.157737
v 0.339759 0.522784 0.157737
v 0.275543 0.522941 0.225201
v 0.275543 0.522941 0.225201
v 0.339757 0.522729 -0.164726
v 0.339757 0.522729 -0.164726
v 0.339757 0.522729 -0.164726
v 0.339757 0.522729 -0.164726
v 0.275542 0.522856 -0.232187
v 0.275542 0.522856 -0.232187
v 0.194193 0.523013 -0.282183
v 0.194193 0.523013 -0.282183
v 0.000042 0.636302 0.303864
v 0.000042 0.636302 0.303864
v -0.313070 0.512909 -0.148381
v -0.313070 0.512909 -0.148381
v -0.348399 0.512891 -0.056885
v -0.348399 0.512891 -0.056885
v -0.348400 0.512899 0.053297
v -0.348400 0.512899 0.053297
v -0.313072 0.512936 0.144886
v -0.313072 0.512936 0.144886
v -0.254703 0.513013 0.205991
v -0.254703 0.513013 0.205991
v -0.179776 0.513096 0.252014
v -0.179776 0.513096 0.252014
v -0.092942 0.513149 0.280804
v -0.092942 0.513149 0.280804
v 0.000021 0.513168 0.290599
v 0.000021 0.513168 0.290599
v 0.092983 0.513149 0.280804
v 0.092983 0.513149 0.280804
v 0.179817 0.513096 0.252014
v 0.179817 0.513096 0.252014
v 0.254744 0.513012 0.205991
v 0.254744 0.513012 0.205991
v 0.313113 0.512936 0.144886
v 0.313113 0.512936 0.144886
v 0.348441 0.512899 0.053297
v 0.348441 0.512899 0.053297
v 0.348441 0.512891 -0.056885
v 0.348441 0.512891 -0.056885
v 0.313112 0.512909 -0.148381
v 0.313112 0.512909 -0.148381
v 0.254743 0.512971 -0.209484
v 0.254743 0.512971 -0.209484
v 0.179817 0.513048 -0.255508
v 0.179817 0.513048 -0.255508
v 0.092983 0.513097 -0.284297
v 0.092983 0.513097 -0.284297
v 0.000021 0.513114 -0.294093
v 0.000021 0.513114 -0.294093
v 0.100624 0.822934 -0.300430
v 0.103116 0.713206 -0.307870
v 0.199206 0.713206 -0.276028
v 0.281719 0.713206 -0.225376
v 0.336697 0.822934 -0.155514
v 0.345035 0.713206 -0.159365
v 0.375537 0.822934 -0.059064
v 0.384836 0.713206 -0.060525
v -0.384837 0.713206 -0.060525
v -0.345036 0.713206 -0.159365
v -0.281721 0.713206 -0.225376
v -0.199207 0.713206 -0.276028
v -0.100626 0.822934 -0.300430
v -0.103117 0.713206 -0.307869
v -0.000001 0.822934 -0.311028
v -0.000001 0.713206 -0.318730
v 0.091718 0.713206 0.307870
v 0.199206 0.713206 0.276028
v 0.274912 0.822934 0.219930
v 0.281719 0.713206 0.225376
v 0.345035 0.713206 0.159365
v 0.384836 0.713206 0.060525
v -0.384837 0.713206 0.060525
v -0.345036 0.713206 0.159365
v -0.281721 0.713206 0.225376
v -0.199207 0.713206 0.276028
v -0.091719 0.713206 0.307869
v -0.000001 0.713206 0.318730
v 0.173573 0.420426 0.240866
v 0.173573 0.420426 0.240866
v 0.245469 0.420426 0.196731
v 0.245469 0.420426 0.196731
v 0.333921 0.420426 0.052927
v 0.333921 0.420426 0.052927
v 0.300637 0.420426 0.139214
v 0.300637 0.420426 0.139214
v -0.245470 0.420426 0.196731
v -0.245470 0.420426 0.196731
v -0.300638 0.420426 0.139214
v -0.300638 0.420426 0.139214
v -0.333922 0.420426 0.052927
v -0.333922 0.420426 0.052927
v -0.173574 0.420426 0.240866
v -0.173574 0.420426 0.240866
v 0.089848 0.420426 0.268610
v 0.089848 0.420426 0.268610
v -0.000001 0.420426 0.278073
v -0.000001 0.420426 0.278073
v -0.089849 0.420426 0.268610
v -0.089849 0.420426 0.268610
v 0.173573 0.420426 -0.239801
v 0.173573 0.420426 -0.239801
v 0.245469 0.420426 -0.195667
v 0.245469 0.420426 -0.195667
v 0.333921 0.420426 -0.051863
v 0.333921 0.420426 -0.051863
v 0.300637 0.420426 -0.138149
v 0.300637 0.420426 -0.138149
v -0.245470 0.420426 -0.195667
v -0.245470 0.420426 -0.195667
v -0.300638 0.420426 -0.138149
v -0.300638 0.420426 -0.138149
v -0.333922 0.420426 -0.051863
v -0.333922 0.420426 -0.051863
v -0.173574 0.420426 -0.239801
v -0.173574 0.420426 -0.239801
v 0.089848 0.420426 -0.267545
v 0.089848 0.420426 -0.267545
v -0.000001 0.420426 -0.277008
v -0.000001 0.420426 -0.277008
v -0.089849 0.420426 -0.267545
v -0.089849 0.420426 -0.267545
v 0.098285 0.499154 -0.300543
v 0.000028 0.499172 -0.310897
v -0.098229 0.499154 -0.300543
v 0.000028 0.499228 0.307097
v 0.098285 0.499209 0.296743
v -0.190008 0.499101 -0.270114
v -0.269202 0.499020 -0.221469
v -0.269203 0.499064 0.217669
v -0.190009 0.499152 0.266314
v -0.368237 0.498944 0.056279
v -0.330897 0.498983 0.153084
v 0.190065 0.499101 -0.270114
v 0.269259 0.499020 -0.221469
v -0.330895 0.498955 -0.156886
v -0.368236 0.498936 -0.060179
v 0.330953 0.498983 0.153084
v 0.368293 0.498944 0.056279
v 0.330951 0.498954 -0.156886
v 0.269259 0.499064 0.217669
v 0.368292 0.498936 -0.060179
v 0.190065 0.499152 0.266314
v -0.098229 0.499209 0.296743
v 0.102012 0.435708 -0.311501
v 0.102012 0.435708 -0.311501
v 0.000025 0.435708 -0.322248
v 0.000025 0.435708 -0.322248
v -0.101962 0.435708 -0.311501
v -0.101962 0.435708 -0.311501
v 0.000025 0.435708 0.319205
v 0.000025 0.435708 0.319205
v 0.102012 0.435708 0.308458
v 0.102012 0.435708 0.308458
v -0.197225 0.435708 -0.279917
v -0.197225 0.435708 -0.279917
v -0.279425 0.435708 -0.229425
v -0.279425 0.435708 -0.229425
v -0.279426 0.435708 0.226382
v -0.279426 0.435708 0.226382
v -0.197226 0.435708 0.276874
v -0.197226 0.435708 0.276874
v -0.382219 0.435708 0.058866
v -0.382219 0.435708 0.058866
v -0.343461 0.435708 0.159346
v -0.343461 0.435708 0.159346
v 0.197275 0.435708 -0.279917
v 0.197275 0.435708 -0.279917
v 0.279475 0.435708 -0.229425
v 0.279475 0.435708 -0.229425
v -0.343460 0.435708 -0.162390
v -0.343460 0.435708 -0.162390
v -0.382218 0.435708 -0.062012
v -0.382218 0.435708 -0.062012
v 0.343511 0.435708 0.159346
v 0.343511 0.435708 0.159346
v 0.382269 0.435708 0.058866
v 0.382269 0.435708 0.058866
v 0.343510 0.435708 -0.162390
v 0.343510 0.435708 -0.162390
v 0.279476 0.435708 0.226382
v 0.279476 0.435708 0.226382
v 0.382268 0.435708 -0.062012
v 0.382268 0.435708 -0.062012
v 0.197276 0.435708 0.276874
v 0.197276 0.435708 0.276874
v -0.101962 0.435708 0.308458
v -0.101962 0.435708 0.308458
v -0.340644 0.482974 0.260474
v -0.340644 0.482974 0.260474
v -0.340693 0.494158 0.283993
v -0.340693 0.494158 0.283993
v -0.340693 0.494158 0.283993
v -0.338649 0.541221 0.277696
v -0.338649 0.541221 0.277696
v -0.338649 0.541221 0.277696
v -0.321710 0.482974 0.228778
v -0.321710 0.482974 0.228778
v -0.321710 0.482974 0.228778
v -0.321710 0.482974 0.228778
v -0.316815 0.543581 0.231703
v -0.316815 0.543581 0.231703
v -0.316815 0.543581 0.231703
v -0.348770 0.557112 0.255620
v -0.348770 0.557112 0.255620
v -0.355363 0.556038 0.285077
v -0.355363 0.556038 0.285077
v -0.351482 0.626967 0.253999
v -0.351482 0.626967 0.253999
v -0.325746 0.626967 0.226368
v -0.325746 0.626967 0.226368
v -0.325746 0.626967 0.226368
v -0.325746 0.626967 0.226368
v -0.250614 0.656210 0.271250
v -0.250614 0.656210 0.271250
v -0.295095 0.529652 0.345709
v -0.295095 0.529652 0.345709
v -0.285686 0.518757 0.329959
v -0.285686 0.518757 0.329959
v -0.295095 0.623431 0.345709
v -0.295095 0.623431 0.345709
v -0.250614 0.453737 0.271250
v -0.250614 0.453737 0.271250
v -0.269549 0.453737 0.302945
v -0.283663 0.466275 0.326573
v -0.283663 0.466275 0.326573
v -0.314124 0.656210 0.276317
v -0.339670 0.626274 0.319081
v -0.339670 0.626274 0.319081
v -0.295190 0.656210 0.244621
v -0.295190 0.656210 0.244621
v -0.339670 0.546386 0.319081
v -0.339670 0.546386 0.319081
v -0.242209 0.475596 0.254608
v -0.353150 0.630602 0.284079
v -0.353150 0.630602 0.284079
v -0.198453 0.482974 0.345416
v -0.198453 0.482974 0.345416
v -0.219139 0.494158 0.356607
v -0.219139 0.494158 0.356607
v -0.219139 0.494158 0.356607
v -0.214563 0.541221 0.351822
v -0.214563 0.541221 0.351822
v -0.214563 0.541221 0.351822
v -0.179519 0.482974 0.313721
v -0.179519 0.482974 0.313721
v -0.179519 0.482974 0.313721
v -0.179519 0.482974 0.313721
v -0.184414 0.543581 0.310796
v -0.184414 0.543581 0.310796
v -0.184414 0.543581 0.310796
v -0.190327 0.557112 0.350270
v -0.190327 0.557112 0.350270
v -0.213140 0.556038 0.370038
v -0.213140 0.556038 0.370038
v -0.187615 0.626967 0.351890
v -0.187615 0.626967 0.351890
v -0.175483 0.626967 0.316132
v -0.175483 0.626967 0.316132
v -0.175483 0.626967 0.316132
v -0.175483 0.626967 0.316132
v -0.224973 0.656210 0.329573
v -0.250520 0.626274 0.372337
v -0.250520 0.626274 0.372337
v -0.206039 0.656210 0.297878
v -0.206039 0.656210 0.297878
v -0.250520 0.546386 0.372337
v -0.250520 0.546386 0.372337
v -0.213310 0.630602 0.367617
v -0.213310 0.630602 0.367617
v -0.279669 0.554804 0.359330
v -0.279669 0.554804 0.359330
v -0.279669 0.554804 0.359330
v -0.279669 0.580329 0.359330
v -0.279669 0.580329 0.359330
v -0.279669 0.580329 0.359330
v -0.298578 0.591011 0.351541
v -0.298578 0.591011 0.351541
v -0.298578 0.591011 0.351541
v -0.314401 0.580329 0.338582
v -0.314401 0.580329 0.338582
v -0.314401 0.580329 0.338582
v -0.314401 0.554804 0.338582
v -0.314401 0.554804 0.338582
v -0.314401 0.554804 0.338582
v -0.298578 0.543683 0.351541
v -0.298578 0.543683 0.351541
v -0.298578 0.543683 0.351541
v -0.306637 0.567501 0.365030
v -0.303608 0.546668 0.359960
v -0.303608 0.546668 0.359960
v -0.300847 0.542956 0.355339
v -0.300847 0.542956 0.355339
v -0.300847 0.542956 0.355339
v -0.300847 0.542956 0.355339
v -0.282817 0.554326 0.366087
v -0.282817 0.554326 0.366087
v -0.282817 0.554326 0.366087
v -0.282817 0.554326 0.366087
v -0.288420 0.556397 0.369033
v -0.288420 0.556397 0.369033
v -0.282817 0.580812 0.366087
v -0.282817 0.580812 0.366087
v -0.282817 0.580812 0.366087
v -0.282817 0.580812 0.366087
v -0.288421 0.578720 0.369033
v -0.288421 0.578720 0.369033
v -0.300847 0.591729 0.355338
v -0.300847 0.591729 0.355338
v -0.300847 0.591729 0.355338
v -0.300847 0.591729 0.355338
v -0.303608 0.588064 0.359960
v -0.303608 0.588064 0.359960
v -0.318858 0.580812 0.344557
v -0.318858 0.580812 0.344557
v -0.318858 0.580812 0.344557
v -0.318858 0.580812 0.344557
v -0.318796 0.578720 0.350888
v -0.318796 0.578720 0.350888
v -0.318858 0.554326 0.344558
v -0.318858 0.554326 0.344558
v -0.318858 0.554326 0.344558
v -0.318858 0.554326 0.344558
v -0.318796 0.556397 0.350887
v -0.318796 0.556397 0.350887
v -0.000001 0.957537 -0.278860
v 0.073662 1.084051 -0.219930
v 0.090217 0.957537 -0.269358
v 0.142304 1.084051 -0.197184
v 0.174287 0.957537 -0.241500
v 0.194392 0.822934 -0.269358
v 0.201249 1.084052 -0.161000
v 0.246479 0.957537 -0.197184
v 0.274912 0.822934 -0.219930
v 0.246479 1.084051 -0.113844
v 0.301874 0.957537 -0.139430
v 0.274912 1.084051 -0.043248
v 0.336697 0.957537 -0.052959
v -0.274913 1.084051 -0.043248
v -0.336698 0.957537 -0.052959
v -0.375538 0.822934 -0.059064
v -0.246481 1.084051 -0.113844
v -0.301876 0.957537 -0.139430
v -0.336698 0.822934 -0.155514
v -0.201251 1.084051 -0.161000
v -0.246481 0.957537 -0.197184
v -0.274913 0.822934 -0.219930
v -0.142306 1.084051 -0.197184
v -0.174288 0.957537 -0.241500
v -0.194393 0.822934 -0.269358
v -0.073663 1.084051 -0.219930
v -0.090219 0.957537 -0.269358
v -0.000001 1.084051 -0.227688
v -0.000001 1.248119 0.000000
v 0.078061 1.240061 -0.036156
v 0.043075 1.240061 -0.063898
v -0.043077 1.240061 -0.063898
v -0.078063 1.240061 -0.036156
v 0.088915 1.240061 0.000000
v -0.000001 1.240061 -0.072737
v -0.088917 1.240061 0.000000
v 0.090217 0.957537 0.269358
v 0.090217 0.957537 0.269358
v 0.174287 0.957537 0.241500
v 0.194392 0.822934 0.269358
v 0.201249 1.084051 0.161000
v 0.246479 0.957537 0.197184
v 0.246479 1.084051 0.113844
v 0.301874 0.957537 0.139430
v 0.336697 0.822934 0.155514
v 0.274912 1.084051 0.043248
v 0.336697 0.957537 0.052959
v 0.375537 0.822934 0.059064
v -0.274913 1.084051 0.043248
v -0.336698 0.957537 0.052959
v -0.375538 0.822934 0.059064
v -0.246481 1.084051 0.113844
v -0.301876 0.957537 0.139430
v -0.336698 0.822934 0.155514
v -0.201251 1.084051 0.161000
v -0.246481 0.957537 0.197184
v -0.274913 0.822934 0.219930
v -0.161471 1.084051 0.193386
v -0.161471 1.084051 0.193386
v -0.174288 0.957537 0.241500
v -0.194393 0.822934 0.269358
v -0.090219 0.957537 0.269358
v -0.090219 0.957537 0.269358
v 0.078061 1.240061 0.036156
v 0.043075 1.240061 0.063898
v -0.043077 1.240061 0.063898
v -0.078063 1.240061 0.036156
v -0.000001 1.240061 0.072737
v -0.000001 0.895979 0.294944
v -0.000001 0.895979 0.294944
v -0.000001 0.895979 0.294944
v -0.182652 1.115733 0.146121
v -0.182652 1.115733 0.146121
v 0.059114 1.151755 -0.176495
v 0.059114 1.151755 -0.176495
v 0.114200 1.151755 -0.158241
v 0.114200 1.151755 -0.158241
v 0.161503 1.151755 -0.129203
v 0.161503 1.151755 -0.129203
v 0.222574 1.149316 -0.035022
v 0.222574 1.149316 -0.035022
v -0.161505 1.151755 -0.129203
v -0.161505 1.151755 -0.129203
v -0.059115 1.151755 -0.176495
v -0.059115 1.151755 -0.176495
v -0.000001 1.151755 -0.182721
v -0.000001 1.151755 -0.182721
v 0.222574 1.149316 0.035022
v 0.222574 1.149316 0.035022
v 0.161469 1.084051 0.193386
v 0.161469 1.084051 0.193386
v 0.182650 1.115733 0.146121
v 0.182650 1.115733 0.146121
v 0.197800 1.151755 -0.091360
v 0.197800 1.151755 -0.091360
v -0.222575 1.149316 -0.035022
v -0.222575 1.149316 -0.035022
v -0.197802 1.151755 -0.091360
v -0.197802 1.151755 -0.091360
v -0.114201 1.151755 -0.158241
v -0.114201 1.151755 -0.158241
v 0.210383 1.134255 0.097172
v 0.210383 1.134255 0.097172
v -0.222575 1.149316 0.035022
v -0.222575 1.149316 0.035022
v -0.210384 1.134255 0.097172
v -0.210384 1.134255 0.097172
v -0.000001 1.231781 -0.215223
v -0.000001 1.231781 -0.215223
v 0.066488 1.231781 -0.208174
v 0.066488 1.231781 -0.208174
v 0.128446 1.231781 -0.187506
v 0.128446 1.231781 -0.187506
v 0.181650 1.231781 -0.154628
v 0.181650 1.231781 -0.154628
v 0.222475 1.231781 -0.111781
v 0.222475 1.231781 -0.111781
v 0.248139 1.231781 -0.047649
v 0.248139 1.231781 -0.047649
v -0.222478 1.231781 -0.111781
v -0.222478 1.231781 -0.111781
v -0.248141 1.231781 -0.047649
v -0.248141 1.231781 -0.047649
v -0.181652 1.231781 -0.154628
v -0.181652 1.231781 -0.154628
v -0.128448 1.231781 -0.187506
v -0.128448 1.231781 -0.187506
v -0.066490 1.231781 -0.208174
v -0.066490 1.231781 -0.208174
v 0.066488 1.231781 0.191498
v 0.066488 1.231781 0.191498
v 0.099105 1.114795 0.264710
v -0.000001 1.231781 0.198547
v -0.000001 1.231781 0.198547
v -0.000001 0.954643 0.342475
v -0.000001 0.954643 0.342475
v -0.000001 0.954643 0.342475
v 0.128446 1.231781 0.170830
v 0.128446 1.231781 0.170830
v 0.181650 1.231781 0.137952
v 0.181650 1.231781 0.137952
v 0.222475 1.231781 0.095105
v 0.222475 1.231781 0.095105
v 0.248139 1.231781 0.030973
v 0.248139 1.231781 0.030973
v -0.222478 1.231781 0.095105
v -0.222478 1.231781 0.095105
v -0.248141 1.231781 0.030973
v -0.248141 1.231781 0.030973
v -0.181652 1.231781 0.137952
v -0.181652 1.231781 0.137952
v -0.128448 1.231781 0.170830
v -0.128448 1.231781 0.170830
v -0.066490 1.231781 0.191498
v -0.066490 1.231781 0.191498
v -0.099107 1.114795 0.264710
v -0.000001 1.114795 0.273901
v 0.104640 0.976650 0.297464
v 0.104640 0.976650 0.297464
v 0.095803 1.010002 0.315231
v 0.095803 1.010002 0.315231
v 0.191596 1.104289 0.221825
v 0.191596 1.104289 0.221825
v 0.190309 1.129755 0.235242
v 0.190309 1.129755 0.235242
v -0.190311 1.129755 0.235242
v -0.190311 1.129755 0.235242
v -0.191598 1.104289 0.221825
v -0.191598 1.104289 0.221825
v -0.095805 1.010002 0.315231
v -0.095805 1.010002 0.315231
v -0.104642 0.976650 0.297464
v -0.104642 0.976650 0.297464
v -0.000001 0.910763 0.325875
v -0.000001 0.910763 0.325875
v -0.000001 0.910763 0.325875
v -0.000001 0.910763 0.325875
v 0.216697 1.136123 0.163361
v 0.216697 1.136123 0.163361
v 0.227150 1.170011 0.162251
v 0.227150 1.170011 0.162251
v -0.227152 1.170011 0.162251
v -0.227152 1.170011 0.162251
v -0.216699 1.136123 0.163361
v -0.216699 1.136123 0.163361
v 0.071620 1.172715 -0.235728
v 0.071620 1.172715 -0.235728
v 0.074933 1.198406 -0.239629
v 0.074933 1.198406 -0.239629
v 0.138131 1.172715 -0.212650
v 0.138131 1.172715 -0.212650
v 0.144444 1.198972 -0.215611
v 0.144444 1.198972 -0.215611
v 0.194826 1.172715 -0.176108
v 0.194826 1.172715 -0.176108
v 0.203562 1.199876 -0.177762
v 0.203562 1.199876 -0.177762
v 0.237730 1.172715 -0.128836
v 0.237730 1.172715 -0.128836
v 0.248209 1.201016 -0.129170
v 0.248209 1.201016 -0.129170
v 0.266420 1.172715 -0.059278
v 0.266420 1.172715 -0.059278
v 0.277728 1.200194 -0.059313
v 0.277728 1.200194 -0.059313
v -0.277730 1.200194 -0.059313
v -0.277730 1.200194 -0.059313
v -0.266422 1.172715 -0.059278
v -0.266422 1.172715 -0.059278
v -0.237732 1.172715 -0.128837
v -0.237732 1.172715 -0.128837
v -0.248211 1.201016 -0.129170
v -0.248211 1.201016 -0.129170
v -0.194828 1.172715 -0.176108
v -0.194828 1.172715 -0.176108
v -0.203564 1.199876 -0.177762
v -0.203564 1.199876 -0.177762
v -0.138133 1.172715 -0.212650
v -0.138133 1.172715 -0.212650
v -0.144447 1.198972 -0.215611
v -0.144447 1.198972 -0.215611
v -0.071622 1.172715 -0.235728
v -0.071622 1.172715 -0.235728
v -0.074935 1.198406 -0.239629
v -0.074935 1.198406 -0.239629
v -0.000001 1.198215 -0.247859
v -0.000001 1.198215 -0.247859
v -0.000001 1.172715 -0.243618
v -0.000001 1.172715 -0.243618
v -0.261581 1.187194 0.101525
v -0.261581 1.187194 0.101525
v -0.250196 1.154839 0.103076
v -0.250196 1.154839 0.103076
v 0.261579 1.187194 0.101525
v 0.261579 1.187194 0.101525
v 0.250194 1.154839 0.103076
v 0.250194 1.154839 0.103076
v 0.265228 1.172715 0.026938
v 0.265228 1.172715 0.026938
v 0.277107 1.200769 0.026684
v 0.277107 1.200769 0.026684
v -0.277109 1.200769 0.026684
v -0.277109 1.200769 0.026684
v -0.265230 1.172715 0.026938
v -0.265230 1.172715 0.026938
v 0.162933 1.245785 -0.074728
v 0.089911 1.245785 -0.131266
v -0.089900 1.245785 -0.131266
v -0.162922 1.245785 -0.074728
v 0.185587 1.245785 -0.001044
v 0.000006 1.245785 -0.149280
v -0.185576 1.245785 -0.001044
v 0.162933 1.245785 0.072639
v 0.089911 1.245785 0.129178
v -0.089900 1.245785 0.129178
v -0.162922 1.245785 0.072639
v 0.000006 1.245785 0.147191
v 0.077748 0.847551 0.297725
v 0.077748 0.847551 0.297725
v 0.077748 0.847551 0.297725
v -0.077749 0.847551 0.297725
v -0.077749 0.847551 0.297725
v -0.077749 0.847551 0.297725
v -0.000001 0.850180 0.309383
v -0.000001 0.850180 0.309383
v 0.079133 0.798322 0.301508
v 0.079133 0.798322 0.301508
v 0.079133 0.798322 0.301508
v -0.079134 0.798322 0.301508
v -0.079134 0.798322 0.301508
v -0.079134 0.798322 0.301508
v -0.000001 0.794208 0.316612
v -0.000001 0.794208 0.316612
v -0.058931 0.800591 0.319092
v -0.058931 0.800591 0.319092
v -0.058931 0.844482 0.314034
v -0.058931 0.844482 0.314034
v 0.058929 0.800591 0.319092
v 0.058929 0.800591 0.319092
v 0.058929 0.844482 0.314034
v 0.058929 0.844482 0.314034
v 0.000000 0.800745 0.330310
v 0.000000 0.800745 0.330310
v 0.000000 0.845617 0.323919
v 0.000000 0.845617 0.323919
v -0.061893 0.823185 0.319861
v 0.061891 0.823186 0.319861
v 0.000000 0.823706 0.330413
v 0.450332 0.482974 -0.057669
v 0.450332 0.482974 -0.057669
v 0.464736 0.494158 -0.076262
v 0.464736 0.494158 -0.076262
v 0.464736 0.494158 -0.076262
v 0.459271 0.541221 -0.072524
v 0.459271 0.541221 -0.072524
v 0.459271 0.541221 -0.072524
v 0.415981 0.482974 -0.044137
v 0.415981 0.482974 -0.044137
v 0.415981 0.482974 -0.044137
v 0.415981 0.482974 -0.044137
v 0.413891 0.543581 -0.049443
v 0.413891 0.543581 -0.049443
v 0.413891 0.543581 -0.049443
v 0.453802 0.557112 -0.048862
v 0.453802 0.557112 -0.048862
v 0.477014 0.556038 -0.068160
v 0.477014 0.556038 -0.068160
v 0.454959 0.626967 -0.045923
v 0.454959 0.626967 -0.045923
v 0.417704 0.626967 -0.039763
v 0.417704 0.626967 -0.039763
v 0.417704 0.626967 -0.039763
v 0.417704 0.626967 -0.039763
v 0.385628 0.656210 -0.121190
v 0.385628 0.656210 -0.121190
v 0.466326 0.529652 -0.152979
v 0.466326 0.529652 -0.152979
v 0.449257 0.518757 -0.146255
v 0.449257 0.518757 -0.146255
v 0.466326 0.623431 -0.152979
v 0.466326 0.623431 -0.152979
v 0.385628 0.453737 -0.121190
v 0.385628 0.453737 -0.121190
v 0.419979 0.453737 -0.134722
v 0.445587 0.466275 -0.144809
v 0.445587 0.466275 -0.144809
v 0.439010 0.656210 -0.086411
v 0.485357 0.626274 -0.104669
v 0.485357 0.626274 -0.104669
v 0.404659 0.656210 -0.072880
v 0.404659 0.656210 -0.072880
v 0.485357 0.546386 -0.104669
v 0.485357 0.546386 -0.104669
v 0.368809 0.475596 -0.113147
v 0.474652 0.630602 -0.068721
v 0.474652 0.630602 -0.068721
v 0.389626 0.482974 -0.211774
v 0.389626 0.482974 -0.211774
v 0.412841 0.494158 -0.208000
v 0.412841 0.494158 -0.208000
v 0.412841 0.494158 -0.208000
v 0.406295 0.541221 -0.207006
v 0.406295 0.541221 -0.207006
v 0.406295 0.541221 -0.207006
v 0.355275 0.482974 -0.198242
v 0.355275 0.482974 -0.198242
v 0.355275 0.482974 -0.198242
v 0.355275 0.482974 -0.198242
v 0.357365 0.543581 -0.192937
v 0.357365 0.543581 -0.192937
v 0.386157 0.557112 -0.220581
v 0.386157 0.557112 -0.220581
v 0.416294 0.556038 -0.222299
v 0.416294 0.556038 -0.222299
v 0.384999 0.626967 -0.223520
v 0.384999 0.626967 -0.223520
v 0.353552 0.626967 -0.202616
v 0.353552 0.626967 -0.202616
v 0.353552 0.626967 -0.202616
v 0.353552 0.626967 -0.202616
v 0.400948 0.656210 -0.183032
v 0.447296 0.626274 -0.201289
v 0.447296 0.626274 -0.201289
v 0.366598 0.656210 -0.169500
v 0.366598 0.656210 -0.169500
v 0.447296 0.546386 -0.201289
v 0.447296 0.546386 -0.201289
v 0.414950 0.630602 -0.220278
v 0.414950 0.630602 -0.220278
v 0.462432 0.554804 -0.173186
v 0.462432 0.554804 -0.173186
v 0.462432 0.554804 -0.173186
v 0.462432 0.580329 -0.173186
v 0.462432 0.580329 -0.173186
v 0.462432 0.580329 -0.173186
v 0.472646 0.591011 -0.155469
v 0.472646 0.591011 -0.155469
v 0.472646 0.591011 -0.155469
v 0.477260 0.580329 -0.135544
v 0.477260 0.580329 -0.135544
v 0.477260 0.580329 -0.135544
v 0.477260 0.554804 -0.135544
v 0.477260 0.554804 -0.135544
v 0.477260 0.554804 -0.135544
v 0.472646 0.543682 -0.155469
v 0.472646 0.543682 -0.155469
v 0.472646 0.543682 -0.155469
v 0.487267 0.567501 -0.161228
v 0.481771 0.546668 -0.159063
v 0.481771 0.546668 -0.159063
v 0.476763 0.542956 -0.157090
v 0.476763 0.542956 -0.157090
v 0.476763 0.542956 -0.157090
v 0.476763 0.542956 -0.157090
v 0.469052 0.554326 -0.176614
v 0.469052 0.554326 -0.176614
v 0.469052 0.554326 -0.176614
v 0.469052 0.554326 -0.176614
v 0.475287 0.556397 -0.175524
v 0.475287 0.556397 -0.175524
v 0.469052 0.580812 -0.176614
v 0.469052 0.580812 -0.176614
v 0.469052 0.580812 -0.176614
v 0.469052 0.580812 -0.176614
v 0.475288 0.578720 -0.175524
v 0.475288 0.578720 -0.175524
v 0.476763 0.591729 -0.157090
v 0.476763 0.591729 -0.157090
v 0.476763 0.591729 -0.157090
v 0.476763 0.591729 -0.157090
v 0.481771 0.588064 -0.159063
v 0.481771 0.588064 -0.159063
v 0.484439 0.580812 -0.137553
v 0.484439 0.580812 -0.137553
v 0.484439 0.580812 -0.137553
v 0.484439 0.580812 -0.137553
v 0.488256 0.578720 -0.142603
v 0.488256 0.578720 -0.142603
v 0.484439 0.554326 -0.137553
v 0.484439 0.554326 -0.137553
v 0.484439 0.554326 -0.137553
v 0.484439 0.554326 -0.137553
v 0.488256 0.556397 -0.142603
v 0.488256 0.556397 -0.142603
v 0.066715 0.609232 0.323101
v 0.066715 0.609232 0.323101
v 0.066715 0.609232 0.323101
v 0.081283 0.612356 0.332956
v 0.071861 0.621778 0.334397
v 0.065593 0.540475 0.314021
v 0.065593 0.540475 0.314021
v 0.065593 0.540475 0.314021
v 0.070452 0.524784 0.321495
v 0.080066 0.534221 0.322594
v 0.101286 0.657641 0.249003
v 0.101286 0.657641 0.249003
v 0.099465 0.516686 0.230157
v 0.099465 0.516686 0.230157
v 0.099465 0.516686 0.230157
v -0.064686 0.610059 0.325587
v -0.064686 0.610059 0.325587
v -0.064686 0.610059 0.325587
v -0.069025 0.622679 0.337067
v -0.078619 0.613371 0.335984
v -0.065842 0.541302 0.316513
v -0.065842 0.541302 0.316513
v -0.065842 0.541302 0.316513
v -0.079874 0.535236 0.325626
v -0.070434 0.525685 0.324166
v -0.103005 0.658956 0.252876
v -0.103005 0.658956 0.252876
v -0.104835 0.518001 0.234030
v -0.104835 0.518001 0.234030
v -0.104835 0.518001 0.234030
v 0.097277 0.650349 0.327965
v 0.097277 0.650349 0.327965
v 0.084286 0.637627 0.336017
v 0.084286 0.637627 0.336017
v 0.097430 0.624441 0.333989
v 0.097430 0.624441 0.333989
v 0.108704 0.638857 0.326192
v 0.108704 0.638857 0.326192
v 0.108704 0.638857 0.326192
v 0.095959 0.521964 0.320355
v 0.095959 0.521964 0.320355
v 0.082578 0.508873 0.318820
v 0.082578 0.508873 0.318820
v 0.095357 0.498977 0.307710
v 0.095357 0.498977 0.307710
v 0.095357 0.498977 0.307710
v 0.106988 0.510326 0.309046
v 0.106988 0.510326 0.309046
v 0.106988 0.510326 0.309046
v -0.096395 0.500203 0.311344
v -0.096395 0.500203 0.311344
v -0.096395 0.500203 0.311344
v -0.082876 0.509931 0.321956
v -0.082876 0.509931 0.321956
v -0.096013 0.523203 0.323995
v -0.096013 0.523203 0.323995
v -0.107816 0.511712 0.313120
v -0.107816 0.511712 0.313120
v -0.107816 0.511712 0.313120
v -0.094475 0.651576 0.331599
v -0.094475 0.651576 0.331599
v -0.106112 0.640244 0.330264
v -0.106112 0.640244 0.330264
v -0.106112 0.640244 0.330264
v -0.094555 0.625680 0.337630
v -0.094555 0.625680 0.337630
v -0.081168 0.638685 0.339152
v -0.081168 0.638685 0.339152
v 0.063843 0.621121 0.244736
v 0.063843 0.621121 0.244736
v 0.062711 0.553673 0.235829
v 0.062711 0.553673 0.235829
v -0.067380 0.554493 0.238293
v -0.067380 0.554493 0.238293
v -0.066263 0.621941 0.247200
v -0.066263 0.621941 0.247200
v 0.001015 0.608768 0.336380
v 0.001015 0.608768 0.336380
v 0.001401 0.650085 0.341817
v 0.001401 0.650085 0.341817
v 0.001559 0.637279 0.349620
v 0.001559 0.637279 0.349620
v 0.001418 0.621351 0.347768
v -0.000860 0.657422 0.262975
v -0.001210 0.620654 0.258004
v -0.000124 0.540011 0.327303
v -0.000124 0.540011 0.327303
v -0.000519 0.498713 0.321563
v -0.000519 0.498713 0.321563
v -0.000149 0.508525 0.332424
v -0.000149 0.508525 0.332424
v 0.000009 0.524358 0.334866
v -0.002685 0.516466 0.244129
v -0.002335 0.553206 0.249097
v -0.006972 0.594132 0.308856
v 0.002435 0.590176 0.309693
v 0.002435 0.590176 0.309693
v -0.006972 0.556751 0.307326
v 0.002435 0.560626 0.308483
v 0.002435 0.560626 0.308483
v -0.001631 0.587546 0.331482
v -0.001631 0.587546 0.331482
v -0.001631 0.587546 0.331482
v -0.009458 0.589257 0.332119
v -0.009458 0.589257 0.332119
v -0.009458 0.559708 0.330909
v -0.009458 0.559708 0.330909
v -0.001631 0.561465 0.330414
v -0.001631 0.561465 0.330414
v -0.001631 0.561465 0.330414
v -0.084293 0.594467 0.300663
v -0.084293 0.557087 0.299132
v -0.086779 0.589593 0.323925
v -0.086779 0.589593 0.323925
v -0.086779 0.560043 0.322715
v -0.086779 0.560043 0.322715
v -0.087110 0.574690 0.326435
v 0.006331 0.575384 0.309501
v -0.009789 0.574355 0.334629
v -0.000051 0.574442 0.332511
v -0.000051 0.574442 0.332511
v 0.157361 1.185807 0.081039
v 0.157361 1.185807 -0.081039
v 0.157361 1.023729 0.081039
v 0.157361 1.023729 -0.081039
v 0.934774 1.021030 0.079653
v 0.934774 1.180336 0.079653
v 0.934774 1.021030 -0.079653
v 0.934774 1.180336 -0.079653
v 0.798705 1.021029 0.079653
v 0.798705 1.180336 0.079653
v 0.798705 1.180336 0.079653
v 0.798705 1.180336 0.079653
v 0.798705 1.021030 -0.079653
v 0.798705 1.180336 -0.079653
v 0.798705 1.180336 -0.079653
v 0.798705 1.180336 -0.079653
v 0.462369 1.185373 0.080605
v 0.157361 1.208599 -0.036216
v 0.157361 1.208599 0.036216
v 0.462369 1.185373 -0.080605
v 0.157361 1.060450 -0.103831
v 0.157361 1.149086 -0.103831
v 0.462369 1.024163 -0.080605
v 0.157361 1.000937 0.036216
v 0.157361 1.000937 -0.036216
v 0.462369 1.024163 0.080605
v 0.157361 1.149086 0.103831
v 0.157361 1.060450 0.103831
v 0.946392 1.009411 -0.036216
v 0.946392 1.009411 -0.036216
v 0.946392 1.009411 0.036216
v 0.946392 1.009411 0.036216
v 0.946392 1.055331 0.091272
v 0.946392 1.147394 0.091272
v 0.946392 1.191955 0.036216
v 0.946392 1.191955 0.036216
v 0.946392 1.191955 -0.036216
v 0.946392 1.191955 -0.036216
v 0.946392 1.147394 -0.091272
v 0.946393 1.055331 -0.091272
v 0.835221 1.009411 -0.091272
v 0.110916 1.186081 0.036216
v 0.110916 1.186081 0.036216
v 0.904604 1.009411 -0.091272
v 0.904604 1.191955 -0.091272
v 0.110916 1.186081 -0.036216
v 0.110916 1.186081 -0.036216
v 0.835221 1.191955 -0.091272
v 0.835221 1.191955 -0.091272
v 0.798705 1.147394 -0.091272
v 0.798705 1.147394 -0.091272
v 0.798705 1.055331 -0.091272
v 0.798705 1.055331 -0.091272
v 0.798705 1.009411 0.036216
v 0.798705 1.009411 -0.036216
v 0.798705 1.191955 -0.036216
v 0.798705 1.191955 -0.036216
v 0.798705 1.191955 0.036216
v 0.798705 1.191955 0.036216
v 0.798705 1.147394 0.091272
v 0.798705 1.147394 0.091272
v 0.798705 1.055331 0.091272
v 0.798705 1.055331 0.091272
v 0.904604 1.009411 0.091272
v 0.110916 1.024030 -0.036216
v 0.110916 1.024030 -0.036216
v 0.835221 1.009411 0.091272
v 0.835221 1.191955 0.091272
v 0.835221 1.191955 0.091272
v 0.110916 1.024030 0.036216
v 0.110916 1.024030 0.036216
v 0.904604 1.191955 0.091272
v 0.462609 1.208049 0.036216
v 0.462609 1.208050 -0.036216
v 0.462609 1.148847 -0.103281
v 0.462609 1.060689 -0.103281
v 0.462609 1.001487 -0.036216
v 0.462609 1.001487 0.036216
v 0.462609 1.060689 0.103281
v 0.462609 1.148847 0.103281
v 0.971253 1.055331 0.036216
v 0.971253 1.147394 0.036216
v 0.971253 1.055331 -0.036216
v 0.971253 1.147394 -0.036216
v 0.904604 1.055331 -0.116133
v 0.904605 1.147394 -0.116133
v 0.110916 1.063103 -0.081025
v 0.110916 1.147008 -0.081025
v 0.835221 1.055331 -0.116133
v 0.835221 1.147394 -0.116133
v 0.088846 1.149767 0.036216
v 0.835221 1.055331 0.116133
v 0.088846 1.060344 0.036216
v 0.835221 1.147394 0.116133
v 0.088846 1.149767 -0.036216
v 0.904605 1.055331 0.116133
v 0.088846 1.060344 -0.036216
v 0.904604 1.147394 0.116133
v 0.904604 0.984550 -0.036216
v 0.121230 1.175766 -0.070711
v 0.835221 0.984550 -0.036216
v 0.904604 0.984550 0.036216
v 0.121230 1.034345 -0.070711
v 0.835221 0.984550 0.036216
v 0.835221 1.206119 -0.036216
v 0.121230 1.175766 0.070711
v 0.904604 1.206119 -0.036216
v 0.110916 1.063103 0.081025
v 0.110916 1.147008 0.081025
v 0.835221 1.206119 0.036216
v 0.121230 1.034345 0.070711
v 0.904604 1.206119 0.036216
v 0.767757 1.190260 0.085525
v 0.767757 1.190260 0.085525
v 0.767757 1.190260 -0.085524
v 0.767757 1.190260 -0.085524
v 0.767757 1.019211 -0.085524
v 0.767757 1.019211 -0.085524
v 0.767757 1.019210 0.085525
v 0.767757 1.019210 0.085525
v 0.767757 1.215768 0.036216
v 0.767757 1.215768 0.036216
v 0.767757 1.215768 -0.036216
v 0.767757 1.215768 -0.036216
v 0.767757 1.147733 -0.111033
v 0.767757 1.147733 -0.111033
v 0.767757 1.061737 -0.111033
v 0.767757 1.061737 -0.111033
v 0.767757 0.993702 -0.036216
v 0.767757 0.993702 -0.036216
v 0.767757 0.993702 0.036216
v 0.767757 0.993702 0.036216
v 0.767757 1.061737 0.111033
v 0.767757 1.061737 0.111033
v 0.767757 1.147733 0.111033
v 0.767757 1.147733 0.111033
v 0.544740 1.183855 0.079087
v 0.544740 1.183855 -0.079087
v 0.544740 1.025681 -0.079087
v 0.544740 1.025681 0.079087
v 0.544860 1.206126 0.036216
v 0.544860 1.206126 -0.036216
v 0.544860 1.148011 -0.101358
v 0.544860 1.061525 -0.101358
v 0.544860 1.003410 -0.036216
v 0.544860 1.003410 0.036216
v 0.544860 1.061525 0.101358
v 0.544860 1.148011 0.101358
v 0.157361 1.104768 -0.103831
v 0.157361 1.104768 0.103831
v 0.946392 1.103071 0.091272
v 0.946392 1.103071 -0.091272
v 0.798705 1.103071 -0.091272
v 0.798705 1.103071 -0.091272
v 0.798705 1.103071 0.091272
v 0.798705 1.103071 0.091272
v 0.462609 1.103071 -0.103281
v 0.462609 1.103071 0.103281
v 0.971253 1.103071 0.036216
v 0.971253 1.103071 -0.036216
v 0.904604 1.103071 -0.116133
v 0.835221 1.103071 -0.116133
v 0.088846 1.105056 -0.036216
v 0.835221 1.103071 0.116133
v 0.904604 1.103071 0.116133
v 0.110916 1.105056 -0.081025
v 0.088846 1.105056 0.036216
v 0.110916 1.105056 0.081025
v 0.767757 1.103268 -0.111033
v 0.767757 1.103268 -0.111033
v 0.767757 1.103268 0.111033
v 0.767757 1.103268 0.111033
v 0.544860 1.103071 0.101358
v 0.544860 1.103071 -0.101358
v 0.382664 1.185590 0.080822
v 0.382664 1.185590 0.080822
v 0.382664 1.185590 -0.080822
v 0.382664 1.185590 -0.080822
v 0.382664 1.023946 -0.080822
v 0.382664 1.023946 -0.080822
v 0.382664 1.023946 0.080822
v 0.382664 1.023946 0.080822
v 0.382784 1.208324 0.036216
v 0.382784 1.208324 0.036216
v 0.382784 1.208324 -0.036216
v 0.382784 1.208324 -0.036216
v 0.382784 1.148967 -0.103556
v 0.382784 1.148967 -0.103556
v 0.382784 1.060569 -0.103556
v 0.382784 1.060569 -0.103556
v 0.382784 1.001212 -0.036216
v 0.382784 1.001212 -0.036216
v 0.382784 1.001212 0.036216
v 0.382784 1.001212 0.036216
v 0.382784 1.060569 0.103556
v 0.382784 1.060569 0.103556
v 0.382784 1.148967 0.103556
v 0.382784 1.148967 0.103556
v 0.382784 1.104768 0.103556
v 0.382784 1.104768 0.103556
v 0.382784 1.104768 -0.103556
v 0.382784 1.104768 -0.103556
v 0.724615 1.103204 -0.122110
v 0.724615 1.057834 -0.121599
v 0.724615 1.226387 -0.038790
v 0.724615 1.011245 0.093500
v 0.724615 1.057834 0.121599
v 0.724615 1.011246 -0.093500
v 0.724615 1.198246 -0.093500
v 0.270012 1.185698 0.080930
v 0.270012 1.185698 0.080930
v 0.270072 1.104768 0.103694
v 0.270072 1.104768 0.103694
v 0.270072 1.104768 -0.103694
v 0.270072 1.104768 -0.103694
v 0.270012 1.185698 -0.080930
v 0.270012 1.185698 -0.080930
v 0.270012 1.023838 -0.080930
v 0.270012 1.023838 -0.080930
v 0.270012 1.023838 0.080930
v 0.270012 1.023838 0.080930
v 0.270072 1.208462 0.036216
v 0.270072 1.208462 0.036216
v 0.270072 1.208462 -0.036216
v 0.270072 1.208462 -0.036216
v 0.270072 1.149026 -0.103694
v 0.270072 1.149026 -0.103694
v 0.270072 1.060510 -0.103694
v 0.270072 1.060510 -0.103694
v 0.270072 1.001075 -0.036216
v 0.270072 1.001075 -0.036216
v 0.270072 1.001074 0.036216
v 0.270072 1.001074 0.036216
v 0.270072 1.060510 0.103694
v 0.270072 1.060510 0.103694
v 0.270072 1.149026 0.103694
v 0.270072 1.149026 0.103694
v 0.724615 1.151658 -0.121599
v 0.724615 1.226387 0.038790
v 0.724615 1.151658 0.121599
v 0.724615 0.983147 -0.038790
v 0.724615 0.983147 0.038790
v 0.724615 1.103204 0.122110
v 0.724615 1.198246 0.093500
v 0.678565 1.203935 -0.099193
v 0.678565 1.203935 -0.099193
v 0.660447 1.180831 -0.074393
v 0.660447 1.180831 -0.074393
v 0.678566 1.005549 -0.099193
v 0.678566 1.005549 -0.099193
v 0.660447 1.032046 -0.074393
v 0.660447 1.032046 -0.074393
v 0.678566 1.005549 0.099193
v 0.678566 1.005549 0.099193
v 0.660447 1.032046 0.074393
v 0.660447 1.032046 0.074393
v 0.660416 1.105308 0.098296
v 0.660416 1.105308 0.098296
v 0.678514 1.103232 0.131034
v 0.678514 1.103232 0.131034
v 0.678514 1.103232 -0.131034
v 0.678514 1.103232 -0.131034
v 0.660416 1.105308 -0.098296
v 0.660416 1.105308 -0.098296
v 0.660447 1.180831 0.074393
v 0.660447 1.180831 0.074393
v 0.678565 1.203935 0.099193
v 0.678565 1.203935 0.099193
v 0.660471 1.203521 0.036216
v 0.660471 1.203521 0.036216
v 0.678585 1.234261 0.036216
v 0.678585 1.234261 0.036216
v 0.678585 1.234261 -0.036216
v 0.678585 1.234261 -0.036216
v 0.660471 1.203521 -0.036216
v 0.660471 1.203521 -0.036216
v 0.660471 1.143612 -0.097082
v 0.660471 1.143612 -0.097082
v 0.678596 1.154313 -0.129437
v 0.678596 1.154313 -0.129437
v 0.678596 1.055171 -0.129437
v 0.678596 1.055171 -0.129437
v 0.660471 1.069265 -0.097082
v 0.660471 1.069265 -0.097082
v 0.678596 0.975305 -0.036216
v 0.678596 0.975305 -0.036216
v 0.660471 1.009356 -0.036216
v 0.660471 1.009356 -0.036216
v 0.660471 1.009356 0.036216
v 0.660471 1.009356 0.036216
v 0.678596 0.975305 0.036216
v 0.678596 0.975305 0.036216
v 0.660471 1.069265 0.097082
v 0.660471 1.069265 0.097082
v 0.678596 1.055171 0.129437
v 0.678596 1.055171 0.129437
v 0.678596 1.154313 0.129437
v 0.678596 1.154313 0.129437
v 0.660471 1.143612 0.097082
v 0.660471 1.143612 0.097082
v 0.609346 1.150163 0.110039
v 0.609346 1.150163 0.110039
v 0.599312 1.145849 0.099256
v 0.599312 1.145849 0.099256
v 0.609321 1.104097 0.110736
v 0.609321 1.104097 0.110736
v 0.599287 1.104171 0.099853
v 0.599287 1.104171 0.099853
v 0.609346 1.061145 0.110039
v 0.609346 1.061145 0.110039
v 0.599312 1.065329 0.099256
v 0.599312 1.065329 0.099256
v 0.609276 1.020574 0.085081
v 0.609276 1.020574 0.085081
v 0.599249 1.028810 0.076779
v 0.599249 1.028810 0.076779
v 0.609350 0.995616 0.040196
v 0.609350 0.995616 0.040196
v 0.599311 1.006333 0.036216
v 0.599311 1.006333 0.036216
v 0.609350 0.995616 -0.040195
v 0.609350 0.995616 -0.040195
v 0.599311 1.006333 -0.036216
v 0.599311 1.006333 -0.036216
v 0.609276 1.020574 -0.085081
v 0.609276 1.020574 -0.085081
v 0.599249 1.028810 -0.076779
v 0.599249 1.028810 -0.076779
v 0.609346 1.061145 -0.110039
v 0.609346 1.061145 -0.110039
v 0.599312 1.065329 -0.099256
v 0.599312 1.065329 -0.099256
v 0.609321 1.104097 -0.110736
v 0.609321 1.104097 -0.110736
v 0.599287 1.104171 -0.099853
v 0.599287 1.104171 -0.099853
v 0.609346 1.150163 -0.110039
v 0.609346 1.150163 -0.110039
v 0.599312 1.145849 -0.099256
v 0.599312 1.145849 -0.099256
v 0.609277 1.190735 -0.085081
v 0.609277 1.190735 -0.085081
v 0.599249 1.182369 -0.076779
v 0.599249 1.182369 -0.076779
v 0.609349 1.215693 -0.040195
v 0.609349 1.215693 -0.040195
v 0.599311 1.204846 -0.036216
v 0.599311 1.204846 -0.036216
v 0.609349 1.215693 0.040196
v 0.609349 1.215693 0.040196
v 0.599311 1.204846 0.036216
v 0.599311 1.204846 0.036216
v 0.599249 1.182369 0.076780
v 0.599249 1.182369 0.076780
v 0.609277 1.190735 0.085081
v 0.609277 1.190735 0.085081
v 0.279915 1.210001 -0.103263
v 0.279915 1.210001 -0.103263
v 0.372870 1.209892 -0.103156
v 0.372870 1.209892 -0.103156
v 0.279915 0.999535 -0.103263
v 0.279915 0.999535 -0.103263
v 0.372870 0.999644 -0.103156
v 0.372870 0.999644 -0.103156
v 0.279915 0.999535 0.103264
v 0.279915 0.999535 0.103264
v 0.372870 0.999644 0.103156
v 0.372870 0.999644 0.103156
v 0.279963 1.240556 0.043921
v 0.279963 1.240556 0.043921
v 0.372967 1.240420 0.043915
v 0.372967 1.240420 0.043915
v 0.279963 1.240556 -0.043921
v 0.279963 1.240556 -0.043921
v 0.372967 1.240420 -0.043915
v 0.372967 1.240420 -0.043915
v 0.279965 1.158082 -0.135433
v 0.279965 1.158082 -0.135433
v 0.372969 1.158008 -0.135300
v 0.372969 1.158008 -0.135300
v 0.279965 1.051454 -0.135433
v 0.279965 1.051454 -0.135433
v 0.372969 1.051528 -0.135300
v 0.372969 1.051528 -0.135300
v 0.279963 0.968980 -0.043921
v 0.279963 0.968980 -0.043921
v 0.372967 0.969116 -0.043915
v 0.372967 0.969116 -0.043915
v 0.279963 0.968980 0.043921
v 0.279963 0.968980 0.043921
v 0.372967 0.969116 0.043915
v 0.372967 0.969116 0.043915
v 0.279965 1.051454 0.135433
v 0.279965 1.051454 0.135433
v 0.372969 1.051528 0.135300
v 0.372969 1.051528 0.135300
v 0.279965 1.158082 0.135433
v 0.279965 1.158082 0.135433
v 0.372969 1.158008 0.135300
v 0.372969 1.158008 0.135300
v 0.372966 1.104768 -0.136562
v 0.372966 1.104768 -0.136562
v 0.372966 1.104768 0.136562
v 0.372966 1.104768 0.136562
v 0.372870 1.209892 0.103156
v 0.372870 1.209892 0.103156
v 0.279915 1.210001 0.103264
v 0.279915 1.210001 0.103264
v 0.279962 1.104768 0.136700
v 0.279962 1.104768 0.136700
v 0.279962 1.104768 -0.136700
v 0.279962 1.104768 -0.136700
v 0.213687 1.185753 0.080985
v 0.213717 1.104768 0.103762
v 0.213717 1.104768 -0.103762
v 0.213687 1.185753 -0.080985
v 0.213687 1.023783 -0.080985
v 0.213687 1.023783 0.080985
v 0.213717 1.208530 0.036216
v 0.213717 1.208530 -0.036216
v 0.213717 1.149056 -0.103762
v 0.213717 1.060480 -0.103762
v 0.213717 1.001006 -0.036216
v 0.213717 1.001006 0.036216
v 0.213717 1.060480 0.103762
v 0.213717 1.149056 0.103762
v 0.326378 1.214474 -0.107652
v 0.326378 0.995063 -0.107652
v 0.326378 0.995063 0.107652
v 0.326470 1.246329 0.045809
v 0.326470 1.246330 -0.045808
v 0.326473 1.160339 -0.141193
v 0.326473 1.049198 -0.141193
v 0.326470 0.963207 -0.045808
v 0.326470 0.963207 0.045809
v 0.326473 1.049198 0.141193
v 0.326473 1.160339 0.141193
v 0.326378 1.214474 0.107652
v 0.326469 1.104768 0.142512
v 0.326469 1.104768 -0.142512
v -0.157361 1.185807 0.081039
v -0.157361 1.185807 -0.081039
v -0.157361 1.023729 0.081039
v -0.157361 1.023729 -0.081039
v -0.934774 1.021030 0.079653
v -0.934774 1.180336 0.079653
v -0.934774 1.021030 -0.079653
v -0.934774 1.180336 -0.079653
v -0.798705 1.021029 0.079653
v -0.798705 1.180336 0.079653
v -0.798705 1.180336 0.079653
v -0.798705 1.180336 0.079653
v -0.798705 1.021029 -0.079653
v -0.798705 1.180336 -0.079653
v -0.798705 1.180336 -0.079653
v -0.798705 1.180336 -0.079653
v -0.462369 1.185373 0.080605
v -0.157361 1.208599 -0.036216
v -0.157361 1.208599 0.036216
v -0.462369 1.185373 -0.080605
v -0.157361 1.060450 -0.103831
v -0.157361 1.149086 -0.103831
v -0.462369 1.024163 -0.080605
v -0.157361 1.000937 0.036216
v -0.157361 1.000937 -0.036216
v -0.462369 1.024163 0.080605
v -0.157361 1.149086 0.103831
v -0.157361 1.060450 0.103831
v -0.946392 1.009411 -0.036216
v -0.946392 1.009411 -0.036216
v -0.946392 1.009411 0.036216
v -0.946392 1.009411 0.036216
v -0.946392 1.055331 0.091272
v -0.946392 1.147394 0.091272
v -0.946392 1.191955 0.036216
v -0.946392 1.191955 0.036216
v -0.946392 1.191955 -0.036216
v -0.946392 1.191955 -0.036216
v -0.946392 1.147394 -0.091272
v -0.946393 1.055331 -0.091272
v -0.835221 1.009411 -0.091272
v -0.110916 1.186081 0.036216
v -0.110916 1.186081 0.036216
v -0.904604 1.009411 -0.091272
v -0.904604 1.191955 -0.091272
v -0.110916 1.186081 -0.036216
v -0.110916 1.186081 -0.036216
v -0.835221 1.191955 -0.091272
v -0.835221 1.191955 -0.091272
v -0.798705 1.147394 -0.091272
v -0.798705 1.147394 -0.091272
v -0.798705 1.055331 -0.091272
v -0.798705 1.055331 -0.091272
v -0.798705 1.009411 0.036216
v -0.798705 1.009411 -0.036216
v -0.798705 1.191955 -0.036216
v -0.798705 1.191955 -0.036216
v -0.798705 1.191955 0.036216
v -0.798705 1.191955 0.036216
v -0.798705 1.147394 0.091272
v -0.798705 1.147394 0.091272
v -0.798705 1.055331 0.091272
v -0.798705 1.055331 0.091272
v -0.904604 1.009411 0.091272
v -0.110916 1.024030 -0.036216
v -0.110916 1.024030 -0.036216
v -0.835221 1.009411 0.091272
v -0.835221 1.191955 0.091272
v -0.835221 1.191955 0.091272
v -0.110916 1.024030 0.036216
v -0.110916 1.024030 0.036216
v -0.904604 1.191955 0.091272
v -0.462609 1.208049 0.036216
v -0.462609 1.208050 -0.036216
v -0.462609 1.148847 -0.103281
v -0.462609 1.060689 -0.103281
v -0.462609 1.001487 -0.036216
v -0.462609 1.001487 0.036216
v -0.462609 1.060689 0.103281
v -0.462609 1.148847 0.103281
v -0.971253 1.055331 0.036216
v -0.971253 1.147394 0.036216
v -0.971253 1.055331 -0.036216
v -0.971253 1.147394 -0.036216
v -0.904604 1.055331 -0.116133
v -0.904604 1.147394 -0.116133
v -0.110916 1.063103 -0.081025
v -0.110916 1.147008 -0.081025
v -0.835221 1.055331 -0.116133
v -0.835221 1.147394 -0.116133
v -0.088846 1.149767 0.036216
v -0.835221 1.055331 0.116133
v -0.088846 1.060344 0.036216
v -0.835221 1.147394 0.116133
v -0.088846 1.149767 -0.036216
v -0.904605 1.055331 0.116133
v -0.088846 1.060344 -0.036216
v -0.904604 1.147394 0.116133
v -0.904604 0.984550 -0.036216
v -0.121230 1.175766 -0.070711
v -0.835221 0.984550 -0.036216
v -0.904604 0.984550 0.036216
v -0.121230 1.034345 -0.070711
v -0.835221 0.984550 0.036216
v -0.835221 1.206119 -0.036216
v -0.121230 1.175766 0.070711
v -0.904604 1.206119 -0.036216
v -0.110916 1.063103 0.081025
v -0.110916 1.147008 0.081025
v -0.835221 1.206119 0.036216
v -0.121230 1.034345 0.070711
v -0.904604 1.206119 0.036216
v -0.767757 1.190260 0.085525
v -0.767757 1.190260 0.085525
v -0.767757 1.190260 -0.085524
v -0.767757 1.190260 -0.085524
v -0.767757 1.019211 -0.085524
v -0.767757 1.019211 -0.085524
v -0.767757 1.019210 0.085525
v -0.767757 1.019210 0.085525
v -0.767757 1.215768 0.036216
v -0.767757 1.215768 0.036216
v -0.767757 1.215768 -0.036216
v -0.767757 1.215768 -0.036216
v -0.767757 1.147733 -0.111033
v -0.767757 1.147733 -0.111033
v -0.767757 1.061737 -0.111033
v -0.767757 1.061737 -0.111033
v -0.767757 0.993702 -0.036216
v -0.767757 0.993702 -0.036216
v -0.767757 0.993702 0.036216
v -0.767757 0.993702 0.036216
v -0.767757 1.061737 0.111033
v -0.767757 1.061737 0.111033
v -0.767757 1.147733 0.111033
v -0.767757 1.147733 0.111033
v -0.544740 1.183855 0.079087
v -0.544740 1.183855 -0.079087
v -0.544740 1.025681 -0.079087
v -0.544740 1.025681 0.079087
v -0.544860 1.206126 0.036216
v -0.544860 1.206126 -0.036216
v -0.544860 1.148011 -0.101358
v -0.544860 1.061525 -0.101358
v -0.544860 1.003410 -0.036216
v -0.544860 1.003410 0.036216
v -0.544860 1.061525 0.101358
v -0.544860 1.148011 0.101358
v -0.157361 1.104768 -0.103831
v -0.157361 1.104768 0.103831
v -0.946392 1.103071 0.091272
v -0.946392 1.103071 -0.091272
v -0.798705 1.103071 -0.091272
v -0.798705 1.103071 -0.091272
v -0.798705 1.103071 0.091272
v -0.798705 1.103071 0.091272
v -0.462609 1.103071 -0.103281
v -0.462609 1.103071 0.103281
v -0.971253 1.103071 0.036216
v -0.971253 1.103071 -0.036216
v -0.904604 1.103071 -0.116133
v -0.835221 1.103071 -0.116133
v -0.088846 1.105056 -0.036216
v -0.835221 1.103071 0.116133
v -0.904604 1.103071 0.116133
v -0.110916 1.105056 -0.081025
v -0.088846 1.105056 0.036216
v -0.110916 1.105056 0.081025
v -0.767757 1.103268 -0.111033
v -0.767757 1.103268 -0.111033
v -0.767757 1.103268 0.111033
v -0.767757 1.103268 0.111033
v -0.544860 1.103071 0.101358
v -0.544860 1.103071 -0.101358
v -0.382664 1.185590 0.080822
v -0.382664 1.185590 0.080822
v -0.382664 1.185590 -0.080822
v -0.382664 1.185590 -0.080822
v -0.382664 1.023946 -0.080822
v -0.382664 1.023946 -0.080822
v -0.382664 1.023946 0.080822
v -0.382664 1.023946 0.080822
v -0.382784 1.208324 0.036216
v -0.382784 1.208324 0.036216
v -0.382784 1.208324 -0.036216
v -0.382784 1.208324 -0.036216
v -0.382784 1.148967 -0.103556
v -0.382784 1.148967 -0.103556
v -0.382784 1.060569 -0.103556
v -0.382784 1.060569 -0.103556
v -0.382784 1.001212 -0.036216
v -0.382784 1.001212 -0.036216
v -0.382784 1.001212 0.036216
v -0.382784 1.001212 0.036216
v -0.382784 1.060569 0.103556
v -0.382784 1.060569 0.103556
v -0.382784 1.148967 0.103556
v -0.382784 1.148967 0.103556
v -0.382784 1.104768 0.103556
v -0.382784 1.104768 0.103556
v -0.382784 1.104768 -0.103556
v -0.382784 1.104768 -0.103556
v -0.724615 1.103204 -0.122110
v -0.724615 1.057834 -0.121599
v -0.724615 1.226387 -0.038790
v -0.724615 1.011245 0.093500
v -0.724615 1.057834 0.121599
v -0.724615 1.011246 -0.093500
v -0.724615 1.198246 -0.093500
v -0.270012 1.185698 0.080930
v -0.270012 1.185698 0.080930
v -0.270072 1.104768 0.103694
v -0.270072 1.104768 0.103694
v -0.270072 1.104768 -0.103694
v -0.270072 1.104768 -0.103694
v -0.270012 1.185698 -0.080930
v -0.270012 1.185698 -0.080930
v -0.270012 1.023838 -0.080930
v -0.270012 1.023838 -0.080930
v -0.270012 1.023838 0.080930
v -0.270012 1.023838 0.080930
v -0.270072 1.208462 0.036216
v -0.270072 1.208462 0.036216
v -0.270072 1.208462 -0.036216
v -0.270072 1.208462 -0.036216
v -0.270072 1.149026 -0.103694
v -0.270072 1.149026 -0.103694
v -0.270072 1.060510 -0.103694
v -0.270072 1.060510 -0.103694
v -0.270072 1.001075 -0.036216
v -0.270072 1.001075 -0.036216
v -0.270072 1.001074 0.036216
v -0.270072 1.001074 0.036216
v -0.270072 1.060510 0.103694
v -0.270072 1.060510 0.103694
v -0.270072 1.149026 0.103694
v -0.270072 1.149026 0.103694
v -0.724615 1.151658 -0.121599
v -0.724615 1.226387 0.038790
v -0.724615 1.151658 0.121599
v -0.724615 0.983147 -0.038790
v -0.724615 0.983147 0.038790
v -0.724615 1.103204 0.122110
v -0.724615 1.198246 0.093500
v -0.678565 1.203935 -0.099193
v -0.678565 1.203935 -0.099193
v -0.660447 1.180831 -0.074393
v -0.660447 1.180831 -0.074393
v -0.678566 1.005549 -0.099193
v -0.678566 1.005549 -0.099193
v -0.660447 1.032046 -0.074393
v -0.660447 1.032046 -0.074393
v -0.678566 1.005549 0.099193
v -0.678566 1.005549 0.099193
v -0.660447 1.032046 0.074393
v -0.660447 1.032046 0.074393
v -0.660416 1.105308 0.098296
v -0.660416 1.105308 0.098296
v -0.678514 1.103232 0.131034
v -0.678514 1.103232 0.131034
v -0.678514 1.103232 -0.131034
v -0.678514 1.103232 -0.131034
v -0.660416 1.105308 -0.098296
v -0.660416 1.105308 -0.098296
v -0.660447 1.180831 0.074393
v -0.660447 1.180831 0.074393
v -0.678565 1.203935 0.099193
v -0.678565 1.203935 0.099193
v -0.660471 1.203521 0.036216
v -0.660471 1.203521 0.036216
v -0.678585 1.234261 0.036216
v -0.678585 1.234261 0.036216
v -0.678585 1.234261 -0.036216
v -0.678585 1.234261 -0.036216
v -0.660471 1.203521 -0.036216
v -0.660471 1.203521 -0.036216
v -0.660471 1.143612 -0.097082
v -0.660471 1.143612 -0.097082
v -0.678596 1.154313 -0.129437
v -0.678596 1.154313 -0.129437
v -0.678596 1.055171 -0.129437
v -0.678596 1.055171 -0.129437
v -0.660471 1.069265 -0.097082
v -0.660471 1.069265 -0.097082
v -0.678596 0.975305 -0.036216
v -0.678596 0.975305 -0.036216
v -0.660471 1.009356 -0.036216
v -0.660471 1.009356 -0.036216
v -0.660471 1.009356 0.036216
v -0.660471 1.009356 0.036216
v -0.678596 0.975305 0.036216
v -0.678596 0.975305 0.036216
v -0.660471 1.069265 0.097082
v -0.660471 1.069265 0.097082
v -0.678596 1.055171 0.129437
v -0.678596 1.055171 0.129437
v -0.678596 1.154313 0.129437
v -0.678596 1.154313 0.129437
v -0.660471 1.143612 0.097082
v -0.660471 1.143612 0.097082
v -0.609346 1.150163 0.110039
v -0.609346 1.150163 0.110039
v -0.599312 1.145849 0.099256
v -0.599312 1.145849 0.099256
v -0.609321 1.104097 0.110736
v -0.609321 1.104097 0.110736
v -0.599287 1.104171 0.099853
v -0.599287 1.104171 0.099853
v -0.609346 1.061145 0.110039
v -0.609346 1.061145 0.110039
v -0.599312 1.065329 0.099256
v -0.599312 1.065329 0.099256
v -0.609276 1.020574 0.085081
v -0.609276 1.020574 0.085081
v -0.599249 1.028810 0.076779
v -0.599249 1.028810 0.076779
v -0.609350 0.995616 0.040196
v -0.609350 0.995616 0.040196
v -0.599311 1.006333 0.036216
v -0.599311 1.006333 0.036216
v -0.609350 0.995616 -0.040195
v -0.609350 0.995616 -0.040195
v -0.599311 1.006333 -0.036216
v -0.599311 1.006333 -0.036216
v -0.609276 1.020574 -0.085081
v -0.609276 1.020574 -0.085081
v -0.599249 1.028810 -0.076779
v -0.599249 1.028810 -0.076779
v -0.609346 1.061145 -0.110039
v -0.609346 1.061145 -0.110039
v -0.599312 1.065329 -0.099256
v -0.599312 1.065329 -0.099256
v -0.609321 1.104097 -0.110736
v -0.609321 1.104097 -0.110736
v -0.599287 1.104171 -0.099853
v -0.599287 1.104171 -0.099853
v -0.609346 1.150163 -0.110039
v -0.609346 1.150163 -0.110039
v -0.599312 1.145849 -0.099256
v -0.599312 1.145849 -0.099256
v -0.609277 1.190735 -0.085081
v -0.609277 1.190735 -0.085081
v -0.599249 1.182369 -0.076779
v -0.599249 1.182369 -0.076779
v -0.609349 1.215693 -0.040195
v -0.609349 1.215693 -0.040195
v -0.599311 1.204846 -0.036216
v -0.599311 1.204846 -0.036216
v -0.609349 1.215693 0.040196
v -0.609349 1.215693 0.040196
v -0.599311 1.204846 0.036216
v -0.599311 1.204846 0.036216
v -0.599249 1.182369 0.076780
v -0.599249 1.182369 0.076780
v -0.609277 1.190735 0.085081
v -0.609277 1.190735 0.085081
v -0.279915 1.210001 -0.103263
v -0.279915 1.210001 -0.103263
v -0.372870 1.209892 -0.103156
v -0.372870 1.209892 -0.103156
v -0.279915 0.999535 -0.103263
v -0.279915 0.999535 -0.103263
v -0.372870 0.999644 -0.103156
v -0.372870 0.999644 -0.103156
v -0.279915 0.999535 0.103264
v -0.279915 0.999535 0.103264
v -0.372870 0.999644 0.103156
v -0.372870 0.999644 0.103156
v -0.279963 1.240556 0.043921
v -0.279963 1.240556 0.043921
v -0.372967 1.240420 0.043915
v -0.372967 1.240420 0.043915
v -0.279963 1.240556 -0.043921
v -0.279963 1.240556 -0.043921
v -0.372967 1.240420 -0.043915
v -0.372967 1.240420 -0.043915
v -0.279965 1.158082 -0.135433
v -0.279965 1.158082 -0.135433
v -0.372969 1.158008 -0.135300
v -0.372969 1.158008 -0.135300
v -0.279965 1.051454 -0.135433
v -0.279965 1.051454 -0.135433
v -0.372969 1.051528 -0.135300
v -0.372969 1.051528 -0.135300
v -0.279963 0.968980 -0.043921
v -0.279963 0.968980 -0.043921
v -0.372967 0.969116 -0.043915
v -0.372967 0.969116 -0.043915
v -0.279963 0.968980 0.043921
v -0.279963 0.968980 0.043921
v -0.372967 0.969116 0.043915
v -0.372967 0.969116 0.043915
v -0.279965 1.051454 0.135433
v -0.279965 1.051454 0.135433
v -0.372969 1.051528 0.135300
v -0.372969 1.051528 0.135300
v -0.279965 1.158082 0.135433
v -0.279965 1.158082 0.135433
v -0.372969 1.158008 0.135300
v -0.372969 1.158008 0.135300
v -0.372966 1.104768 -0.136562
v -0.372966 1.104768 -0.136562
v -0.372966 1.104768 0.136562
v -0.372966 1.104768 0.136562
v -0.372870 1.209892 0.103156
v -0.372870 1.209892 0.103156
v -0.279915 1.210001 0.103264
v -0.279915 1.210001 0.103264
v -0.279962 1.104768 0.136700
v -0.279962 1.104768 0.136700
v -0.279962 1.104768 -0.136700
v -0.279962 1.104768 -0.136700
v -0.213687 1.185753 0.080985
v -0.213717 1.104768 0.103762
v -0.213717 1.104768 -0.103762
v -0.213687 1.185753 -0.080985
v -0.213687 1.023783 -0.080985
v -0.213687 1.023783 0.080985
v -0.213717 1.208530 0.036216
v -0.213717 1.208530 -0.036216
v -0.213717 1.149056 -0.103762
v -0.213717 1.060480 -0.103762
v -0.213717 1.001006 -0.036216
v -0.213717 1.001006 0.036216
v -0.213717 1.060480 0.103762
v -0.213717 1.149056 0.103762
v -0.326378 1.214474 -0.107652
v -0.326378 0.995063 -0.107652
v -0.326378 0.995063 0.107652
v -0.326470 1.246329 0.045809
v -0.326470 1.246330 -0.045808
v -0.326473 1.160339 -0.141193
v -0.326473 1.049198 -0.141193
v -0.326470 0.963207 -0.045808
v -0.326470 0.963207 0.045809
v -0.326473 1.049198 0.141193
v -0.326473 1.160339 0.141193
v -0.326378 1.214474 0.107652
v -0.326469 1.104768 0.142512
v -0.326469 1.104768 -0.142512
v 0.444372 1.492965 0.015073
v 0.444372 1.492965 0.015073
v -0.000000 1.880913 0.422300
v -0.000000 1.880913 0.422300
v -0.000000 1.880913 0.422300
v 0.220511 1.751257 0.381912
v 0.220511 1.751257 0.381912
v 0.364322 1.664385 0.244580
v 0.364322 1.664385 0.244580
v 0.364322 1.664385 0.244580
v 0.390597 1.369654 0.015073
v 0.390597 1.369654 0.015073
v 0.325283 1.289792 0.015073
v 0.325283 1.289792 0.015073
v 0.434447 1.609649 0.116521
v 0.434447 1.609649 0.116521
v 0.173362 1.238944 0.268311
v 0.429200 1.496004 0.115000
v 0.384811 1.385061 0.103106
v 0.297952 1.289792 0.123410
v 0.390816 1.615802 0.225630
v 0.384811 1.496004 0.222163
v 0.319103 1.615802 0.319089
v 0.225644 1.615802 0.390802
v 0.116809 1.615802 0.435883
v -0.000000 1.615802 0.451260
v -0.000000 1.496004 0.444326
v 0.212321 1.227805 0.122576
v 0.352836 1.385693 0.224693
v -0.000000 1.289792 0.395161
v 0.084200 1.289792 0.384077
v 0.314200 1.496004 0.314186
v 0.281709 1.389234 0.295454
v 0.222177 1.496004 0.384798
v 0.115014 1.496004 0.429186
v 0.162655 1.289792 0.351583
v 0.230021 1.289792 0.299891
v 0.116865 1.412514 0.398917
v 0.116865 1.412514 0.398917
v 0.192297 1.393924 0.373329
v -0.000000 1.238944 0.348179
v 0.063464 1.238944 0.339826
v 0.122590 1.238944 0.310820
v -0.000000 1.227123 0.015073
v 0.239596 1.227746 0.015073
v 0.239596 1.227746 0.015073
v 0.122590 1.227746 0.212307
v -0.000000 1.227746 0.239582
v 0.114152 1.733100 0.425968
v -0.000000 1.733100 0.440995
v 0.160996 1.802964 0.398070
v 0.160996 1.802964 0.398070
v 0.047248 1.418601 0.416729
v 0.047248 1.418601 0.416729
v 0.047254 1.385108 0.436125
v 0.047254 1.385108 0.436125
v -0.444372 1.492965 0.015073
v -0.444372 1.492965 0.015073
v -0.220511 1.751257 0.381912
v -0.220511 1.751257 0.381912
v -0.364322 1.664385 0.244580
v -0.364322 1.664385 0.244580
v -0.364322 1.664385 0.244580
v -0.390597 1.369654 0.015073
v -0.390597 1.369654 0.015073
v -0.325283 1.289792 0.015073
v -0.325283 1.289792 0.015073
v -0.434447 1.609649 0.116521
v -0.434447 1.609649 0.116521
v -0.173362 1.238944 0.268311
v -0.429200 1.496004 0.115000
v -0.384811 1.385061 0.103106
v -0.297952 1.289792 0.123410
v -0.390816 1.615802 0.225630
v -0.384811 1.496004 0.222163
v -0.319103 1.615802 0.319089
v -0.225644 1.615802 0.390802
v -0.116809 1.615802 0.435883
v -0.212321 1.227805 0.122576
v -0.352836 1.385693 0.224693
v -0.084200 1.289792 0.384077
v -0.314200 1.496004 0.314186
v -0.281709 1.389234 0.295454
v -0.222177 1.496004 0.384798
v -0.115014 1.496004 0.429186
v -0.162655 1.289792 0.351583
v -0.230021 1.289792 0.299891
v -0.116865 1.412514 0.398917
v -0.116865 1.412514 0.398917
v -0.192297 1.393924 0.373329
v -0.063464 1.238944 0.339826
v -0.122590 1.238944 0.310820
v -0.239596 1.227746 0.015073
v -0.239596 1.227746 0.015073
v -0.122590 1.227746 0.212307
v -0.114152 1.733100 0.425968
v -0.160996 1.802964 0.398070
v -0.160996 1.802964 0.398070
v -0.047248 1.418601 0.416729
v -0.047248 1.418601 0.416729
v -0.047254 1.385108 0.436125
v -0.047254 1.385108 0.436125
v 0.100389 1.764027 0.553747
v 0.100389 1.764027 0.553747
v 0.105480 2.030614 0.433554
v 0.123607 2.207693 0.058846
v 0.136571 2.194646 -0.207344
v 0.036894 2.093615 -0.528177
v -0.000000 1.897429 -0.440538
v 0.175004 1.215874 -0.167138
v 0.179779 2.072093 -0.321924
v 0.179779 2.072093 -0.321924
v 0.296400 1.972388 0.355330
v 0.322981 2.122648 0.026154
v 0.262984 2.091700 -0.218882
v 0.405826 1.611987 0.405789
v 0.405826 1.611987 0.405789
v 0.425837 1.822248 0.250942
v 0.455069 1.943154 -0.006472
v 0.373025 1.939999 -0.233786
v 0.305126 1.914140 -0.330664
v 0.138171 1.842458 -0.442421
v 0.454555 1.482232 0.375675
v 0.454555 1.482232 0.375675
v 0.518193 1.566409 0.187756
v 0.548970 1.673325 -0.048485
v 0.416086 1.732421 -0.253639
v 0.337530 1.743006 -0.341825
v 0.189032 1.765328 -0.434038
v 0.418639 1.348393 0.366855
v 0.418639 1.348393 0.366855
v 0.515660 1.349886 0.110230
v 0.541292 1.403937 -0.094140
v 0.420124 1.504200 -0.297027
v 0.335193 1.542156 -0.375361
v 0.193145 1.640008 -0.428703
v 0.362226 1.276510 0.374518
v 0.362226 1.276510 0.374518
v 0.489163 1.277182 0.097849
v 0.515963 1.322817 -0.116090
v 0.150314 1.226971 0.422050
v 0.150314 1.226971 0.422050
v 0.260307 1.215874 0.054425
v 0.299798 1.347804 -0.321742
v 0.243448 1.405588 -0.390455
v 0.136507 1.548227 -0.439310
v 0.109179 2.137152 0.309133
v 0.304767 2.050390 0.230154
v 0.437590 1.882248 0.157215
v 0.543350 1.608326 0.103493
v 0.089378 1.901460 0.527030
v 0.282163 1.846978 0.431216
v 0.422318 1.724864 0.338518
v 0.487747 1.518172 0.287526
v 0.462401 1.330322 0.262741
v 0.422796 1.249825 0.260403
v 0.165057 1.207567 0.218009
v 0.397838 1.239550 0.077431
v 0.424516 1.266680 -0.137071
v 0.251608 1.239442 0.406920
v 0.251608 1.239442 0.406920
v 0.316240 1.215285 0.316415
v 0.106906 1.733916 0.515276
v 0.106906 1.733916 0.515276
v 0.379349 1.598300 0.383301
v 0.379349 1.598300 0.383301
v 0.422814 1.482562 0.356440
v 0.422814 1.482562 0.356440
v 0.391815 1.362051 0.348572
v 0.391815 1.362051 0.348572
v 0.340459 1.299062 0.355408
v 0.340459 1.299062 0.355408
v 0.151437 1.254875 0.397805
v 0.151437 1.254875 0.397805
v 0.241790 1.265998 0.384310
v 0.241790 1.265998 0.384310
v 0.203997 1.223092 -0.019028
v -0.000000 1.793479 0.589140
v -0.000000 1.793479 0.589140
v -0.000000 1.793479 0.589140
v -0.000000 1.793479 0.589140
v -0.000000 1.793479 0.589140
v -0.000000 2.047594 0.450194
v -0.000000 2.047594 0.450194
v -0.000000 2.245523 0.067633
v -0.000000 2.245523 0.067633
v 0.000003 1.215874 -0.216084
v -0.000000 1.211132 0.406669
v -0.000000 1.211132 0.406669
v 0.000000 1.267041 -0.318206
v 0.000000 1.326906 -0.385059
v 0.000000 1.494882 -0.439950
v 0.000000 2.251241 -0.199411
v 0.000000 2.251241 -0.199411
v 0.000000 2.251241 -0.199411
v -0.000000 2.149007 0.308809
v -0.000000 2.149007 0.308809
v -0.000000 1.921623 0.568371
v -0.000000 1.921623 0.568371
v -0.000000 1.199394 0.274196
v -0.000000 1.760187 0.546846
v -0.000000 1.760187 0.546846
v -0.000000 1.760187 0.546846
v -0.000000 1.240747 0.384086
v -0.000000 1.240747 0.384086
v -0.100389 1.764027 0.553747
v -0.100389 1.764027 0.553747
v -0.105480 2.030614 0.433554
v -0.123607 2.207693 0.058846
v -0.136571 2.194646 -0.207344
v -0.175004 1.215874 -0.167138
v -0.179779 2.072093 -0.321924
v -0.179779 2.072093 -0.321924
v -0.271636 1.701354 0.467526
v -0.271636 1.701354 0.467526
v -0.296400 1.972388 0.355330
v -0.322981 2.122648 0.026154
v -0.262984 2.091700 -0.218882
v -0.405826 1.611987 0.405789
v -0.405826 1.611987 0.405789
v -0.425837 1.822248 0.250942
v -0.455069 1.943154 -0.006472
v -0.373025 1.939999 -0.233786
v -0.305126 1.914140 -0.330664
v -0.138163 1.842449 -0.442420
v -0.454555 1.482232 0.375675
v -0.454555 1.482232 0.375675
v -0.518193 1.566409 0.187756
v -0.548970 1.673325 -0.048485
v -0.416086 1.732421 -0.253639
v -0.337530 1.743006 -0.341825
v -0.189016 1.765322 -0.434038
v -0.418639 1.348393 0.366855
v -0.418639 1.348393 0.366855
v -0.515660 1.349886 0.110230
v -0.541292 1.403937 -0.094140
v -0.420124 1.504200 -0.297027
v -0.335193 1.542156 -0.375361
v -0.193128 1.640012 -0.428704
v -0.362226 1.276510 0.374518
v -0.362226 1.276510 0.374518
v -0.489163 1.277182 0.097849
v -0.515963 1.322817 -0.116090
v -0.150314 1.226971 0.422050
v -0.150314 1.226971 0.422050
v -0.260307 1.215874 0.054425
v -0.299798 1.347804 -0.321742
v -0.243448 1.405588 -0.390455
v -0.136499 1.548235 -0.439310
v -0.109179 2.137152 0.309133
v -0.304767 2.050390 0.230154
v -0.437590 1.882248 0.157215
v -0.543350 1.608326 0.103493
v -0.089378 1.901460 0.527030
v -0.282163 1.846978 0.431216
v -0.422318 1.724864 0.338518
v -0.487747 1.518172 0.287526
v -0.462401 1.330322 0.262741
v -0.422796 1.249825 0.260403
v -0.165057 1.207567 0.218009
v -0.397838 1.239550 0.077431
v -0.424516 1.266680 -0.137071
v -0.251608 1.239442 0.406920
v -0.251608 1.239442 0.406920
v -0.316240 1.215285 0.316415
v -0.106906 1.733916 0.515276
v -0.106906 1.733916 0.515276
v -0.259654 1.678013 0.438369
v -0.259654 1.678013 0.438369
v -0.379349 1.598300 0.383301
v -0.379349 1.598300 0.383301
v -0.422814 1.482562 0.356440
v -0.422814 1.482562 0.356440
v -0.391815 1.362051 0.348572
v -0.391815 1.362051 0.348572
v -0.340459 1.299062 0.355408
v -0.340459 1.299062 0.355408
v -0.151437 1.254875 0.397805
v -0.151437 1.254875 0.397805
v -0.241790 1.265998 0.384310
v -0.241790 1.265998 0.384310
v -0.203996 1.223092 -0.019028
v 0.000003 1.774701 -0.475439
v 0.000003 1.630724 -0.469673
v 0.000014 1.215874 -0.000000
v -0.000000 1.987417 -0.405164
v -0.000000 1.987417 -0.405164
v -0.000000 1.987417 -0.405164
v 0.104104 2.176785 -0.342686
v 0.000004 2.028951 -0.567452
v 0.000004 2.028951 -0.567452
v 0.000004 2.028951 -0.567452
v 0.000004 2.028951 -0.567452
v 0.048566 2.047652 -0.513626
v 0.048566 2.047652 -0.513626
v 0.000004 2.114841 -0.534897
v 0.000004 2.114841 -0.534897
v -0.048558 2.047652 -0.513626
v -0.048558 2.047652 -0.513626
v -0.036887 2.093615 -0.528177
v 0.000004 2.023237 -0.516487
v 0.000004 2.023237 -0.516487
v 0.137041 2.068982 -0.394829
v 0.137041 2.068982 -0.394829
v 0.000001 2.226568 -0.341096
v 0.000001 2.226568 -0.341096
v 0.000001 2.008455 -0.438864
v 0.000001 2.008455 -0.438864
v -0.137040 2.068982 -0.394829
v -0.137040 2.068982 -0.394829
v -0.104103 2.176785 -0.342686
v -0.020670 1.442662 0.418167
v -0.016730 1.523830 0.519203
v -0.082255 1.518345 0.429607
v -0.018454 1.451132 0.475167
v -0.063068 1.465665 0.425964
v -0.056651 1.471320 0.486008
v -0.053293 1.518345 0.511047
v -0.017920 1.467864 0.510940
v -0.017920 1.467864 0.510940
v -0.050425 1.479197 0.505679
v -0.050425 1.479197 0.505679
v -0.081563 1.486527 0.430990
v -0.081563 1.486527 0.430990
v -0.073028 1.518345 0.490070
v -0.069684 1.485923 0.492193
v -0.069684 1.485923 0.492193
v -0.015439 1.639726 0.440956
v -0.015439 1.639726 0.440956
v -0.027647 1.639726 0.409731
v 0.000016 1.448512 0.284796
v -0.063861 1.587462 0.284324
v -0.063861 1.587462 0.284324
v -0.066568 1.483429 0.284796
v -0.066568 1.483429 0.284796
v 0.020701 1.442673 0.418167
v 0.082312 1.518345 0.429607
v 0.016764 1.523830 0.519203
v 0.063107 1.465645 0.425964
v 0.018486 1.451132 0.475167
v 0.056681 1.471274 0.485943
v 0.073082 1.518345 0.490070
v 0.081609 1.486502 0.430990
v 0.081609 1.486502 0.430990
v 0.069679 1.485854 0.492215
v 0.069679 1.485854 0.492215
v 0.017952 1.467864 0.510940
v 0.017952 1.467864 0.510940
v 0.053338 1.518345 0.511047
v 0.050463 1.479183 0.505679
v 0.050463 1.479183 0.505679
v 0.015461 1.639726 0.440976
v 0.015461 1.639726 0.440976
v 0.027676 1.639726 0.409692
v 0.063893 1.587462 0.284324
v 0.063893 1.587462 0.284324
v 0.066600 1.483429 0.284796
v 0.066600 1.483429 0.284796
v 0.206096 1.725340 0.500525
v 0.206096 1.725340 0.500525
v 0.333440 1.660194 0.439092
v 0.333440 1.660194 0.439092
v 0.276875 1.773830 0.449455
v 0.276875 1.773830 0.449455
v 0.276875 1.773830 0.449455
v 0.321459 1.636853 0.409934
v 0.321459 1.636853 0.409934
v 0.194114 1.701999 0.471367
v 0.194114 1.701999 0.471367
v 0.262819 1.703008 0.384441
v 0.262819 1.703008 0.384441
v 0.262819 1.703008 0.384441
v 0.262819 1.703008 0.384441
v 0.262819 1.703008 0.384441
v 0.142556 1.585643 0.401250
v 0.172308 1.543219 0.387748
v 0.165767 1.627199 0.444257
v 0.161250 1.657197 0.425012
v 0.170189 1.651692 0.438342
v 0.183664 1.657197 0.436135
v 0.149395 1.627199 0.430392
v 0.179147 1.669623 0.416890
v 0.185535 1.627199 0.444107
v 0.161250 1.555645 0.425012
v 0.165767 1.585643 0.444257
v 0.170189 1.561150 0.438342
v 0.183664 1.555645 0.436135
v 0.149395 1.585643 0.430392
v 0.185535 1.585643 0.444107
v 0.179147 1.543219 0.416890
v 0.154410 1.555645 0.395870
v 0.172308 1.669623 0.387748
v 0.142556 1.627199 0.401250
v 0.154410 1.657197 0.395870
v 0.213508 1.543219 0.401255
v 0.242498 1.585643 0.387621
v 0.219961 1.585643 0.428483
v 0.231122 1.555645 0.393084
v 0.229887 1.561150 0.411238
v 0.235920 1.585643 0.412378
v 0.218090 1.555645 0.420512
v 0.212172 1.669623 0.409290
v 0.219961 1.627199 0.428483
v 0.223982 1.654445 0.415874
v 0.223982 1.654445 0.415874
v 0.235908 1.627199 0.412376
v 0.229741 1.657197 0.401110
v 0.206209 1.543219 0.372034
v 0.234559 1.585643 0.358288
v 0.223494 1.555645 0.363805
v 0.206407 1.669623 0.372068
v 0.266559 1.654379 0.369567
v 0.266559 1.654379 0.369567
v 0.266559 1.654379 0.369567
v 0.255151 1.668482 0.380329
v 0.255151 1.668482 0.380329
v 0.241064 1.627198 0.395638
v 0.241064 1.627198 0.395638
v 0.247030 1.668482 0.347191
v 0.258276 1.654379 0.336401
v 0.258276 1.654379 0.336401
v 0.234493 1.627198 0.358277
v 0.234493 1.627198 0.358277
v 0.204648 1.723865 0.440157
v 0.204648 1.723865 0.440157
v 0.213261 1.664342 0.433992
v 0.213261 1.664342 0.433992
v 0.132875 1.655590 0.454684
v 0.132875 1.655590 0.454684
v 0.127918 1.701300 0.458782
v 0.127918 1.701300 0.458782
v 0.301199 1.708850 0.392633
v 0.301199 1.708850 0.392633
v 0.299241 1.665168 0.391286
v 0.299241 1.665168 0.391286
v 0.299241 1.665168 0.391286
v 0.238977 1.726703 0.427116
v 0.238977 1.726703 0.427116
v 0.247070 1.666808 0.421133
v 0.247070 1.666808 0.421133
v 0.201707 1.656574 0.399082
v 0.190178 1.734889 0.407269
v 0.111340 1.654291 0.433659
v 0.111340 1.654291 0.433659
v 0.105101 1.700069 0.438253
v 0.105101 1.700069 0.438253
v 0.149534 1.709597 0.458957
v 0.149534 1.709597 0.458957
v 0.156977 1.657055 0.453577
v 0.156977 1.657055 0.453577
v 0.299857 1.716668 0.364295
v 0.295808 1.657518 0.363008
v 0.295808 1.657518 0.363008
v 0.280507 1.720461 0.409206
v 0.280507 1.720461 0.409206
v 0.280333 1.661580 0.406445
v 0.280333 1.661580 0.406445
v 0.235419 1.658971 0.386257
v 0.224604 1.737797 0.394195
v 0.135322 1.719014 0.427563
v 0.145204 1.650489 0.420478
v 0.268595 1.731310 0.376997
v 0.267857 1.653699 0.373553
v 0.252109 1.655669 0.332527
v 0.252848 1.733281 0.335971
v 0.129457 1.652460 0.379452
v 0.119574 1.720984 0.386536
v 0.208857 1.739767 0.353168
v 0.219672 1.660941 0.345231
v 0.280060 1.659488 0.321981
v 0.280060 1.659488 0.321981
v 0.284109 1.718639 0.323268
v 0.284109 1.718639 0.323268
v 0.089354 1.702039 0.397226
v 0.089354 1.702039 0.397226
v 0.095592 1.656261 0.392633
v 0.095592 1.656261 0.392633
v 0.174430 1.736860 0.366243
v 0.185960 1.658544 0.358056
v 0.290370 1.687512 0.319370
v 0.306118 1.685542 0.360397
v 0.307619 1.685969 0.392823
v 0.307619 1.685969 0.392823
v -0.142556 1.585643 0.401250
v -0.172308 1.543219 0.387748
v -0.165767 1.627199 0.444257
v -0.161250 1.657197 0.425012
v -0.170189 1.651692 0.438342
v -0.183664 1.657197 0.436135
v -0.149395 1.627199 0.430392
v -0.179147 1.669623 0.416890
v -0.185535 1.627199 0.444107
v -0.161250 1.555645 0.425012
v -0.165767 1.585643 0.444257
v -0.170189 1.561150 0.438342
v -0.183664 1.555645 0.436135
v -0.149395 1.585643 0.430392
v -0.185535 1.585643 0.444107
v -0.179147 1.543219 0.416890
v -0.154410 1.555645 0.395870
v -0.172308 1.669623 0.387748
v -0.142556 1.627199 0.401250
v -0.154410 1.657197 0.395870
v -0.213508 1.543219 0.401255
v -0.242498 1.585643 0.387621
v -0.219961 1.585643 0.428483
v -0.231122 1.555645 0.393084
v -0.229887 1.561150 0.411238
v -0.235920 1.585643 0.412378
v -0.218090 1.555645 0.420512
v -0.212172 1.669623 0.409290
v -0.219961 1.627199 0.428483
v -0.223982 1.654445 0.415874
v -0.223982 1.654445 0.415874
v -0.235908 1.627199 0.412376
v -0.229741 1.657197 0.401110
v -0.206209 1.543219 0.372034
v -0.234559 1.585643 0.358288
v -0.223494 1.555645 0.363805
v -0.206407 1.669623 0.372068
v -0.266559 1.654379 0.369567
v -0.266559 1.654379 0.369567
v -0.266559 1.654379 0.369567
v -0.255151 1.668482 0.380329
v -0.255151 1.668482 0.380329
v -0.241064 1.627198 0.395638
v -0.241064 1.627198 0.395638
v -0.247030 1.668482 0.347191
v -0.258276 1.654379 0.336401
v -0.258276 1.654379 0.336401
v -0.234493 1.627198 0.358277
v -0.234493 1.627198 0.358277
v -0.204648 1.723865 0.440157
v -0.204648 1.723865 0.440157
v -0.213261 1.664342 0.433992
v -0.213261 1.664342 0.433992
v -0.132875 1.655590 0.454684
v -0.132875 1.655590 0.454684
v -0.127918 1.701300 0.458782
v -0.127918 1.701300 0.458782
v -0.301199 1.708850 0.392633
v -0.301199 1.708850 0.392633
v -0.299241 1.665168 0.391286
v -0.299241 1.665168 0.391286
v -0.299241 1.665168 0.391286
v -0.238977 1.726703 0.427116
v -0.238977 1.726703 0.427116
v -0.247070 1.666808 0.421133
v -0.247070 1.666808 0.421133
v -0.201707 1.656574 0.399082
v -0.190178 1.734889 0.407269
v -0.111340 1.654291 0.433659
v -0.111340 1.654291 0.433659
v -0.105101 1.700069 0.438253
v -0.105101 1.700069 0.438253
v -0.149534 1.709597 0.458957
v -0.149534 1.709597 0.458957
v -0.156977 1.657055 0.453577
v -0.156977 1.657055 0.453577
v -0.299857 1.716668 0.364295
v -0.295808 1.657518 0.363008
v -0.295808 1.657518 0.363008
v -0.280507 1.720461 0.409206
v -0.280507 1.720461 0.409206
v -0.280333 1.661580 0.406445
v -0.280333 1.661580 0.406445
v -0.235419 1.658971 0.386257
v -0.224604 1.737797 0.394195
v -0.135322 1.719014 0.427563
v -0.145204 1.650489 0.420478
v -0.268595 1.731310 0.376997
v -0.267857 1.653699 0.373553
v -0.252109 1.655669 0.332527
v -0.252848 1.733281 0.335971
v -0.129457 1.652460 0.379452
v -0.119574 1.720984 0.386536
v -0.208857 1.739767 0.353168
v -0.219672 1.660941 0.345231
v -0.280060 1.659488 0.321981
v -0.280060 1.659488 0.321981
v -0.284109 1.718639 0.323268
v -0.284109 1.718639 0.323268
v -0.089354 1.702039 0.397226
v -0.089354 1.702039 0.397226
v -0.095592 1.656261 0.392633
v -0.095592 1.656261 0.392633
v -0.174430 1.736860 0.366243
v -0.185960 1.658544 0.358056
v -0.290370 1.687512 0.319370
v -0.306118 1.685542 0.360397
v -0.307619 1.685969 0.392823
v -0.307619 1.685969 0.392823
v 0.246214 0.138681 0.077568
v 0.246214 0.138681 0.077568
v 0.246214 0.138681 0.077568
v 0.245584 0.134235 -0.077568
v 0.091690 0.134235 -0.077568
v 0.091077 0.138700 0.077568
v 0.091077 0.138700 0.077568
v 0.091077 0.138700 0.077568
v 0.267983 0.134235 0.042407
v 0.267983 0.134235 0.042407
v 0.267286 0.134235 -0.042407
v 0.210837 0.134235 -0.098847
v 0.126443 0.134235 -0.098847
v 0.069988 0.134235 -0.042407
v 0.069307 0.134235 0.042407
v 0.069307 0.134235 0.042407
v 0.126239 0.145370 0.099434
v 0.126239 0.145370 0.099434
v 0.211053 0.145370 0.099434
v 0.211053 0.145370 0.099434
v 0.251582 0.139801 0.128355
v 0.249386 0.109303 -0.088787
v 0.087656 0.109303 -0.088784
v 0.085511 0.139801 0.128355
v 0.277230 0.108233 0.040288
v 0.273900 0.109303 -0.035433
v 0.209644 0.109303 -0.117227
v 0.127417 0.109303 -0.117228
v 0.063141 0.109303 -0.035433
v 0.059850 0.108233 0.040288
v 0.126758 0.145706 0.147079
v 0.210335 0.145706 0.147079
v 0.166954 0.134235 -0.098874
v 0.166954 0.134235 -0.098874
v 0.166949 0.145371 0.099434
v 0.166949 0.145371 0.099434
v 0.167254 0.145706 0.147079
v 0.167258 0.222406 -0.081350
v 0.167258 0.222406 -0.081350
v 0.251033 0.068486 -0.094930
v 0.085910 0.068486 -0.094943
v 0.282190 0.068497 0.038058
v 0.276393 0.068497 -0.037955
v 0.209914 0.068497 -0.125158
v 0.127075 0.068496 -0.125160
v 0.060549 0.068496 -0.037955
v 0.054828 0.068497 0.038058
v 0.257927 0.068523 0.219632
v 0.251582 0.108847 0.211306
v 0.079166 0.068523 0.219632
v 0.285441 0.068797 0.159706
v 0.276755 0.110645 0.157184
v 0.051652 0.068797 0.159706
v 0.060338 0.110645 0.157184
v 0.085511 0.108847 0.211306
v 0.124836 0.068497 0.255734
v 0.126758 0.105654 0.244338
v 0.210335 0.105654 0.244338
v 0.212257 0.068497 0.255734
v 0.213587 0.035468 0.264120
v 0.213587 0.035468 0.264120
v 0.123509 0.035476 0.264122
v 0.123509 0.035476 0.264122
v 0.048992 0.035431 0.156251
v 0.048992 0.035431 0.156251
v 0.055028 0.035416 0.037389
v 0.055028 0.035416 0.037389
v 0.251597 0.035025 -0.097296
v 0.251597 0.035025 -0.097296
v 0.085272 0.035052 -0.097328
v 0.085272 0.035052 -0.097328
v 0.281924 0.035383 0.037378
v 0.281924 0.035383 0.037378
v 0.275328 0.035090 -0.035153
v 0.275328 0.035090 -0.035153
v 0.126909 0.035411 -0.131405
v 0.126909 0.035411 -0.131405
v 0.210018 0.035400 -0.131403
v 0.210018 0.035400 -0.131403
v 0.061535 0.035124 -0.035149
v 0.061535 0.035124 -0.035149
v 0.288099 0.035401 0.156245
v 0.288099 0.035401 0.156245
v 0.261306 0.035454 0.227500
v 0.261306 0.035454 0.227500
v 0.075788 0.035476 0.227504
v 0.075788 0.035476 0.227504
v 0.085511 0.128749 0.178259
v 0.126758 0.132737 0.198112
v 0.210335 0.132737 0.198112
v 0.251582 0.128749 0.178259
v 0.129534 -0.000027 -0.120163
v 0.129534 -0.000027 -0.120163
v 0.245719 -0.000027 -0.083457
v 0.245719 -0.000027 -0.083457
v 0.279127 -0.000027 0.148466
v 0.279127 -0.000027 0.148466
v 0.273499 -0.000027 0.038058
v 0.273499 -0.000027 0.038058
v 0.267444 -0.000027 -0.027938
v 0.267444 -0.000027 -0.027938
v 0.207223 -0.000027 -0.120166
v 0.207223 -0.000027 -0.120166
v 0.057792 -0.000027 0.148472
v 0.057792 -0.000027 0.148472
v 0.090995 -0.000027 -0.083455
v 0.090995 -0.000027 -0.083455
v 0.210268 -0.000027 0.249439
v 0.210268 -0.000027 0.249439
v 0.254327 -0.000027 0.215610
v 0.254327 -0.000027 0.215610
v 0.069266 -0.000027 -0.027932
v 0.069266 -0.000027 -0.027932
v 0.063292 -0.000027 0.038058
v 0.063292 -0.000027 0.038058
v 0.082590 -0.000027 0.215610
v 0.082590 -0.000027 0.215610
v 0.126643 -0.000027 0.249436
v 0.126643 -0.000027 0.249436
v 0.081856 0.186028 0.089780
v 0.255436 0.186018 0.089782
v 0.280623 0.177803 0.049731
v 0.056667 0.177805 0.049731
v 0.214659 0.193644 0.114011
v 0.280266 0.164207 -0.041487
v 0.166949 0.193935 0.114439
v 0.057016 0.164210 -0.041487
v 0.122633 0.193644 0.114011
v 0.255404 0.211571 0.081928
v 0.255404 0.211571 0.081928
v 0.231081 0.222406 0.058450
v 0.231081 0.222406 0.058450
v 0.231082 0.222406 -0.063992
v 0.231082 0.222406 -0.063992
v 0.255391 0.211571 -0.088082
v 0.255391 0.211571 -0.088082
v 0.106118 0.222406 -0.063992
v 0.106118 0.222406 -0.063992
v 0.081908 0.211571 -0.088082
v 0.081908 0.211571 -0.088082
v 0.106118 0.222406 0.058450
v 0.106118 0.222406 0.058450
v 0.081895 0.211571 0.081927
v 0.081895 0.211571 0.081927
v 0.279836 0.211571 0.043403
v 0.279836 0.211571 0.043403
v 0.248676 0.222406 0.030703
v 0.248676 0.222406 0.030703
v 0.248676 0.222406 -0.036245
v 0.248676 0.222406 -0.036245
v 0.279819 0.211571 -0.049556
v 0.279819 0.211571 -0.049556
v 0.202764 0.222406 -0.081231
v 0.202764 0.222406 -0.081231
v 0.216081 0.211571 -0.112007
v 0.216081 0.211571 -0.112007
v 0.168650 0.211571 -0.115948
v 0.168650 0.211571 -0.115948
v 0.121218 0.211571 -0.112007
v 0.121218 0.211571 -0.112007
v 0.134436 0.222406 -0.081231
v 0.134436 0.222406 -0.081231
v 0.057480 0.211571 -0.049556
v 0.057480 0.211571 -0.049556
v 0.088524 0.222406 -0.036245
v 0.088524 0.222406 -0.036245
v 0.088524 0.222406 0.030703
v 0.088524 0.222406 0.030703
v 0.057464 0.211571 0.043403
v 0.057464 0.211571 0.043403
v 0.121216 0.211572 0.105862
v 0.121216 0.211572 0.105862
v 0.134437 0.222406 0.075947
v 0.134437 0.222406 0.075947
v 0.202763 0.222406 0.075947
v 0.202763 0.222406 0.075947
v 0.216084 0.211571 0.105862
v 0.216084 0.211571 0.105862
v 0.166788 0.211571 0.105862
v 0.166788 0.211571 0.105862
v 0.167260 0.222406 0.075947
v 0.167260 0.222406 0.075947
v 0.233893 0.276691 0.065273
v 0.233893 0.276691 0.065273
v 0.233893 0.276691 -0.065309
v 0.233893 0.276691 -0.065309
v 0.103310 0.276691 -0.065309
v 0.103310 0.276691 -0.065309
v 0.103310 0.276691 0.065273
v 0.103310 0.276691 0.065273
v 0.252261 0.276468 0.035686
v 0.252261 0.276468 0.035686
v 0.252261 0.276468 -0.035723
v 0.252261 0.276468 -0.035723
v 0.204306 0.276468 -0.083678
v 0.204306 0.276468 -0.083678
v 0.132897 0.276468 -0.083678
v 0.132897 0.276468 -0.083678
v 0.084942 0.276468 -0.035723
v 0.084942 0.276468 -0.035723
v 0.084942 0.276468 0.035686
v 0.084942 0.276468 0.035686
v 0.132897 0.276468 0.089102
v 0.132897 0.276468 0.089102
v 0.204306 0.276468 0.089102
v 0.204306 0.276468 0.089102
v 0.167227 0.276468 -0.083678
v 0.167227 0.276468 -0.083678
v 0.167227 0.276468 0.089102
v 0.167227 0.276468 0.089102
v 0.250355 0.417028 0.081709
v 0.249685 0.460679 0.081039
v 0.249685 0.460679 -0.081039
v 0.272477 0.460679 -0.044318
v 0.272477 0.460679 0.044318
v 0.251774 0.373379 -0.083128
v 0.253945 0.293918 -0.085369
v 0.253945 0.293918 -0.085369
v 0.087607 0.460679 -0.081039
v 0.124328 0.460679 -0.103831
v 0.168646 0.460679 -0.103831
v 0.212964 0.460679 -0.103831
v 0.085518 0.373379 -0.083128
v 0.083375 0.293918 -0.085369
v 0.083375 0.293918 -0.085369
v 0.087607 0.460679 0.081039
v 0.064815 0.460679 0.044318
v 0.064815 0.460679 -0.044318
v 0.085518 0.373379 0.083128
v 0.083375 0.293918 0.085201
v 0.083375 0.293918 0.085201
v 0.212964 0.460679 0.103831
v 0.168646 0.460679 0.103831
v 0.124328 0.460679 0.103831
v 0.239644 0.496810 0.070711
v 0.210886 0.507124 0.081025
v 0.249959 0.507124 0.041953
v 0.249958 0.507124 -0.041953
v 0.239644 0.496810 -0.070711
v 0.277938 0.293664 0.046555
v 0.277938 0.293664 0.046555
v 0.277938 0.293664 -0.046722
v 0.277938 0.293664 -0.046722
v 0.253945 0.293918 0.085201
v 0.253945 0.293918 0.085201
v 0.275157 0.373255 0.045460
v 0.275157 0.373255 -0.045460
v 0.166865 0.293664 -0.109362
v 0.166865 0.293664 -0.109362
v 0.122021 0.293664 -0.109362
v 0.122021 0.293664 -0.109362
v 0.215298 0.293664 -0.109362
v 0.215298 0.293664 -0.109362
v 0.214106 0.373255 -0.106511
v 0.123186 0.373255 -0.106511
v 0.059382 0.293664 -0.046722
v 0.059382 0.293664 -0.046722
v 0.059382 0.293664 0.046555
v 0.059382 0.293664 0.046555
v 0.062135 0.373255 -0.045460
v 0.062135 0.373255 0.045460
v 0.166865 0.293664 0.116328
v 0.166865 0.293664 0.116328
v 0.215298 0.293664 0.116328
v 0.215298 0.293664 0.116328
v 0.122021 0.293664 0.116328
v 0.122021 0.293664 0.116328
v 0.123186 0.373255 0.106511
v 0.214106 0.373255 0.106511
v 0.087908 0.507125 -0.041953
v 0.098222 0.496810 -0.070711
v 0.087908 0.507125 0.041953
v 0.213645 0.529194 -0.044711
v 0.213645 0.529194 0.044712
v 0.124222 0.529194 -0.044711
v 0.124222 0.529194 0.044712
v 0.168933 0.529194 -0.044711
v 0.098223 0.496810 0.070711
v 0.126981 0.507125 -0.081025
v 0.126981 0.507124 0.081025
v 0.210886 0.507124 -0.081025
v 0.168933 0.507125 -0.081025
v 0.168933 0.529194 0.044712
v 0.168933 0.507124 0.081025
v 0.168646 0.416968 0.104692
v 0.168646 0.416968 -0.104691
v 0.251774 0.373379 0.083128
v 0.250355 0.417028 -0.081709
v 0.086937 0.417028 -0.081709
v 0.086937 0.417028 0.081709
v 0.273337 0.416968 0.044684
v 0.273337 0.416968 -0.044684
v 0.213330 0.416968 -0.104691
v 0.123961 0.416968 -0.104691
v 0.063954 0.416968 -0.044684
v 0.063954 0.416968 0.044684
v 0.123962 0.416968 0.104692
v 0.213330 0.416968 0.104692
v 0.168646 0.373255 0.106511
v 0.168646 0.373255 -0.106511
v -0.246214 0.138681 0.077568
v -0.246214 0.138681 0.077568
v -0.246214 0.138681 0.077568
v -0.245584 0.134235 -0.077568
v -0.091690 0.134235 -0.077568
v -0.091077 0.138700 0.077568
v -0.091077 0.138700 0.077568
v -0.091077 0.138700 0.077568
v -0.267983 0.134235 0.042407
v -0.267983 0.134235 0.042407
v -0.267286 0.134235 -0.042407
v -0.210837 0.134235 -0.098847
v -0.126443 0.134235 -0.098847
v -0.069988 0.134235 -0.042407
v -0.069307 0.134235 0.042407
v -0.069307 0.134235 0.042407
v -0.126239 0.145370 0.099434
v -0.126239 0.145370 0.099434
v -0.211053 0.145370 0.099434
v -0.211053 0.145370 0.099434
v -0.251582 0.139801 0.128355
v -0.249386 0.109303 -0.088787
v -0.087656 0.109303 -0.088784
v -0.085511 0.139801 0.128355
v -0.277230 0.108233 0.040288
v -0.273900 0.109303 -0.035433
v -0.209644 0.109303 -0.117227
v -0.127417 0.109303 -0.117228
v -0.063141 0.109303 -0.035433
v -0.059850 0.108233 0.040288
v -0.126758 0.145706 0.147079
v -0.210335 0.145706 0.147079
v -0.166954 0.134235 -0.098874
v -0.166954 0.134235 -0.098874
v -0.166949 0.145371 0.099434
v -0.166949 0.145371 0.099434
v -0.167254 0.145706 0.147079
v -0.167258 0.222406 -0.081350
v -0.167258 0.222406 -0.081350
v -0.251033 0.068486 -0.094930
v -0.085910 0.068486 -0.094943
v -0.282190 0.068497 0.038058
v -0.276393 0.068497 -0.037955
v -0.209914 0.068497 -0.125158
v -0.127075 0.068496 -0.125160
v -0.060549 0.068496 -0.037955
v -0.054828 0.068497 0.038058
v -0.257927 0.068523 0.219632
v -0.251582 0.108847 0.211306
v -0.079166 0.068523 0.219632
v -0.285441 0.068797 0.159706
v -0.276755 0.110645 0.157184
v -0.051652 0.068797 0.159706
v -0.060338 0.110645 0.157184
v -0.085511 0.108847 0.211306
v -0.124836 0.068497 0.255734
v -0.126758 0.105654 0.244338
v -0.210335 0.105654 0.244338
v -0.212257 0.068497 0.255734
v -0.213587 0.035468 0.264120
v -0.213587 0.035468 0.264120
v -0.123509 0.035476 0.264122
v -0.123509 0.035476 0.264122
v -0.048992 0.035431 0.156251
v -0.048992 0.035431 0.156251
v -0.055028 0.035416 0.037389
v -0.055028 0.035416 0.037389
v -0.251597 0.035025 -0.097296
v -0.251597 0.035025 -0.097296
v -0.085272 0.035052 -0.097328
v -0.085272 0.035052 -0.097328
v -0.281924 0.035383 0.037378
v -0.281924 0.035383 0.037378
v -0.275328 0.035090 -0.035153
v -0.275328 0.035090 -0.035153
v -0.126909 0.035411 -0.131405
v -0.126909 0.035411 -0.131405
v -0.210018 0.035400 -0.131403
v -0.210018 0.035400 -0.131403
v -0.061535 0.035124 -0.035149
v -0.061535 0.035124 -0.035149
v -0.288099 0.035401 0.156245
v -0.288099 0.035401 0.156245
v -0.261306 0.035454 0.227500
v -0.261306 0.035454 0.227500
v -0.075788 0.035476 0.227504
v -0.075788 0.035476 0.227504
v -0.085511 0.128749 0.178259
v -0.126758 0.132737 0.198112
v -0.210335 0.132737 0.198112
v -0.251582 0.128749 0.178259
v -0.129534 -0.000027 -0.120163
v -0.129534 -0.000027 -0.120163
v -0.245719 -0.000027 -0.083457
v -0.245719 -0.000027 -0.083457
v -0.279127 -0.000027 0.148466
v -0.279127 -0.000027 0.148466
v -0.273499 -0.000027 0.038058
v -0.273499 -0.000027 0.038058
v -0.267444 -0.000027 -0.027938
v -0.267444 -0.000027 -0.027938
v -0.207223 -0.000027 -0.120166
v -0.207223 -0.000027 -0.120166
v -0.057792 -0.000027 0.148472
v -0.057792 -0.000027 0.148472
v -0.090995 -0.000027 -0.083455
v -0.090995 -0.000027 -0.083455
v -0.210268 -0.000027 0.249439
v -0.210268 -0.000027 0.249439
v -0.254327 -0.000027 0.215610
v -0.254327 -0.000027 0.215610
v -0.069266 -0.000027 -0.027932
v -0.069266 -0.000027 -0.027932
v -0.063292 -0.000027 0.038058
v -0.063292 -0.000027 0.038058
v -0.082590 -0.000027 0.215610
v -0.082590 -0.000027 0.215610
v -0.126643 -0.000027 0.249436
v -0.126643 -0.000027 0.249436
v -0.081856 0.186028 0.089780
v -0.255436 0.186018 0.089782
v -0.280623 0.177803 0.049731
v -0.056667 0.177805 0.049731
v -0.214659 0.193644 0.114011
v -0.280266 0.164207 -0.041487
v -0.166949 0.193935 0.114439
v -0.057016 0.164210 -0.041487
v -0.122633 0.193644 0.114011
v -0.255404 0.211571 0.081928
v -0.255404 0.211571 0.081928
v -0.231081 0.222406 0.058450
v -0.231081 0.222406 0.058450
v -0.231082 0.222406 -0.063992
v -0.231082 0.222406 -0.063992
v -0.255391 0.211571 -0.088082
v -0.255391 0.211571 -0.088082
v -0.106118 0.222406 -0.063992
v -0.106118 0.222406 -0.063992
v -0.081908 0.211571 -0.088082
v -0.081908 0.211571 -0.088082
v -0.106118 0.222406 0.058450
v -0.106118 0.222406 0.058450
v -0.081895 0.211571 0.081927
v -0.081895 0.211571 0.081927
v -0.279836 0.211571 0.043403
v -0.279836 0.211571 0.043403
v -0.248676 0.222406 0.030703
v -0.248676 0.222406 0.030703
v -0.248676 0.222406 -0.036245
v -0.248676 0.222406 -0.036245
v -0.279819 0.211571 -0.049556
v -0.279819 0.211571 -0.049556
v -0.202764 0.222406 -0.081231
v -0.202764 0.222406 -0.081231
v -0.216081 0.211571 -0.112007
v -0.216081 0.211571 -0.112007
v -0.168650 0.211571 -0.115948
v -0.168650 0.211571 -0.115948
v -0.121218 0.211571 -0.112007
v -0.121218 0.211571 -0.112007
v -0.134436 0.222406 -0.081231
v -0.134436 0.222406 -0.081231
v -0.057480 0.211571 -0.049556
v -0.057480 0.211571 -0.049556
v -0.088524 0.222406 -0.036245
v -0.088524 0.222406 -0.036245
v -0.088524 0.222406 0.030703
v -0.088524 0.222406 0.030703
v -0.057464 0.211571 0.043403
v -0.057464 0.211571 0.043403
v -0.121216 0.211571 0.105862
v -0.121216 0.211571 0.105862
v -0.134437 0.222406 0.075947
v -0.134437 0.222406 0.075947
v -0.202763 0.222406 0.075947
v -0.202763 0.222406 0.075947
v -0.216084 0.211571 0.105862
v -0.216084 0.211571 0.105862
v -0.166788 0.211571 0.105862
v -0.166788 0.211571 0.105862
v -0.167260 0.222406 0.075947
v -0.167260 0.222406 0.075947
v -0.233893 0.276691 0.065273
v -0.233893 0.276691 0.065273
v -0.233893 0.276691 -0.065309
v -0.233893 0.276691 -0.065309
v -0.103310 0.276691 -0.065309
v -0.103310 0.276691 -0.065309
v -0.103310 0.276691 0.065273
v -0.103310 0.276691 0.065273
v -0.252261 0.276468 0.035686
v -0.252261 0.276468 0.035686
v -0.252261 0.276468 -0.035723
v -0.252261 0.276468 -0.035723
v -0.204306 0.276468 -0.083678
v -0.204306 0.276468 -0.083678
v -0.132897 0.276468 -0.083678
v -0.132897 0.276468 -0.083678
v -0.084942 0.276468 -0.035723
v -0.084942 0.276468 -0.035723
v -0.084942 0.276468 0.035686
v -0.084942 0.276468 0.035686
v -0.132897 0.276468 0.089102
v -0.132897 0.276468 0.089102
v -0.204306 0.276468 0.089102
v -0.204306 0.276468 0.089102
v -0.167227 0.276468 -0.083678
v -0.167227 0.276468 -0.083678
v -0.167227 0.276468 0.089102
v -0.167227 0.276468 0.089102
v -0.250355 0.417028 0.081709
v -0.249685 0.460679 0.081039
v -0.249685 0.460679 -0.081039
v -0.272477 0.460679 -0.044318
v -0.272477 0.460679 0.044318
v -0.251774 0.373379 -0.083128
v -0.253945 0.293918 -0.085369
v -0.253945 0.293918 -0.085369
v -0.087607 0.460679 -0.081039
v -0.124328 0.460679 -0.103831
v -0.168646 0.460679 -0.103831
v -0.212964 0.460679 -0.103831
v -0.085518 0.373379 -0.083128
v -0.083375 0.293918 -0.085369
v -0.083375 0.293918 -0.085369
v -0.087607 0.460679 0.081039
v -0.064815 0.460679 0.044318
v -0.064815 0.460679 -0.044318
v -0.085518 0.373379 0.083128
v -0.083375 0.293918 0.085201
v -0.083375 0.293918 0.085201
v -0.212964 0.460679 0.103831
v -0.168646 0.460679 0.103831
v -0.124328 0.460679 0.103831
v -0.239644 0.496810 0.070711
v -0.210886 0.507124 0.081025
v -0.249959 0.507124 0.041953
v -0.249958 0.507124 -0.041953
v -0.239644 0.496810 -0.070711
v -0.277938 0.293664 0.046555
v -0.277938 0.293664 0.046555
v -0.277938 0.293664 -0.046722
v -0.277938 0.293664 -0.046722
v -0.253945 0.293918 0.085201
v -0.253945 0.293918 0.085201
v -0.275157 0.373255 0.045460
v -0.275157 0.373255 -0.045460
v -0.166865 0.293664 -0.109362
v -0.166865 0.293664 -0.109362
v -0.122021 0.293664 -0.109362
v -0.122021 0.293664 -0.109362
v -0.215298 0.293664 -0.109362
v -0.215298 0.293664 -0.109362
v -0.214106 0.373255 -0.106511
v -0.123186 0.373255 -0.106511
v -0.059382 0.293664 -0.046722
v -0.059382 0.293664 -0.046722
v -0.059382 0.293664 0.046555
v -0.059382 0.293664 0.046555
v -0.062135 0.373255 -0.045460
v -0.062135 0.373255 0.045460
v -0.166865 0.293664 0.116328
v -0.166865 0.293664 0.116328
v -0.215298 0.293664 0.116328
v -0.215298 0.293664 0.116328
v -0.122021 0.293664 0.116328
v -0.122021 0.293664 0.116328
v -0.123186 0.373255 0.106511
v -0.214106 0.373255 0.106511
v -0.087908 0.507125 -0.041953
v -0.098222 0.496810 -0.070711
v -0.087908 0.507125 0.041953
v -0.213645 0.529194 -0.044711
v -0.213645 0.529194 0.044712
v -0.124222 0.529194 -0.044711
v -0.124222 0.529194 0.044712
v -0.168933 0.529194 -0.044711
v -0.098223 0.496810 0.070711
v -0.126981 0.507125 -0.081025
v -0.126981 0.507124 0.081025
v -0.210886 0.507124 -0.081025
v -0.168933 0.507125 -0.081025
v -0.168933 0.529194 0.044712
v -0.168933 0.507124 0.081025
v -0.168646 0.416968 0.104692
v -0.168646 0.416968 -0.104691
v -0.251774 0.373379 0.083128
v -0.250355 0.417028 -0.081709
v -0.086937 0.417028 -0.081709
v -0.086937 0.417028 0.081709
v -0.273337 0.416968 0.044684
v -0.273337 0.416968 -0.044684
v -0.213330 0.416968 -0.104691
v -0.123961 0.416968 -0.104691
v -0.063954 0.416968 -0.044684
v -0.063954 0.416968 0.044684
v -0.123962 0.416968 0.104692
v -0.213330 0.416968 0.104692
v -0.168646 0.373255 0.106511
v -0.168646 0.373255 -0.106511
vn 0.0682 -0.9480 -0.3108
vn 0.0659 -0.9480 -0.3114
vn -0.0000 -0.9474 -0.3201
vn 0.3893 -0.7927 -0.4692
vn 0.4110 -0.7788 -0.4739
vn 0.4924 -0.8210 -0.2888
vn 0.4406 -0.8616 -0.2520
vn 0.5374 -0.8378 -0.0962
vn 0.4516 -0.8890 -0.0753
vn -0.4516 -0.8890 -0.0754
vn -0.5375 -0.8377 -0.0965
vn -0.4924 -0.8211 -0.2888
vn -0.4406 -0.8616 -0.2520
vn 0.4516 -0.8890 0.0754
vn 0.5374 -0.8378 0.0962
vn -0.4516 -0.8890 0.0753
vn -0.5375 -0.8378 0.0965
vn -0.4109 -0.7789 -0.4738
vn -0.3893 -0.7927 -0.4692
vn -0.3043 -0.7340 -0.6072
vn -0.2329 -0.8059 -0.5443
vn -0.1629 -0.6957 -0.6996
vn -0.1109 -0.8139 -0.5703
vn -0.0000 -0.6803 -0.7330
vn -0.0000 -0.8152 -0.5792
vn 0.1109 -0.8139 -0.5703
vn 0.1629 -0.6956 -0.6997
vn 0.3043 -0.7339 -0.6072
vn 0.2329 -0.8059 -0.5444
vn 0.2604 -0.9642 0.0513
vn 0.2604 -0.9641 -0.0513
vn 0.0762 -0.9952 0.0618
vn 0.0762 -0.9952 -0.0618
vn -0.0000 -0.9971 0.0759
vn -0.0000 -0.9971 -0.0759
vn -0.0763 -0.9952 0.0617
vn -0.0762 -0.9952 -0.0618
vn -0.2603 -0.9642 0.0512
vn -0.2603 -0.9642 -0.0513
vn 0.2514 -0.9296 -0.2696
vn 0.4406 -0.8616 -0.2519
vn 0.0679 -0.9588 -0.2757
vn -0.0000 -0.9628 -0.2702
vn -0.0679 -0.9588 -0.2757
vn -0.2514 -0.9296 -0.2696
vn -0.4515 -0.8891 -0.0753
vn -0.4405 -0.8617 -0.2519
vn 0.2328 -0.8059 -0.5443
vn 0.1109 -0.8140 -0.5702
vn -0.0000 -0.8152 -0.5791
vn -0.1109 -0.8140 -0.5702
vn -0.2328 -0.8060 -0.5443
vn -0.3892 -0.7927 -0.4691
vn 0.3893 -0.7927 0.4692
vn 0.4406 -0.8616 0.2520
vn 0.4924 -0.8210 0.2888
vn 0.4110 -0.7788 0.4739
vn -0.4406 -0.8616 0.2520
vn -0.4924 -0.8211 0.2888
vn -0.3893 -0.7927 0.4692
vn -0.4109 -0.7789 0.4738
vn -0.2328 -0.8059 0.5443
vn -0.3043 -0.7340 0.6072
vn -0.1109 -0.8139 0.5703
vn -0.1629 -0.6956 0.6997
vn -0.0000 -0.8152 0.5792
vn -0.0000 -0.6803 0.7330
vn 0.1109 -0.8139 0.5703
vn 0.2329 -0.8059 0.5444
vn 0.3043 -0.7339 0.6072
vn 0.1629 -0.6956 0.6997
vn 0.4406 -0.8616 0.2519
vn 0.2514 -0.9296 0.2696
vn 0.0679 -0.9588 0.2757
vn -0.0000 -0.9628 0.2702
vn -0.0679 -0.9588 0.2757
vn -0.2514 -0.9296 0.2696
vn -0.4405 -0.8617 0.2519
vn 0.2328 -0.8059 0.5443
vn 0.1109 -0.8140 0.5702
vn -0.0000 -0.8152 0.5791
vn -0.1109 -0.8140 0.5702
vn -0.2328 -0.8060 0.5443
vn -0.3892 -0.7927 0.4691
vn -0.4515 -0.8891 0.0753
vn -0.1305 0.7729 -0.6209
vn -0.0000 0.7696 -0.6385
vn -0.0000 0.4938 -0.8696
vn -0.1841 0.4969 -0.8480
vn 0.2078 0.8765 0.4342
vn 0.1038 0.8791 0.4651
vn 0.0992 0.8790 0.4664
vn 0.1987 0.8772 0.4370
vn -0.5241 0.8465 -0.0931
vn -0.4446 0.8547 -0.2679
vn -0.4352 0.8557 -0.2800
vn -0.5235 0.8466 -0.0960
vn -0.2591 0.7776 0.5729
vn -0.3763 0.7927 0.4796
vn -0.5388 0.5202 0.6626
vn -0.3655 0.5073 0.7804
vn -0.1017 0.8824 -0.4593
vn -0.0000 0.8841 -0.4672
vn -0.0000 0.8843 -0.4669
vn -0.0971 0.8825 -0.4601
vn 0.2077 0.8765 -0.4342
vn 0.3208 0.8656 -0.3845
vn 0.3085 0.8671 -0.3910
vn 0.1988 0.8772 -0.4370
vn 0.5998 -0.2766 -0.7508
vn 0.6060 -0.2770 -0.7456
vn 0.8090 -0.2914 -0.5105
vn 0.8053 -0.2912 -0.5164
vn -0.5241 0.8465 0.0930
vn -0.5236 0.8466 0.0959
vn 0.1018 0.8824 -0.4594
vn 0.0972 0.8826 -0.4600
vn -0.2569 0.7825 -0.5672
vn -0.3655 0.5059 -0.7813
vn -0.2077 0.8767 0.4340
vn -0.3207 0.8657 0.3844
vn -0.3084 0.8672 0.3909
vn -0.1988 0.8772 0.4371
vn -0.8069 -0.2795 0.5203
vn -0.8131 -0.2801 0.5104
vn -0.9408 -0.2914 0.1730
vn -0.9400 -0.2914 0.1774
vn -0.2076 0.8766 -0.4341
vn -0.1988 0.8771 -0.4372
vn -0.3207 0.8656 -0.3845
vn -0.3085 0.8671 -0.3910
vn 0.3206 0.8657 0.3843
vn 0.3085 0.8672 0.3909
vn -0.4445 0.8548 0.2678
vn -0.4351 0.8558 0.2798
vn 0.1304 0.7730 -0.6209
vn 0.1841 0.4970 -0.8480
vn -0.3735 0.7966 -0.4753
vn -0.5388 0.5188 -0.6637
vn 0.4036 -0.2654 -0.8756
vn 0.4092 -0.2656 -0.8729
vn 0.2590 0.7777 0.5727
vn 0.1316 0.7675 0.6274
vn 0.1841 0.4983 0.8472
vn 0.3656 0.5073 0.7804
vn 0.8069 -0.2795 0.5203
vn 0.8131 -0.2800 0.5104
vn 0.6099 -0.2602 0.7486
vn 0.6018 -0.2595 0.7553
vn -0.0000 0.7638 0.6454
vn -0.0000 0.4951 0.8689
vn 0.9392 -0.2953 -0.1752
vn 0.9393 -0.2953 -0.1745
vn 0.4856 0.8144 -0.3177
vn 0.5601 0.8217 -0.1056
vn 0.8281 0.5389 -0.1546
vn 0.7166 0.5299 -0.4536
vn -0.0757 -0.9347 0.3472
vn -0.0728 -0.9347 0.3478
vn -0.0000 -0.9337 0.3581
vn -0.0000 -0.9338 0.3578
vn 0.4121 -0.2458 0.8774
vn 0.4052 -0.2454 0.8807
vn 0.2021 -0.2580 -0.9448
vn 0.2053 -0.2581 -0.9441
vn 0.4880 0.8120 0.3201
vn 0.3762 0.7929 0.4794
vn 0.5388 0.5203 0.6626
vn 0.7167 0.5310 0.4521
vn 0.9400 -0.2913 0.1774
vn 0.9408 -0.2914 0.1730
vn -0.2021 -0.2580 -0.9448
vn -0.2053 -0.2581 -0.9441
vn -0.0000 -0.2554 -0.9668
vn 0.3734 0.7967 -0.4752
vn 0.5388 0.5189 -0.6637
vn 0.4215 -0.0302 -0.9063
vn 0.2107 -0.0292 -0.9771
vn 0.2113 -0.0291 -0.9770
vn 0.4224 -0.0302 -0.9059
vn 0.7240 -0.0325 -0.6890
vn 0.6285 -0.0319 -0.7772
vn 0.6295 -0.0319 -0.7763
vn 0.7239 -0.0326 -0.6891
vn 0.6284 -0.0291 0.7773
vn 0.8455 -0.0294 0.5332
vn 0.8465 -0.0294 0.5316
vn 0.6298 -0.0292 0.7762
vn 0.4214 -0.0270 0.9065
vn 0.4226 -0.0271 0.9059
vn 0.2108 -0.0257 0.9772
vn 0.2114 -0.0258 0.9771
vn -0.0000 -0.0253 0.9997
vn -0.2107 -0.0258 0.9772
vn -0.2113 -0.0257 0.9771
vn -0.3148 -0.0260 0.9488
vn -0.3149 -0.0259 0.9488
vn -0.8455 -0.0294 0.5332
vn -0.7241 -0.0300 0.6890
vn -0.7241 -0.0301 0.6890
vn -0.8465 -0.0294 0.5316
vn -0.6285 -0.0318 -0.7772
vn -0.8455 -0.0312 -0.5331
vn -0.8461 -0.0312 -0.5321
vn -0.6296 -0.0319 -0.7763
vn -0.4215 -0.0302 -0.9063
vn -0.4224 -0.0303 -0.9059
vn -0.2108 -0.0291 -0.9771
vn -0.2113 -0.0292 -0.9770
vn -0.0000 -0.0288 -0.9996
vn 0.9832 -0.0257 0.1806
vn 0.9997 -0.0229 -0.0000
vn 0.9833 -0.0256 0.1802
vn -0.9832 -0.0256 0.1806
vn -0.9833 -0.0257 0.1801
vn -0.9832 -0.0262 -0.1806
vn -0.9832 -0.0261 -0.1807
vn 0.4446 0.8547 -0.2679
vn 0.4352 0.8557 -0.2800
vn 0.5242 0.8465 -0.0931
vn 0.5241 0.8465 0.0930
vn 0.5235 0.8466 0.0959
vn 0.5236 0.8465 -0.0960
vn 0.4446 0.8548 0.2679
vn 0.4352 0.8558 0.2798
vn -0.1038 0.8791 0.4651
vn -0.0992 0.8790 0.4664
vn -0.0000 0.8777 0.4792
vn 0.2068 -0.2365 0.9494
vn 0.2029 -0.2363 0.9503
vn -0.0000 -0.0207 -0.9998
vn -0.0000 0.1509 -0.9885
vn 0.2089 0.1527 -0.9659
vn 0.2120 -0.0218 -0.9770
vn 0.4173 0.1579 -0.8949
vn 0.4237 -0.0250 -0.9055
vn 0.6199 0.1659 -0.7669
vn 0.6299 -0.0304 -0.7761
vn 0.8275 0.1760 -0.5331
vn 0.8433 -0.0435 -0.5357
vn 0.9655 0.1816 -0.1867
vn 0.9810 -0.0614 -0.1838
vn -0.9810 -0.0619 -0.1838
vn -0.9655 0.1816 -0.1867
vn -0.8275 0.1760 -0.5331
vn -0.8432 -0.0440 -0.5357
vn -0.6199 0.1659 -0.7669
vn -0.6299 -0.0308 -0.7761
vn -0.4173 0.1579 -0.8949
vn -0.4237 -0.0252 -0.9055
vn -0.2089 0.1527 -0.9659
vn -0.2120 -0.0219 -0.9770
vn 0.9655 0.1816 0.1867
vn 0.9796 -0.0693 0.1887
vn -0.9795 -0.0698 0.1887
vn -0.9655 0.1816 0.1867
vn 0.3390 0.1908 0.9212
vn 0.2509 0.2676 0.9303
vn -0.0000 0.2672 0.9636
vn 0.4001 0.1537 0.9035
vn 0.4074 0.3074 0.8600
vn 0.4068 -0.0571 0.9117
vn 0.6270 -0.0658 0.7762
vn 0.6199 0.1659 0.7669
vn 0.8396 -0.0674 0.5390
vn 0.8275 0.1760 0.5331
vn -0.8396 -0.0677 0.5389
vn -0.8275 0.1760 0.5331
vn -0.6270 -0.0661 0.7762
vn -0.6199 0.1659 0.7669
vn -0.4068 -0.0573 0.9117
vn -0.3998 0.1540 0.9036
vn -0.3390 0.1908 0.9212
vn -0.0000 0.3007 0.9537
vn -0.2509 0.2676 0.9303
vn 0.4150 -0.1231 -0.9014
vn 0.2076 -0.1144 -0.9715
vn 0.6172 -0.1376 -0.7746
vn 0.8268 -0.1687 -0.5366
vn 0.9603 -0.2078 -0.1862
vn 0.9586 -0.2249 0.1746
vn 0.8240 -0.2183 0.5229
vn 0.6131 -0.2091 0.7618
vn 0.4048 -0.1961 0.8931
vn 0.2067 -0.0552 0.9769
vn 0.2124 -0.1858 0.9594
vn -0.0000 -0.0633 0.9980
vn 0.0001 -0.1888 0.9820
vn -0.2067 -0.0552 0.9768
vn -0.2123 -0.1860 0.9593
vn -0.4047 -0.1965 0.8931
vn -0.6130 -0.2098 0.7617
vn -0.8238 -0.2192 0.5228
vn -0.9584 -0.2259 0.1746
vn -0.9601 -0.2088 -0.1861
vn -0.8266 -0.1696 -0.5366
vn -0.6171 -0.1383 -0.7746
vn -0.4149 -0.1236 -0.9014
vn -0.2076 -0.1146 -0.9715
vn -0.0000 -0.1115 -0.9938
vn -0.1317 0.7674 0.6275
vn -0.1841 0.4983 0.8473
vn 0.0729 -0.9347 0.3478
vn 0.0758 -0.9349 0.3469
vn 0.1428 -0.9377 0.3167
vn 0.1475 -0.9381 0.3135
vn -0.0671 -0.9483 -0.3103
vn -0.0659 -0.9482 -0.3107
vn -0.1301 -0.9497 -0.2850
vn -0.1321 -0.9498 -0.2836
vn 0.2972 -0.9531 -0.0566
vn 0.2980 -0.9531 -0.0538
vn 0.2529 -0.9539 -0.1617
vn 0.2532 -0.9540 -0.1605
vn 0.2114 -0.9427 0.2583
vn 0.2063 -0.9422 0.2640
vn 0.2657 -0.9479 0.1756
vn 0.2698 -0.9482 0.1675
vn -0.1907 -0.9518 -0.2403
vn -0.1930 -0.9518 -0.2384
vn 0.3032 -0.9511 0.0596
vn 0.3039 -0.9511 0.0545
vn 0.1907 -0.9518 -0.2402
vn 0.1929 -0.9519 -0.2381
vn 0.0671 -0.9482 -0.3104
vn 0.0657 -0.9483 -0.3105
vn -0.0001 -0.9477 -0.3191
vn -0.0000 -0.9477 -0.3191
vn -0.1475 -0.9380 0.3138
vn -0.1428 -0.9378 0.3166
vn -0.2701 -0.9481 0.1676
vn -0.2661 -0.9478 0.1757
vn -0.2066 -0.9420 0.2643
vn -0.2118 -0.9425 0.2586
vn -0.2534 -0.9539 -0.1608
vn -0.2531 -0.9538 -0.1618
vn -0.2983 -0.9530 -0.0537
vn -0.2977 -0.9530 -0.0566
vn -0.3037 -0.9509 0.0598
vn -0.3042 -0.9510 0.0547
vn 0.1298 -0.9498 -0.2846
vn 0.1321 -0.9498 -0.2838
vn 0.5611 0.8209 0.1065
vn 0.8281 0.5393 0.1532
vn -0.0745 -0.9385 0.3373
vn -0.0709 -0.9383 0.3383
vn -0.0000 -0.9374 0.3483
vn 0.1449 -0.9415 0.3042
vn 0.1390 -0.9412 0.3079
vn 0.2008 -0.9453 0.2569
vn 0.2070 -0.9458 0.2503
vn -0.1450 -0.9415 0.3043
vn -0.1391 -0.9411 0.3081
vn 0.2950 -0.9540 0.0531
vn 0.2945 -0.9539 0.0573
vn 0.2908 -0.9553 -0.0532
vn 0.2905 -0.9553 -0.0548
vn -0.0682 -0.9480 -0.3108
vn -0.0659 -0.9480 -0.3114
vn -0.1300 -0.9496 -0.2851
vn -0.1338 -0.9497 -0.2830
vn 0.0745 -0.9385 0.3372
vn 0.0709 -0.9384 0.3382
vn 0.2491 -0.9550 -0.1609
vn 0.2511 -0.9550 -0.1577
vn 0.2585 -0.9508 0.1708
vn 0.2626 -0.9512 0.1620
vn 0.1899 -0.9520 -0.2400
vn 0.1936 -0.9523 -0.2360
vn -0.2629 -0.9511 0.1623
vn -0.2586 -0.9508 0.1708
vn -0.2012 -0.9452 0.2571
vn -0.2072 -0.9458 0.2502
vn -0.2511 -0.9550 -0.1577
vn -0.2495 -0.9549 -0.1609
vn -0.2911 -0.9552 -0.0533
vn -0.2907 -0.9552 -0.0548
vn -0.2948 -0.9538 0.0574
vn -0.2953 -0.9539 0.0532
vn -0.1938 -0.9521 -0.2364
vn -0.1898 -0.9520 -0.2401
vn 0.1299 -0.9497 -0.2850
vn 0.1337 -0.9498 -0.2828
vn -0.7167 0.5310 0.4521
vn -0.8281 0.5392 0.1532
vn -0.9592 0.2194 0.1785
vn -0.8260 0.2155 0.5209
vn 0.9592 0.2193 0.1785
vn 0.9598 0.2173 -0.1776
vn -0.6176 0.2041 0.7596
vn -0.4158 0.1951 0.8883
vn -0.2090 0.1784 -0.9615
vn -0.4170 0.1851 -0.8899
vn -0.6191 0.1956 -0.7605
vn 0.2084 0.1893 0.9596
vn 0.4158 0.1952 0.8882
vn -0.0000 0.1873 0.9823
vn 0.8276 0.2096 -0.5207
vn -0.0000 0.1761 -0.9844
vn 0.6176 0.2041 0.7596
vn 0.8260 0.2155 0.5209
vn 0.2089 0.1783 -0.9615
vn 0.6191 0.1954 -0.7606
vn -0.6018 -0.2596 0.7553
vn -0.6099 -0.2602 0.7486
vn -0.4882 0.8119 0.3202
vn -0.5613 0.8207 0.1066
vn -0.2029 -0.2363 0.9503
vn -0.2068 -0.2365 0.9494
vn -0.4121 -0.2458 0.8774
vn -0.4052 -0.2454 0.8807
vn -0.9393 -0.2953 -0.1745
vn -0.9392 -0.2953 -0.1752
vn -0.8090 -0.2914 -0.5105
vn -0.8053 -0.2912 -0.5164
vn 0.2568 0.7826 -0.5671
vn 0.3655 0.5059 -0.7813
vn -0.6060 -0.2770 -0.7456
vn -0.5998 -0.2766 -0.7508
vn -0.4036 -0.2654 -0.8756
vn -0.4092 -0.2656 -0.8729
vn -0.4858 0.8142 -0.3178
vn -0.7166 0.5298 -0.4536
vn -0.5604 0.8215 -0.1057
vn -0.8281 0.5388 -0.1546
vn -0.0000 -0.2333 0.9724
vn 0.4170 0.1850 -0.8899
vn -0.2083 0.1893 0.9596
vn -0.8276 0.2097 -0.5207
vn -0.9598 0.2174 -0.1776
vn 0.8202 -0.0467 0.5702
vn 0.3544 0.0051 0.9351
vn 0.3295 0.0061 0.9442
vn 0.8432 -0.0516 0.5352
vn -0.0360 0.8660 -0.4988
vn -0.4027 0.3424 -0.8489
vn -0.5182 0.8149 -0.2596
vn -0.3299 0.9425 0.0536
vn -0.8709 -0.0516 -0.4888
vn -0.8908 -0.0467 -0.4519
vn -0.2750 -0.0109 -0.9614
vn -0.5126 -0.8502 0.1196
vn -0.6123 -0.7865 -0.0802
vn -0.2342 -0.8896 0.3921
vn -0.5549 -0.7747 -0.3032
vn -0.6061 -0.7508 -0.2625
vn -0.6549 0.0563 0.7536
vn -0.5114 -0.0749 0.8561
vn -0.5128 -0.0062 0.8585
vn -0.9990 0.0405 -0.0213
vn -0.9351 0.1296 -0.3298
vn -0.9367 0.0971 -0.3363
vn -0.2858 -0.9430 -0.1707
vn -0.0000 -1.0000 -0.0000
vn -0.1304 -0.9671 0.2183
vn -0.4071 -0.9132 0.0183
vn -0.2631 -0.8584 0.4404
vn -0.5278 -0.8118 0.2499
vn -0.7877 0.0419 0.6146
vn -0.9913 0.0051 0.1312
vn -0.9875 0.0061 0.1574
vn -0.7647 -0.0412 0.6431
vn -0.6689 0.1271 0.7324
vn 0.1092 0.9425 0.3159
vn -0.2725 0.8472 0.4561
vn -0.4955 -0.2578 0.8295
vn -0.6153 -0.1457 0.7747
vn -0.5346 0.8407 0.0859
vn -0.8825 0.1329 -0.4511
vn -0.6719 -0.7397 -0.0365
vn 0.0982 -0.2633 -0.9597
vn -0.2750 -0.0108 -0.9614
vn 0.1142 -0.1387 -0.9837
vn -0.4027 0.3425 -0.8489
vn -0.0360 0.8659 -0.4989
vn 0.1555 0.3971 -0.9045
vn -0.4027 0.3425 -0.8488
vn 0.1555 0.3970 -0.9045
vn 0.0983 -0.2633 -0.9597
vn 0.1143 -0.1388 -0.9837
vn 0.4482 -0.4681 -0.7615
vn -0.8547 0.0937 -0.5106
vn -0.3245 0.8550 0.4047
vn -0.2619 -0.8598 0.4384
vn 0.4534 0.8661 -0.2105
vn 0.4742 0.8149 0.3332
vn 0.9384 0.3431 -0.0413
vn 0.9856 -0.0051 -0.1692
vn 0.9384 0.3432 -0.0413
vn 0.1377 -0.8502 0.5081
vn 0.3609 -0.7865 0.5012
vn 0.5300 -0.7747 0.3449
vn 0.5185 -0.7508 0.4093
vn -0.3531 0.0563 0.9339
vn 0.4923 0.0405 0.8695
vn 0.7402 0.0971 0.6654
vn 0.7337 0.1296 0.6671
vn 0.2858 -0.9430 0.1707
vn 0.1769 -0.9132 0.3671
vn 0.0301 -0.8118 0.5832
vn -0.1678 0.0419 0.9849
vn -0.2038 -0.0412 0.9781
vn -0.3279 0.1271 0.9361
vn -0.4306 0.0451 0.9014
vn 0.1777 0.8407 0.5114
vn 0.8155 0.1329 0.5633
vn 0.3506 -0.7397 0.5743
vn 0.7986 -0.2785 -0.5336
vn 0.8390 -0.1352 -0.5270
vn 0.7367 0.3947 -0.5491
vn 0.4534 0.8661 -0.2106
vn 0.8390 -0.1352 -0.5271
vn 0.7985 -0.2786 -0.5336
vn 0.8547 0.0937 0.5106
vn -0.2025 0.8550 0.4775
vn -0.5897 0.0451 0.8064
vn -0.5096 0.1124 0.8530
vn -0.3905 -0.1457 0.9090
vn 0.4636 -0.8752 0.1380
vn 0.4636 -0.8752 0.1381
vn 0.3051 -0.8645 0.3993
vn 0.3024 -0.8637 0.4032
vn -0.5128 0.0007 0.8585
vn -0.8652 0.3299 0.3776
vn -0.8678 -0.3249 0.3760
vn 0.0777 0.3299 0.9408
vn -0.3930 0.6424 0.6579
vn -0.3938 -0.6406 0.6592
vn -0.3288 0.8830 -0.3349
vn -0.3288 0.8830 -0.3348
vn -0.4831 0.8725 -0.0731
vn -0.4860 0.8714 -0.0672
vn -0.8015 -0.0000 -0.5979
vn -0.9406 -0.0000 -0.3395
vn -0.9405 -0.0000 -0.3398
vn 0.0802 -0.3249 0.9423
vn -0.3413 -0.8752 -0.3428
vn -0.4984 -0.8637 -0.0751
vn -0.4962 -0.8645 -0.0794
vn 0.4507 0.8830 0.1308
vn 0.2895 0.8714 0.3961
vn 0.2934 0.8725 0.3907
vn 0.9064 -0.0000 0.4224
vn 0.7450 -0.0000 0.6670
vn 0.7448 -0.0000 0.6673
vn 0.3023 -0.8637 0.4033
vn 0.3051 -0.8645 0.3994
vn 0.0803 -0.3249 0.9423
vn 0.7447 -0.0000 0.6674
vn 0.7450 -0.0000 0.6671
vn 0.2933 0.8725 0.3908
vn 0.2895 0.8713 0.3962
vn -0.4861 0.8713 -0.0671
vn -0.8652 0.3299 0.3775
vn -0.3930 0.6425 0.6579
vn -0.9406 -0.0000 -0.3394
vn -0.4963 -0.8645 -0.0793
vn 0.4034 0.6297 -0.6639
vn 0.1556 0.3971 -0.9045
vn 0.3951 -0.6478 -0.6514
vn -0.0000 1.0000 -0.0000
vn 0.9384 0.3431 -0.0412
vn 0.1142 -0.1388 -0.9837
vn -0.0000 0.3031 -0.9530
vn -0.0000 0.4637 -0.8860
vn 0.1865 0.4681 -0.8638
vn 0.2011 0.3065 -0.9304
vn 0.4006 0.3162 -0.8600
vn 0.3700 0.4806 -0.7951
vn 0.5439 0.4992 -0.6745
vn 0.5928 0.3309 -0.7342
vn 0.7165 0.5214 -0.4634
vn 0.7873 0.3492 -0.5081
vn 0.9161 0.3594 -0.1774
vn 0.8302 0.5338 -0.1610
vn -0.9161 0.3594 -0.1774
vn -0.8301 0.5338 -0.1610
vn -0.7165 0.5214 -0.4634
vn -0.7873 0.3492 -0.5081
vn -0.5439 0.4992 -0.6745
vn -0.5928 0.3309 -0.7342
vn -0.4006 0.3162 -0.8600
vn -0.3700 0.4806 -0.7951
vn -0.1865 0.4681 -0.8638
vn -0.2011 0.3065 -0.9304
vn -0.9161 0.3594 0.1774
vn -0.8302 0.5338 0.1610
vn 0.0019 1.0000 0.0021
vn 0.0037 1.0000 -0.0025
vn -0.0037 1.0000 -0.0025
vn -0.0019 1.0000 0.0021
vn 0.0016 1.0000 -0.0001
vn -0.0000 1.0000 -0.0059
vn -0.0016 1.0000 -0.0001
vn 0.9161 0.3594 0.1774
vn 0.8302 0.5338 0.1610
vn 0.7645 0.6302 0.1359
vn 0.7616 0.6299 -0.1523
vn 0.4821 0.4294 0.7637
vn 0.6020 0.3257 0.7291
vn 0.5726 0.4980 0.6513
vn 0.5548 0.5976 0.5789
vn 0.7873 0.3492 0.5081
vn 0.7165 0.5214 0.4634
vn -0.7873 0.3492 0.5081
vn -0.7165 0.5214 0.4634
vn -0.6020 0.3257 0.7291
vn -0.5726 0.4980 0.6513
vn -0.4074 0.3073 0.8600
vn -0.4821 0.4294 0.7637
vn -0.3545 0.0567 0.9333
vn 0.0034 1.0000 0.0016
vn 0.0016 1.0000 -0.0026
vn -0.0016 1.0000 -0.0026
vn -0.0034 1.0000 0.0016
vn -0.0000 1.0000 0.0048
vn -0.5548 0.5976 0.5789
vn -0.6722 0.6185 0.4070
vn 0.6722 0.6185 0.4071
vn -0.7645 0.6302 0.1359
vn -0.7616 0.6299 -0.1523
vn -0.1714 0.5578 -0.8121
vn -0.0000 0.5533 -0.8330
vn -0.3398 0.5709 -0.7474
vn -0.4992 0.5908 -0.6339
vn -0.6550 0.6162 -0.4373
vn 0.6550 0.6162 -0.4373
vn 0.4992 0.5908 -0.6339
vn 0.3398 0.5709 -0.7474
vn 0.1714 0.5578 -0.8121
vn 0.0711 -0.9447 -0.3201
vn -0.0000 -0.9453 -0.3262
vn -0.0001 -0.9454 -0.3261
vn 0.0710 -0.9446 -0.3205
vn -0.0000 0.8695 -0.4940
vn -0.0000 0.9969 -0.0791
vn 0.0305 0.9966 -0.0760
vn 0.1047 0.8685 -0.4844
vn 0.2114 0.8704 -0.4447
vn 0.1444 -0.9428 -0.3005
vn 0.1430 -0.9428 -0.3010
vn 0.0704 0.9962 -0.0507
vn 0.3074 0.8722 -0.3806
vn 0.2212 -0.9390 -0.2632
vn 0.2178 -0.9393 -0.2653
vn 0.4158 0.8700 -0.2650
vn 0.3145 -0.9274 -0.2027
vn 0.3034 -0.9294 -0.2103
vn 0.0939 0.9956 0.0028
vn 0.4953 0.8640 -0.0909
vn 0.4300 -0.9001 -0.0701
vn 0.4087 -0.9070 -0.1019
vn -0.4952 0.8640 -0.0909
vn -0.0939 0.9956 0.0027
vn -0.0704 0.9962 -0.0507
vn -0.4158 0.8700 -0.2650
vn -0.5889 0.7123 -0.3819
vn -0.3074 0.8721 -0.3806
vn -0.4479 0.7062 -0.5484
vn -0.3074 0.8722 -0.3806
vn -0.2212 -0.9390 -0.2632
vn -0.3144 -0.9274 -0.2028
vn -0.3034 -0.9294 -0.2103
vn -0.2178 -0.9393 -0.2653
vn -0.0306 0.9966 -0.0759
vn -0.2114 0.8704 -0.4447
vn -0.1444 -0.9428 -0.3005
vn -0.1430 -0.9429 -0.3009
vn -0.0710 -0.9447 -0.3202
vn -0.0707 -0.9447 -0.3202
vn -0.1048 0.8685 -0.4844
vn -0.5153 0.8500 0.1098
vn -0.4301 -0.9001 -0.0701
vn -0.4087 -0.9070 -0.1019
vn 0.5153 0.8499 0.1099
vn -0.0000 0.4763 0.8793
vn 0.1450 0.4860 0.8619
vn 0.1042 0.8055 0.5834
vn -0.0000 0.8009 0.5988
vn 0.5789 -0.7601 0.2950
vn 0.6839 -0.7224 0.1018
vn 0.7272 -0.6864 -0.0066
vn 0.1041 0.8055 0.5834
vn 0.0388 0.9942 0.1004
vn -0.0000 0.9943 0.1065
vn 0.2313 0.8282 0.5105
vn -0.2905 0.5710 0.7679
vn -0.1450 0.4859 0.8619
vn -0.1041 0.8055 0.5834
vn -0.2313 0.8282 0.5105
vn 0.3582 0.8356 0.4165
vn 0.0796 0.9948 0.0632
vn 0.4607 0.8363 0.2972
vn -0.4804 -0.8749 -0.0615
vn -0.5658 -0.8162 -0.1166
vn -0.5512 -0.8286 -0.0975
vn -0.4756 -0.8761 -0.0796
vn 0.4804 -0.8749 -0.0615
vn 0.4707 -0.8797 -0.0678
vn 0.4730 -0.8799 -0.0440
vn 0.4756 -0.8760 -0.0797
vn -0.4607 0.8363 0.2972
vn -0.0796 0.9948 0.0632
vn -0.4707 -0.8797 -0.0678
vn -0.4730 -0.8800 -0.0440
vn -0.3581 0.8356 0.4165
vn -0.0388 0.9942 0.1003
vn -0.0880 0.4117 0.9071
vn -0.0000 0.4094 0.9123
vn -0.7088 -0.6784 -0.1931
vn -0.6921 -0.6957 -0.1924
vn -0.6839 -0.7224 0.1018
vn -0.5789 -0.7601 0.2950
vn -0.5789 -0.7602 0.2950
vn -0.7272 -0.6864 -0.0066
vn 0.7088 -0.6784 -0.1931
vn 0.6921 -0.6957 -0.1924
vn 0.5658 -0.8162 -0.1166
vn 0.5513 -0.8286 -0.0975
vn 0.6530 0.6386 0.4071
vn 0.7282 0.6731 0.1290
vn 0.5154 0.8499 0.1098
vn 0.4608 0.8362 0.2972
vn 0.0880 0.4118 0.9070
vn -0.5094 0.6298 0.5864
vn 0.6967 0.7023 -0.1458
vn 0.4953 0.8639 -0.0910
vn -0.6967 0.7024 -0.1458
vn -0.7282 0.6731 0.1290
vn -0.5154 0.8499 0.1099
vn -0.4953 0.8639 -0.0909
vn 0.1541 0.6976 -0.6997
vn 0.1047 0.8685 -0.4845
vn 0.3052 0.7010 -0.6446
vn 0.5889 0.7123 -0.3819
vn 0.4158 0.8699 -0.2651
vn 0.2905 0.5710 0.7678
vn 0.2314 0.8281 0.5106
vn 0.4480 0.7061 -0.5484
vn 0.3074 0.8721 -0.3807
vn -0.6530 0.6387 0.4071
vn -0.4608 0.8362 0.2973
vn -0.0001 0.6967 -0.7174
vn -0.0000 0.8694 -0.4940
vn -0.1541 0.6977 -0.6996
vn -0.1048 0.8685 -0.4845
vn 0.5094 0.6298 0.5864
vn -0.3052 0.7011 -0.6445
vn 0.6375 -0.2545 0.7272
vn 0.4305 -0.3254 0.8419
vn 0.4305 -0.3253 0.8419
vn 0.5884 -0.2741 0.7607
vn -0.4306 -0.3254 0.8419
vn -0.6375 -0.2545 0.7271
vn -0.5883 -0.2741 0.7607
vn 0.8507 -0.1995 0.4863
vn 0.8705 -0.2023 0.4487
vn -0.8705 -0.2024 0.4487
vn -0.8507 -0.1995 0.4863
vn 0.9072 -0.2309 0.3517
vn 0.8901 -0.2510 0.3804
vn -0.8901 -0.2510 0.3804
vn -0.9072 -0.2309 0.3517
vn -0.9172 -0.3261 0.2288
vn -0.9035 -0.3061 0.3000
vn -0.9266 -0.3716 0.0581
vn -0.9271 -0.3688 0.0673
vn 0.9266 -0.3715 0.0581
vn 0.9172 -0.3261 0.2289
vn 0.9035 -0.3061 0.3000
vn 0.9271 -0.3688 0.0673
vn 0.9103 -0.3690 -0.1878
vn 0.9128 -0.3709 -0.1709
vn -0.9128 -0.3709 -0.1709
vn -0.9103 -0.3689 -0.1878
vn -0.2232 -0.1744 -0.9590
vn -0.0000 -0.1640 -0.9865
vn -0.2104 -0.1732 -0.9621
vn -0.4399 -0.2047 -0.8744
vn -0.4179 -0.2005 -0.8861
vn -0.6383 -0.2503 -0.7280
vn -0.6143 -0.2437 -0.7505
vn -0.8099 -0.3140 -0.4955
vn -0.7921 -0.3058 -0.5282
vn 0.8099 -0.3140 -0.4955
vn 0.7921 -0.3059 -0.5282
vn 0.6385 -0.2501 -0.7279
vn 0.6143 -0.2439 -0.7505
vn 0.4399 -0.2044 -0.8745
vn 0.4180 -0.2005 -0.8861
vn 0.2232 -0.1744 -0.9591
vn 0.2104 -0.1733 -0.9621
vn 0.3545 0.0567 0.9333
vn -0.0000 0.0623 0.9981
vn -0.3988 0.2929 0.8690
vn -0.3391 0.1908 0.9212
vn -0.4694 0.1045 0.8768
vn 0.3988 0.2932 0.8689
vn 0.4694 0.1045 0.8768
vn 0.3391 0.1908 0.9212
vn -0.0000 0.9556 0.2947
vn -0.0721 0.9618 0.2642
vn -0.0718 0.9608 0.2677
vn -0.4181 -0.0715 0.9056
vn -0.0000 -0.0308 0.9995
vn -0.0000 0.1272 0.9919
vn 0.4180 -0.0715 0.9056
vn -0.0000 0.2844 0.9587
vn -0.0000 -0.9144 0.4049
vn 0.0949 -0.9676 0.2339
vn 0.0936 -0.9628 0.2534
vn -0.0000 -0.9025 0.4307
vn -0.0936 -0.9628 0.2534
vn -0.0000 0.9541 0.2995
vn 0.0718 0.9608 0.2677
vn 0.0721 0.9618 0.2642
vn -0.0949 -0.9676 0.2339
vn -0.3012 -0.0467 -0.9524
vn 0.2905 0.0051 -0.9569
vn 0.3158 0.0061 -0.9488
vn -0.3407 -0.0516 -0.9387
vn -0.2610 0.8756 0.4065
vn -0.1690 0.3461 0.9228
vn 0.2517 0.8149 0.5221
vn 0.2940 0.9425 0.1591
vn 0.3910 -0.0516 0.9189
vn 0.4293 -0.0467 0.9019
vn -0.2946 -0.0093 0.9556
vn 0.4789 -0.8502 0.2184
vn 0.4359 -0.7865 0.4375
vn 0.4249 -0.8896 -0.1674
vn 0.2542 -0.7747 0.5790
vn 0.3196 -0.7508 0.5781
vn 0.9788 0.0563 -0.1967
vn 0.9278 -0.0749 -0.3655
vn 0.9304 -0.0062 -0.3665
vn 0.7779 0.0405 0.6270
vn 0.5390 0.1296 0.8323
vn 0.5363 0.0971 0.8384
vn 0.1220 -0.9430 0.3097
vn 0.2365 -0.9671 -0.0932
vn 0.3335 -0.9132 0.2342
vn 0.4773 -0.8584 -0.1880
vn 0.5706 -0.8118 0.1245
vn 0.9991 0.0419 -0.0055
vn 0.8651 0.0051 0.5016
vn 0.8781 0.0061 0.4785
vn 0.9983 -0.0412 -0.0422
vn 0.9770 0.1271 -0.1714
vn 0.1064 0.9425 -0.3168
vn 0.4943 0.8472 -0.1947
vn 0.8990 -0.2578 -0.3541
vn 0.9604 -0.1457 -0.2376
vn 0.4758 0.8407 0.2585
vn 0.4233 0.1329 0.8962
vn 0.5097 -0.7397 0.4393
vn -0.6344 -0.2946 0.7147
vn -0.6383 -0.1513 0.7548
vn -0.1691 0.3461 0.9228
vn -0.2611 0.8755 0.4065
vn -0.6270 0.4142 0.6597
vn -0.1691 0.3462 0.9228
vn -0.6271 0.4142 0.6597
vn -0.6344 -0.2947 0.7147
vn -0.6383 -0.1514 0.7547
vn -0.8143 -0.4787 0.3284
vn 0.3649 0.0937 0.9263
vn 0.5041 0.8550 -0.1222
vn 0.4751 -0.8598 -0.1872
vn -0.4690 0.8766 -0.1080
vn -0.1720 0.8149 -0.5535
vn -0.7391 0.3487 -0.5764
vn -0.7165 0.0319 -0.6968
vn -0.7390 0.3487 -0.5764
vn 0.2013 -0.8502 -0.4864
vn 0.0204 -0.7865 -0.6172
vn -0.2090 -0.7747 -0.5968
vn -0.1605 -0.7508 -0.6407
vn 0.8500 0.0563 -0.5237
vn 0.1413 0.0405 -0.9891
vn -0.1796 0.0971 -0.9789
vn -0.1735 0.1296 -0.9763
vn -0.1220 -0.9430 -0.3097
vn 0.0842 -0.9132 -0.3987
vn 0.3324 -0.8118 -0.4802
vn 0.7345 0.0419 -0.6774
vn 0.7588 -0.0412 -0.6500
vn 0.8314 0.1271 -0.5410
vn 0.8915 0.0451 -0.4508
vn 0.1716 0.8407 -0.5135
vn -0.7165 0.0320 -0.6968
vn 0.0732 -0.7397 -0.6689
vn -0.5447 0.0918 -0.8336
vn -0.8636 0.0506 -0.5016
vn -0.7166 0.0319 -0.6968
vn -0.9040 0.4129 -0.1111
vn -0.9147 -0.3577 0.1883
vn -0.8698 -0.4839 0.0964
vn -0.5446 0.0918 -0.8336
vn 0.4520 0.8550 -0.2544
vn 0.9594 0.0451 -0.2783
vn 0.9245 0.1124 -0.3642
vn 0.8644 -0.1457 -0.4812
vn -0.2828 -0.8752 -0.3925
vn 0.0023 -0.8645 -0.5026
vn 0.0069 -0.8637 -0.5039
vn 0.9304 0.0007 -0.3665
vn 0.9157 0.3299 0.2295
vn 0.9168 -0.3249 0.2323
vn 0.5131 0.3299 -0.7924
vn 0.7130 0.6424 -0.2809
vn 0.7144 -0.6406 -0.2814
vn 0.0558 0.8830 0.4660
vn 0.3379 0.8725 0.3529
vn 0.3438 0.8714 0.3501
vn 0.2694 -0.0000 0.9630
vn 0.5374 -0.0000 0.8433
vn 0.5371 -0.0000 0.8435
vn 0.5120 -0.3249 -0.7951
vn 0.0609 -0.8752 0.4799
vn 0.3487 -0.8637 0.3639
vn 0.3444 -0.8645 0.3660
vn -0.2770 0.8830 -0.3788
vn 0.0127 0.8714 -0.4905
vn 0.0064 0.8725 -0.4886
vn -0.4597 -0.0000 -0.8881
vn -0.4598 -0.0000 -0.8880
vn -0.1825 -0.0000 -0.9832
vn -0.1822 -0.0000 -0.9833
vn 0.0069 -0.8637 -0.5040
vn 0.0024 -0.8645 -0.5026
vn 0.5120 -0.3250 -0.7951
vn 0.7144 -0.6406 -0.2815
vn -0.1821 -0.0000 -0.9833
vn -0.1824 -0.0000 -0.9832
vn 0.0128 0.8713 -0.4905
vn 0.3439 0.8713 0.3500
vn 0.9157 0.3299 0.2296
vn 0.7130 0.6425 -0.2809
vn 0.5372 -0.0000 0.8435
vn 0.5375 -0.0000 0.8433
vn 0.3445 -0.8645 0.3660
vn 0.3488 -0.8637 0.3638
vn 0.9167 -0.3250 0.2323
vn -0.7160 0.6424 0.2733
vn -0.7107 -0.6478 0.2745
vn -0.0103 -0.9746 -0.2239
vn -0.0290 -0.9743 -0.2233
vn -0.0289 -0.9743 -0.2234
vn -0.0106 -0.9746 -0.2239
vn 0.0081 0.9957 0.0925
vn -0.0893 0.9907 0.1026
vn -0.3389 0.9326 0.1241
vn 0.0081 0.9957 0.0924
vn 0.9954 -0.0002 -0.0955
vn 0.9246 -0.3624 -0.1176
vn 0.9910 -0.0868 -0.1019
vn 0.9954 -0.0003 -0.0954
vn 0.9997 -0.0139 -0.0220
vn 0.9997 -0.0136 -0.0222
vn -0.0091 -0.9887 -0.1496
vn 0.0052 -0.9887 -0.1500
vn 0.0053 -0.9887 -0.1500
vn -0.0089 -0.9887 -0.1496
vn -0.9992 0.0178 -0.0362
vn -0.9992 0.0180 -0.0358
vn 0.0196 0.1814 0.9832
vn 0.0039 0.0851 0.9964
vn -0.1391 -0.4474 0.8834
vn 0.0144 -0.4166 0.9090
vn 0.0094 0.9861 0.1661
vn 0.0265 0.9859 0.1654
vn 0.0266 0.9858 0.1655
vn 0.0092 0.9861 0.1661
vn 0.2068 -0.0556 0.9768
vn 0.2085 -0.2087 0.9555
vn -0.3239 -0.0329 0.9455
vn -0.3267 -0.2111 0.9212
vn 0.0140 -0.4395 0.8982
vn 0.0244 -0.3529 0.9353
vn 0.1764 0.1852 0.9667
vn 0.0195 0.1522 0.9882
vn -0.1717 -0.2038 0.9638
vn -0.1699 -0.0522 0.9841
vn 0.3613 -0.2181 0.9066
vn 0.3639 -0.0392 0.9306
vn -0.2664 -0.4485 0.8532
vn -0.2528 0.2075 0.9450
vn 0.0340 0.0841 0.9959
vn 0.2959 -0.4553 0.8397
vn 0.0055 -0.3535 0.9354
vn 0.2964 0.1994 0.9340
vn 0.2862 0.3028 0.9091
vn 0.4675 0.1080 0.8774
vn 0.3614 -0.2181 0.9065
vn 0.1671 -0.4503 0.8771
vn 0.2806 -0.5455 0.7898
vn 0.4688 -0.3464 0.8126
vn -0.2569 -0.5392 0.8020
vn -0.1391 -0.4475 0.8834
vn -0.3268 -0.2111 0.9212
vn -0.4386 -0.3370 0.8331
vn -0.2471 0.3036 0.9202
vn -0.4297 0.1129 0.8959
vn -0.3240 -0.0328 0.9455
vn -0.1368 0.1863 0.9729
vn 0.1047 0.9898 0.0967
vn 0.3597 0.9273 0.1039
vn 0.7132 0.6937 0.1003
vn 0.7003 -0.7031 -0.1235
vn 0.9910 -0.0867 -0.1018
vn 0.9245 -0.3625 -0.1176
vn -0.6989 0.7011 0.1415
vn -0.7137 -0.6956 -0.0822
vn 0.0189 0.4772 0.8786
vn 0.0196 0.1523 0.9881
vn 0.0080 -0.7107 0.7034
vn 0.0084 -0.6853 0.7282
vn 0.0187 0.4536 0.8910
vn -0.9992 0.0115 0.0386
vn -0.9992 0.0116 0.0388
vn -0.0232 -0.9885 -0.1492
vn -0.0233 -0.9885 -0.1491
vn -0.0081 0.9860 0.1665
vn -0.0081 0.9860 0.1664
vn 0.0082 -0.9744 -0.2245
vn 0.0081 -0.9745 -0.2244
vn 0.9518 0.1940 0.2375
vn 0.9722 -0.0096 0.2341
vn 0.9722 -0.0096 0.2340
vn 0.9518 -0.2127 0.2208
vn 0.0291 -0.0409 0.9987
vn 0.0234 -0.2319 0.9725
vn 0.1654 -0.2104 0.9635
vn 0.1679 -0.0403 0.9850
vn 0.1380 -0.9826 0.1242
vn 0.1420 -0.9820 0.1242
vn 0.3040 -0.9447 0.1225
vn 0.3040 -0.9448 0.1225
vn -0.0173 0.9790 0.2033
vn 0.1380 0.9692 0.2041
vn 0.1420 0.9686 0.2041
vn 0.0233 0.1516 0.9882
vn -0.1032 0.1674 0.9805
vn -0.1055 -0.0407 0.9936
vn -0.0173 -0.9923 0.1226
vn -0.1032 -0.2470 0.9635
vn 0.1654 0.1309 0.9775
vn 0.3040 0.9316 0.1994
vn 0.3041 0.9316 0.1994
vn 0.0033 0.9723 -0.2336
vn 0.0035 0.9723 0.2337
vn 0.0137 0.9721 0.2342
vn 0.0136 0.9721 -0.2342
vn 0.4800 0.2164 0.8501
vn 0.4648 0.6362 0.6158
vn 0.4680 0.6553 0.5929
vn 0.4894 0.1874 0.8517
vn 0.0343 0.7307 0.6819
vn 0.0262 0.9705 0.2397
vn 0.0143 0.7354 0.6775
vn 0.0013 0.7365 0.6765
vn 0.0012 0.9724 0.2332
vn -0.2073 0.9539 0.2170
vn -0.1961 0.7208 0.6648
vn -0.0846 -0.9769 0.1961
vn -0.1081 -0.7358 0.6685
vn 0.3250 -0.6777 0.6596
vn 0.3826 -0.9084 0.1686
vn 0.0012 0.9724 -0.2331
vn 0.0013 0.7364 -0.6765
vn -0.1961 0.7207 -0.6649
vn -0.2072 0.9539 -0.2171
vn 0.0262 0.9705 -0.2395
vn 0.0341 0.7307 -0.6819
vn 0.0142 0.7354 -0.6775
vn 0.4652 -0.1669 -0.8693
vn 0.4250 -0.2443 -0.8716
vn -0.1081 -0.7358 -0.6685
vn 0.3250 -0.6777 -0.6596
vn 0.0034 -0.0000 1.0000
vn 0.0134 -0.0000 0.9999
vn 0.0037 0.2745 0.9616
vn 0.0134 -0.0000 -0.9999
vn 0.0037 0.2746 -0.9616
vn 0.0145 0.2745 -0.9615
vn 0.4800 0.2164 -0.8501
vn 0.5382 -0.0000 -0.8428
vn 0.4894 0.1874 -0.8517
vn 0.0348 0.2773 -0.9601
vn 0.0013 0.2742 -0.9617
vn -0.2111 0.2571 -0.9430
vn 0.5583 0.8160 -0.1495
vn 0.5484 0.8179 -0.1740
vn 0.4648 0.6362 -0.6158
vn 0.4680 0.6553 -0.5929
vn 0.0013 -0.2742 -0.9617
vn 0.0013 -0.7365 -0.6765
vn -0.1999 -0.7206 -0.6639
vn -0.2123 -0.2580 -0.9425
vn 0.0394 -0.2800 -0.9592
vn 0.0451 -0.7315 -0.6803
vn 0.0142 -0.7353 -0.6776
vn 0.0145 -0.2745 -0.9615
vn 0.5382 -0.0000 0.8428
vn 0.2162 0.2693 -0.9385
vn 0.1808 0.2759 -0.9440
vn 0.1642 0.7256 -0.6683
vn 0.2072 0.7174 -0.6652
vn 0.0033 -0.9723 0.2336
vn 0.0035 -0.9723 -0.2337
vn 0.0137 -0.9721 -0.2342
vn 0.0136 -0.9721 0.2342
vn 0.3826 -0.9084 -0.1686
vn -0.0845 -0.9769 -0.1961
vn 0.0407 -0.9702 -0.2390
vn 0.0012 -0.9724 -0.2332
vn -0.2122 -0.9528 -0.2170
vn 0.0012 -0.9724 0.2331
vn 0.0013 -0.7364 0.6765
vn -0.2000 -0.7206 0.6639
vn -0.2122 -0.9528 0.2170
vn 0.0407 -0.9702 0.2389
vn 0.0449 -0.7315 0.6804
vn 0.0142 -0.7354 0.6775
vn 0.0392 -0.2797 0.9593
vn 0.0145 -0.2745 0.9615
vn 0.0037 -0.2746 0.9616
vn 0.0013 -0.2742 0.9617
vn -0.2123 -0.2580 0.9425
vn 0.0013 0.2742 0.9617
vn -0.2111 0.2571 0.9430
vn 0.0351 0.2776 0.9600
vn 0.0145 0.2745 0.9615
vn 0.9776 -0.0000 0.2105
vn 0.9776 -0.0000 -0.2105
vn 0.9515 0.2369 -0.1963
vn 0.9515 0.2368 0.1963
vn 0.7458 -0.0000 0.6662
vn 0.7275 0.2243 0.6484
vn 0.6180 -0.5839 0.5264
vn 0.7097 -0.6805 0.1823
vn 0.9530 -0.2307 0.1964
vn 0.7284 -0.2183 0.6494
vn 0.6458 0.7457 0.1642
vn 0.6458 0.7456 -0.1642
vn 0.5891 0.6310 0.5048
vn 0.7458 -0.0000 -0.6662
vn 0.7274 0.2243 -0.6485
vn 0.5891 0.6310 -0.5048
vn 0.7097 -0.6805 -0.1823
vn 0.9530 -0.2307 -0.1964
vn 0.6180 -0.5839 -0.5264
vn 0.7285 -0.2183 -0.6494
vn 0.2147 0.7653 -0.6068
vn 0.2497 0.2363 -0.9390
vn -0.2632 0.2230 -0.9386
vn -0.2287 0.4476 -0.8645
vn -0.5548 -0.6150 -0.5604
vn -0.6873 -0.2291 -0.6893
vn 0.2498 -0.2303 -0.9405
vn 0.2651 -0.0000 -0.9642
vn 0.2394 -0.7110 -0.6611
vn -0.2944 -0.0000 -0.9557
vn -0.5628 -0.0000 -0.8266
vn -0.5191 0.2035 -0.8301
vn -0.2424 -0.7090 -0.6622
vn -0.2632 -0.2173 -0.9400
vn -0.6631 -0.7200 0.2047
vn -0.5548 -0.6150 0.5603
vn -0.6872 -0.2291 0.6894
vn -0.9428 -0.2548 0.2148
vn -0.4612 0.3779 -0.8028
vn -0.5504 0.6180 -0.5614
vn -0.6593 0.7234 -0.2049
vn -0.6593 0.7234 0.2050
vn -0.5190 -0.1972 -0.8317
vn -0.2944 -0.0000 0.9557
vn -0.2632 -0.2173 0.9400
vn 0.2499 -0.2304 0.9405
vn 0.2651 -0.0000 0.9642
vn -0.6631 -0.7200 -0.2046
vn -0.9429 -0.2548 -0.2147
vn -0.7067 -0.0000 0.7075
vn -0.2257 -0.0000 0.9742
vn -0.6630 -0.7201 0.2046
vn -0.6862 0.2301 0.6901
vn -0.5504 0.6180 0.5614
vn 0.4250 -0.2443 0.8716
vn 0.4652 -0.1670 0.8693
vn -0.6630 -0.7201 -0.2046
vn -0.2287 0.4476 0.8645
vn -0.2632 0.2230 0.9386
vn 0.2497 0.2363 0.9390
vn 0.2146 0.7653 0.6068
vn -0.9428 0.2549 0.2147
vn -0.6594 0.7234 0.2049
vn -0.5628 -0.0000 0.8266
vn -0.5190 -0.1972 0.8317
vn -0.6862 0.2301 -0.6901
vn -0.2424 -0.7090 0.6622
vn -0.5191 0.2036 0.8301
vn -0.4611 0.3779 0.8029
vn 0.2395 -0.7110 0.6611
vn -0.9739 -0.0000 0.2268
vn 0.2502 -0.9481 -0.1963
vn -0.2632 -0.9468 -0.1851
vn -0.2257 -0.0000 -0.9742
vn -0.7067 -0.0000 -0.7075
vn 0.2502 -0.9481 0.1963
vn -0.2632 -0.9468 0.1851
vn -0.9428 0.2547 -0.2148
vn -0.6594 0.7233 -0.2050
vn 0.7096 -0.6806 -0.1823
vn 0.7096 -0.6806 0.1823
vn 0.1728 0.9760 -0.1326
vn -0.1812 0.9757 -0.1230
vn -0.1814 0.9757 0.1227
vn 0.1728 0.9760 0.1326
vn -0.9739 -0.0000 -0.2268
vn -0.1683 0.9542 -0.2474
vn 0.6457 0.7457 0.1642
vn 0.6457 0.7457 -0.1642
vn -0.3568 0.9038 -0.2365
vn -0.3617 0.9242 -0.1226
vn -0.1684 0.9542 0.2474
vn -0.3616 0.9243 0.1225
vn -0.3567 0.9038 0.2366
vn 0.5484 0.8179 0.1740
vn 0.5583 0.8161 0.1495
vn 0.1614 -0.9637 0.2125
vn 0.1614 -0.9637 -0.2125
vn 0.2015 -0.9512 -0.2337
vn 0.2015 -0.9512 0.2337
vn 0.2022 0.9510 0.2340
vn 0.2071 0.7174 0.6651
vn 0.2529 0.7072 0.6603
vn 0.2462 0.9419 0.2286
vn 0.2069 -0.7176 0.6650
vn 0.1642 -0.7258 0.6680
vn 0.1809 -0.2766 -0.9438
vn 0.1796 -0.0007 -0.9837
vn 0.2117 -0.0004 -0.9773
vn 0.2162 -0.2697 -0.9384
vn 0.2162 0.2694 0.9384
vn 0.1642 0.7255 0.6683
vn 0.1808 0.2759 0.9440
vn 0.0580 -0.9677 -0.2452
vn 0.0580 -0.9677 0.2452
vn 0.1619 0.9636 -0.2129
vn 0.2023 0.9510 -0.2340
vn 0.1619 0.9636 0.2129
vn 0.2540 0.2579 0.9322
vn 0.0037 -0.2745 -0.9616
vn 0.0034 -0.0000 -1.0000
vn 0.0283 -0.0002 -0.9996
vn 0.0283 -0.0002 0.9996
vn 0.9585 0.2770 -0.0679
vn 0.9586 0.2091 -0.1932
vn 0.9586 0.2093 -0.1929
vn 0.9585 0.2769 -0.0678
vn -0.9578 0.2795 0.0673
vn -0.9581 0.2106 0.1944
vn -0.9580 0.2107 0.1943
vn -0.9577 0.2798 0.0671
vn 0.0038 0.7362 0.6767
vn 0.0036 -0.7361 0.6768
vn 0.9593 0.0807 -0.2705
vn 0.9571 -0.0000 -0.2896
vn 0.9571 -0.0000 -0.2897
vn 0.9593 0.0801 -0.2707
vn 0.0038 -0.7362 -0.6767
vn -0.9580 0.2107 -0.1948
vn -0.9577 0.2798 -0.0672
vn -0.9578 0.2797 -0.0669
vn -0.9581 0.2106 -0.1943
vn 0.0036 0.7361 -0.6768
vn -0.9586 0.0801 -0.2734
vn -0.9586 0.0795 -0.2734
vn 0.1796 -0.0007 0.9837
vn 0.2117 -0.0004 0.9773
vn 0.2453 -0.9421 0.2285
vn 0.2524 -0.7073 0.6603
vn 0.2436 -0.0004 0.9699
vn 0.1642 -0.7258 -0.6680
vn 0.2069 -0.7176 -0.6650
vn 0.2538 -0.2582 -0.9322
vn 0.2524 -0.7073 -0.6603
vn 0.2453 -0.9421 -0.2285
vn 0.2461 0.9419 -0.2285
vn 0.2529 0.7072 -0.6603
vn 0.2435 -0.0001 -0.9699
vn 0.2540 0.2579 -0.9322
vn 0.1809 -0.2766 0.9438
vn 0.2162 -0.2697 0.9384
vn 0.0012 0.9724 -0.2332
vn 0.0012 -0.0000 -1.0000
vn 0.0013 0.2740 -0.9617
vn 0.0012 -0.9724 0.2332
vn 0.0012 -0.0000 1.0000
vn 0.0013 -0.2740 0.9617
vn 0.0013 0.2741 0.9617
vn 0.0013 -0.2741 -0.9617
vn 0.9593 -0.0807 -0.2705
vn 0.9586 -0.2093 -0.1930
vn 0.9586 -0.2095 -0.1930
vn 0.9593 -0.0800 -0.2707
vn -0.9581 -0.2106 -0.1944
vn -0.9586 -0.0801 -0.2733
vn -0.9586 -0.0795 -0.2735
vn -0.9580 -0.2110 -0.1943
vn 0.9585 -0.2769 -0.0677
vn 0.9585 -0.2770 0.0679
vn 0.9585 -0.2769 0.0678
vn 0.9585 -0.2770 -0.0677
vn -0.9578 -0.2795 -0.0673
vn -0.9577 -0.2797 -0.0671
vn -0.9580 -0.2107 0.1948
vn -0.9577 -0.2798 0.0673
vn -0.9578 -0.2797 0.0669
vn -0.9580 -0.2108 0.1945
vn 0.9586 -0.2094 0.1931
vn 0.9586 -0.2095 0.1930
vn -0.9586 -0.0801 0.2734
vn -0.9586 -0.0795 0.2735
vn 0.0655 -0.7260 -0.6846
vn 0.0440 0.2719 -0.9613
vn 0.0333 -0.0001 -0.9994
vn 0.0519 -0.2671 -0.9623
vn 0.0288 0.9693 -0.2444
vn 0.0436 0.7292 -0.6829
vn 0.0436 0.7292 0.6829
vn 0.0288 0.9693 0.2443
vn 0.2538 -0.2582 0.9322
vn 0.2718 -0.2596 0.9267
vn 0.2427 -0.0004 0.9701
vn 0.2427 -0.0011 0.9701
vn 0.2738 -0.2832 0.9191
vn 0.0440 0.2718 0.9613
vn 0.0656 -0.7260 0.6846
vn -0.8632 0.4858 0.1374
vn -0.8643 0.4919 0.1050
vn -0.8643 0.4919 -0.1050
vn -0.8632 0.4859 -0.1374
vn 0.0518 -0.2673 0.9622
vn 0.0333 -0.0002 0.9994
vn -0.8828 0.1321 0.4509
vn -0.8752 0.0001 0.4838
vn -0.8752 -0.0011 0.4838
vn -0.8828 0.1361 0.4495
vn -0.8828 0.1361 -0.4496
vn -0.8752 -0.0011 -0.4837
vn -0.8752 0.0001 -0.4838
vn -0.8828 0.1321 -0.4508
vn -0.8732 0.3612 0.3271
vn -0.8742 0.3530 0.3335
vn -0.8732 0.3613 -0.3271
vn -0.8742 0.3530 -0.3335
vn -0.8877 -0.1227 -0.4439
vn -0.8885 -0.1381 -0.4376
vn -0.8882 -0.3365 -0.3128
vn -0.8882 -0.3367 -0.3126
vn -0.8834 -0.4508 -0.1279
vn -0.8846 -0.4561 -0.0971
vn -0.8882 -0.3364 0.3128
vn -0.8834 -0.4508 0.1280
vn -0.8846 -0.4561 0.0971
vn -0.8882 -0.3367 0.3126
vn -0.8885 -0.1381 0.4376
vn -0.8877 -0.1227 0.4438
vn 0.2756 -0.9291 0.2466
vn 0.2878 -0.6862 0.6680
vn 0.2877 -0.6876 0.6666
vn 0.2756 -0.9286 0.2484
vn 0.2682 0.6926 0.6696
vn 0.2488 0.9365 0.2471
vn 0.2492 0.9353 0.2512
vn 0.2684 0.6896 0.6727
vn 0.2488 0.9365 -0.2472
vn 0.2490 0.9353 -0.2514
vn 0.2682 0.6926 -0.6696
vn 0.2683 0.6896 -0.6726
vn 0.2647 0.2637 -0.9276
vn 0.2654 0.2793 -0.9228
vn 0.2426 -0.0004 -0.9701
vn 0.2426 -0.0010 -0.9701
vn 0.2717 -0.2597 -0.9267
vn 0.2740 -0.2834 -0.9191
vn 0.2878 -0.6863 -0.6680
vn 0.2878 -0.6876 -0.6666
vn 0.2755 -0.9291 -0.2466
vn 0.2758 -0.9286 -0.2482
vn 0.2646 0.2641 0.9275
vn 0.2655 0.2793 0.9228
vn -0.7527 0.6398 0.1556
vn -0.7619 0.4692 0.4464
vn -0.7618 0.4674 0.4486
vn -0.7531 0.6353 0.1709
vn -0.7524 0.6401 -0.1556
vn -0.7534 0.6350 -0.1705
vn -0.7619 0.4692 -0.4464
vn -0.7620 0.4671 -0.4486
vn -0.7548 0.1733 -0.6326
vn -0.7555 0.1892 -0.6272
vn -0.7349 -0.0002 -0.6782
vn -0.7347 -0.0004 -0.6783
vn -0.7538 -0.1752 -0.6333
vn -0.7547 -0.1891 -0.6282
vn -0.7593 -0.4720 -0.4479
vn -0.7592 -0.4692 -0.4510
vn -0.7487 -0.6442 -0.1563
vn -0.7495 -0.6392 -0.1721
vn -0.7487 -0.6442 0.1562
vn -0.7495 -0.6392 0.1721
vn -0.7592 -0.4721 0.4481
vn -0.7594 -0.4689 0.4510
vn -0.7540 -0.1751 0.6331
vn -0.7545 -0.1891 0.6285
vn -0.7349 -0.0004 0.6782
vn -0.7348 -0.0005 0.6783
vn -0.7547 0.1735 0.6327
vn -0.7555 0.1894 0.6272
vn 0.0016 -0.2870 -0.9579
vn 0.0015 -0.0000 -1.0000
vn 0.1269 -0.0000 -0.9919
vn 0.1345 -0.2806 -0.9503
vn 0.0016 0.2870 0.9579
vn 0.0015 -0.0000 1.0000
vn 0.1269 -0.0000 0.9919
vn 0.1345 0.2806 0.9503
vn 0.0016 -0.2870 0.9579
vn 0.1345 -0.2806 0.9503
vn 0.0015 -0.9715 0.2370
vn 0.0015 -0.9715 -0.2370
vn 0.1319 -0.9637 -0.2322
vn 0.1320 -0.9637 0.2321
vn 0.0016 0.2870 -0.9579
vn 0.1345 0.2806 -0.9503
vn 0.0015 0.9715 -0.2370
vn 0.0015 0.9715 0.2370
vn 0.1319 0.9637 0.2322
vn 0.1320 0.9637 -0.2321
vn 0.0014 0.7340 0.6791
vn -0.1336 0.7284 0.6720
vn -0.1314 0.2809 0.9507
vn 0.0014 -0.7340 0.6791
vn -0.1314 -0.2809 0.9507
vn -0.1336 -0.7284 0.6720
vn -0.1291 -0.9641 0.2320
vn 0.0014 -0.7340 -0.6791
vn -0.1291 -0.9641 -0.2321
vn -0.1335 -0.7284 -0.6720
vn -0.1314 -0.2809 -0.9507
vn 0.0014 0.7340 -0.6791
vn -0.1314 0.2809 -0.9507
vn -0.1336 0.7284 -0.6720
vn -0.1291 0.9641 -0.2320
vn -0.1291 0.9641 0.2321
vn 0.9586 0.2093 0.1930
vn 0.9585 0.2769 0.0677
vn 0.9585 0.2770 0.0677
vn 0.9586 0.2095 0.1930
vn -0.9565 -0.0000 -0.2917
vn -0.9565 -0.0000 0.2917
vn 0.9571 -0.0000 0.2896
vn 0.9593 0.0806 0.2705
vn 0.9593 0.0800 0.2707
vn 0.9571 -0.0000 0.2897
vn -0.9586 0.0801 0.2733
vn -0.9586 0.0795 0.2735
vn 0.9593 -0.0807 0.2705
vn 0.9593 -0.0801 0.2707
vn 0.0013 0.7364 0.6765
vn 0.0014 -0.7364 0.6766
vn 0.0013 -0.7364 -0.6765
vn 0.0014 0.7364 -0.6766
vn 0.1367 0.7281 0.6718
vn 0.1367 0.7280 -0.6718
vn 0.1367 -0.7281 -0.6718
vn 0.1367 -0.7280 0.6718
vn -0.1240 -0.0000 -0.9923
vn -0.1240 -0.0000 0.9923
vn -0.0035 0.9723 -0.2339
vn -0.0136 0.9721 -0.2342
vn -0.0137 0.9721 0.2342
vn -0.0035 0.9723 0.2337
vn -0.4800 0.2164 0.8501
vn -0.4894 0.1874 0.8517
vn -0.4680 0.6553 0.5929
vn -0.4648 0.6362 0.6158
vn -0.0343 0.7307 0.6818
vn -0.0143 0.7354 0.6774
vn -0.0262 0.9705 0.2397
vn -0.0013 0.7365 0.6765
vn 0.1961 0.7207 0.6649
vn 0.2073 0.9539 0.2170
vn -0.0012 0.9724 0.2332
vn 0.0846 -0.9769 0.1961
vn -0.3826 -0.9084 0.1686
vn -0.3250 -0.6777 0.6596
vn 0.1081 -0.7358 0.6685
vn -0.0012 0.9724 -0.2331
vn 0.2072 0.9539 -0.2171
vn 0.1961 0.7207 -0.6649
vn -0.0013 0.7364 -0.6765
vn -0.0262 0.9705 -0.2395
vn -0.0142 0.7354 -0.6775
vn -0.0341 0.7307 -0.6819
vn -0.4652 -0.1669 -0.8693
vn -0.3250 -0.6777 -0.6596
vn 0.1081 -0.7358 -0.6685
vn -0.4250 -0.2443 -0.8716
vn -0.0034 -0.0000 1.0000
vn -0.0037 0.2745 0.9616
vn -0.0134 -0.0000 0.9999
vn -0.0134 -0.0000 -0.9999
vn -0.0145 0.2745 -0.9615
vn -0.0037 0.2746 -0.9616
vn -0.4800 0.2164 -0.8501
vn -0.4894 0.1874 -0.8517
vn -0.5382 -0.0000 -0.8428
vn -0.0348 0.2773 -0.9602
vn 0.2111 0.2571 -0.9430
vn -0.0013 0.2742 -0.9617
vn -0.5583 0.8160 -0.1495
vn -0.4680 0.6553 -0.5929
vn -0.4648 0.6362 -0.6158
vn -0.5484 0.8179 -0.1740
vn -0.0013 -0.2742 -0.9617
vn 0.2123 -0.2580 -0.9425
vn 0.1999 -0.7206 -0.6639
vn -0.0013 -0.7365 -0.6765
vn -0.0391 -0.2796 -0.9593
vn -0.0145 -0.2745 -0.9615
vn -0.0143 -0.7354 -0.6775
vn -0.0451 -0.7315 -0.6803
vn -0.5382 -0.0000 0.8428
vn -0.2162 0.2693 -0.9385
vn -0.2071 0.7174 -0.6651
vn -0.1641 0.7256 -0.6683
vn -0.1808 0.2759 -0.9440
vn -0.0033 -0.9723 0.2336
vn -0.0136 -0.9721 0.2343
vn -0.0137 -0.9721 -0.2342
vn -0.0035 -0.9723 -0.2337
vn 0.0845 -0.9769 -0.1961
vn -0.3826 -0.9084 -0.1686
vn -0.0407 -0.9702 -0.2390
vn 0.2122 -0.9528 -0.2170
vn -0.0012 -0.9724 -0.2332
vn -0.0012 -0.9724 0.2331
vn 0.2122 -0.9528 0.2170
vn 0.2000 -0.7206 0.6639
vn -0.0013 -0.7364 0.6765
vn -0.0407 -0.9702 0.2389
vn -0.0142 -0.7354 0.6775
vn -0.0449 -0.7315 0.6804
vn -0.0392 -0.2797 0.9593
vn -0.0145 -0.2745 0.9615
vn -0.0037 -0.2746 0.9616
vn 0.2123 -0.2580 0.9425
vn -0.0013 -0.2742 0.9617
vn -0.0013 0.2742 0.9617
vn 0.2111 0.2571 0.9430
vn -0.0351 0.2776 0.9600
vn -0.0145 0.2745 0.9615
vn -0.9776 -0.0000 0.2105
vn -0.9515 0.2368 0.1963
vn -0.9515 0.2370 -0.1962
vn -0.9776 -0.0000 -0.2105
vn -0.7458 -0.0000 0.6662
vn -0.7275 0.2243 0.6484
vn -0.6180 -0.5839 0.5264
vn -0.7284 -0.2183 0.6494
vn -0.9530 -0.2307 0.1964
vn -0.7097 -0.6805 0.1823
vn -0.6458 0.7457 0.1642
vn -0.6458 0.7456 -0.1642
vn -0.5891 0.6310 0.5048
vn -0.7274 0.2243 -0.6485
vn -0.7458 -0.0000 -0.6662
vn -0.5891 0.6310 -0.5048
vn -0.9530 -0.2307 -0.1964
vn -0.7097 -0.6805 -0.1823
vn -0.7284 -0.2183 -0.6494
vn -0.6180 -0.5839 -0.5264
vn -0.2146 0.7654 -0.6068
vn 0.2287 0.4476 -0.8645
vn 0.2632 0.2229 -0.9386
vn -0.2496 0.2362 -0.9391
vn 0.6873 -0.2291 -0.6894
vn 0.5548 -0.6150 -0.5604
vn -0.2651 -0.0000 -0.9642
vn -0.2498 -0.2303 -0.9405
vn -0.2395 -0.7110 -0.6611
vn 0.2944 -0.0000 -0.9557
vn 0.5191 0.2035 -0.8301
vn 0.5628 -0.0000 -0.8266
vn 0.2632 -0.2173 -0.9400
vn 0.2424 -0.7090 -0.6622
vn 0.6631 -0.7200 0.2046
vn 0.9429 -0.2547 0.2148
vn 0.6872 -0.2291 0.6894
vn 0.5548 -0.6150 0.5603
vn 0.4611 0.3779 -0.8028
vn 0.5504 0.6179 -0.5614
vn 0.6593 0.7234 -0.2050
vn 0.6593 0.7234 0.2050
vn 0.5190 -0.1972 -0.8317
vn 0.2944 -0.0000 0.9557
vn -0.2651 -0.0000 0.9642
vn -0.2499 -0.2304 0.9405
vn 0.2632 -0.2172 0.9400
vn 0.6631 -0.7200 -0.2046
vn 0.9428 -0.2548 -0.2147
vn 0.7067 -0.0000 0.7075
vn 0.2257 -0.0000 0.9742
vn 0.6630 -0.7201 0.2046
vn 0.6862 0.2301 0.6901
vn 0.5504 0.6180 0.5614
vn -0.4652 -0.1670 0.8693
vn -0.4250 -0.2443 0.8716
vn 0.6631 -0.7201 -0.2046
vn 0.2287 0.4476 0.8645
vn -0.2146 0.7653 0.6068
vn -0.2497 0.2363 0.9390
vn 0.2632 0.2230 0.9386
vn 0.9428 0.2550 0.2146
vn 0.6594 0.7234 0.2050
vn 0.5628 -0.0000 0.8266
vn 0.5190 -0.1972 0.8317
vn 0.6862 0.2301 -0.6901
vn 0.2424 -0.7090 0.6622
vn 0.5191 0.2036 0.8301
vn 0.4611 0.3779 0.8029
vn -0.2394 -0.7111 0.6611
vn 0.9739 -0.0000 0.2268
vn 0.2632 -0.9468 -0.1851
vn -0.2503 -0.9481 -0.1962
vn 0.2257 -0.0000 -0.9742
vn 0.7067 -0.0000 -0.7075
vn 0.2632 -0.9468 0.1851
vn -0.2502 -0.9481 0.1963
vn 0.6594 0.7233 -0.2050
vn 0.9428 0.2547 -0.2148
vn -0.7096 -0.6806 -0.1823
vn -0.7097 -0.6806 0.1823
vn -0.1729 0.9760 -0.1326
vn -0.1728 0.9760 0.1326
vn 0.1814 0.9757 0.1228
vn 0.1812 0.9757 -0.1230
vn 0.9739 -0.0000 -0.2268
vn 0.1684 0.9542 -0.2474
vn -0.6457 0.7457 0.1642
vn -0.6457 0.7457 -0.1642
vn 0.3567 0.9038 -0.2366
vn 0.3617 0.9242 -0.1226
vn 0.1686 0.9541 0.2476
vn 0.3613 0.9244 0.1223
vn 0.3567 0.9038 0.2366
vn -0.5583 0.8161 0.1495
vn -0.5484 0.8179 0.1740
vn -0.1614 -0.9637 0.2125
vn -0.2015 -0.9512 0.2337
vn -0.2015 -0.9512 -0.2337
vn -0.1614 -0.9637 -0.2125
vn -0.2022 0.9510 0.2340
vn -0.2462 0.9419 0.2286
vn -0.2528 0.7071 0.6604
vn -0.2072 0.7174 0.6651
vn -0.1642 -0.7258 0.6680
vn -0.2069 -0.7176 0.6650
vn -0.1809 -0.2766 -0.9438
vn -0.2162 -0.2697 -0.9384
vn -0.2117 -0.0004 -0.9773
vn -0.1796 -0.0007 -0.9837
vn -0.2162 0.2693 0.9385
vn -0.1808 0.2759 0.9440
vn -0.1642 0.7256 0.6683
vn -0.0580 -0.9677 -0.2452
vn -0.0580 -0.9677 0.2452
vn -0.2023 0.9510 -0.2340
vn -0.1619 0.9636 -0.2129
vn -0.1619 0.9636 0.2129
vn -0.2539 0.2579 0.9322
vn -0.0037 -0.2745 -0.9616
vn -0.0034 -0.0000 -1.0000
vn -0.0283 -0.0002 -0.9996
vn -0.0283 -0.0002 0.9996
vn -0.9585 0.2770 -0.0679
vn -0.9585 0.2769 -0.0678
vn -0.9586 0.2095 -0.1931
vn -0.9586 0.2094 -0.1931
vn 0.9578 0.2795 0.0673
vn 0.9577 0.2797 0.0671
vn 0.9580 0.2110 0.1943
vn 0.9581 0.2106 0.1944
vn -0.0038 0.7362 0.6767
vn -0.0036 -0.7361 0.6768
vn -0.9593 0.0807 -0.2705
vn -0.9593 0.0801 -0.2707
vn -0.9571 -0.0000 -0.2896
vn -0.0038 -0.7362 -0.6767
vn 0.9581 0.2105 -0.1944
vn 0.9580 0.2107 -0.1944
vn 0.9578 0.2797 -0.0669
vn 0.9577 0.2798 -0.0672
vn -0.0036 0.7361 -0.6768
vn 0.9586 0.0801 -0.2734
vn 0.9585 0.0794 -0.2737
vn -0.2117 -0.0004 0.9773
vn -0.1796 -0.0007 0.9837
vn -0.2524 -0.7073 0.6603
vn -0.2453 -0.9421 0.2285
vn -0.2436 -0.0004 0.9699
vn -0.1641 -0.7259 -0.6680
vn -0.2069 -0.7176 -0.6650
vn -0.2524 -0.7073 -0.6603
vn -0.2538 -0.2582 -0.9322
vn -0.2450 -0.9423 -0.2283
vn -0.2529 0.7071 -0.6603
vn -0.2464 0.9418 -0.2287
vn -0.2435 -0.0001 -0.9699
vn -0.2540 0.2579 -0.9322
vn -0.2162 -0.2698 0.9383
vn -0.1809 -0.2766 0.9438
vn -0.0012 0.9724 -0.2332
vn -0.0012 -0.0000 -1.0000
vn -0.0013 0.2740 -0.9617
vn -0.0012 -0.9724 0.2332
vn -0.0012 -0.0000 1.0000
vn -0.0013 -0.2740 0.9617
vn -0.0013 0.2741 0.9617
vn -0.0013 -0.2741 -0.9617
vn -0.9593 -0.0807 -0.2705
vn -0.9593 -0.0800 -0.2707
vn -0.9586 -0.2095 -0.1930
vn -0.9586 -0.2093 -0.1930
vn 0.9581 -0.2106 -0.1944
vn 0.9580 -0.2107 -0.1943
vn 0.9586 -0.0795 -0.2735
vn 0.9586 -0.0801 -0.2733
vn -0.9585 -0.2769 -0.0677
vn -0.9585 -0.2770 -0.0677
vn -0.9585 -0.2769 0.0678
vn -0.9585 -0.2770 0.0679
vn 0.9578 -0.2795 -0.0673
vn 0.9577 -0.2799 -0.0671
vn 0.9580 -0.2107 0.1948
vn 0.9581 -0.2106 0.1943
vn 0.9578 -0.2797 0.0669
vn 0.9577 -0.2798 0.0672
vn -0.9587 -0.2090 0.1928
vn -0.9586 -0.2094 0.1931
vn 0.9586 -0.0801 0.2734
vn 0.9586 -0.0794 0.2736
vn -0.0655 -0.7260 -0.6846
vn -0.0444 0.2713 -0.9615
vn -0.0333 -0.0001 -0.9994
vn -0.0519 -0.2671 -0.9623
vn -0.0288 0.9693 -0.2444
vn -0.0436 0.7292 -0.6829
vn -0.0436 0.7292 0.6829
vn -0.0288 0.9693 0.2443
vn -0.2538 -0.2582 0.9322
vn -0.2718 -0.2596 0.9267
vn -0.2738 -0.2832 0.9191
vn -0.2426 -0.0011 0.9701
vn -0.2426 -0.0004 0.9701
vn -0.0440 0.2718 0.9613
vn -0.0656 -0.7260 0.6846
vn 0.8632 0.4859 0.1374
vn 0.8632 0.4859 -0.1374
vn 0.8643 0.4919 -0.1050
vn 0.8643 0.4919 0.1050
vn -0.0518 -0.2673 0.9622
vn -0.0333 -0.0002 0.9994
vn 0.8828 0.1321 0.4509
vn 0.8828 0.1361 0.4495
vn 0.8752 -0.0011 0.4838
vn 0.8752 0.0001 0.4838
vn 0.8828 0.1361 -0.4496
vn 0.8828 0.1321 -0.4508
vn 0.8752 0.0001 -0.4838
vn 0.8752 -0.0011 -0.4837
vn 0.8742 0.3530 0.3335
vn 0.8732 0.3612 0.3271
vn 0.8732 0.3612 -0.3270
vn 0.8742 0.3530 -0.3335
vn 0.8877 -0.1227 -0.4439
vn 0.8885 -0.1381 -0.4376
vn 0.8882 -0.3365 -0.3128
vn 0.8882 -0.3367 -0.3126
vn 0.8834 -0.4508 -0.1279
vn 0.8846 -0.4561 -0.0971
vn 0.8882 -0.3365 0.3128
vn 0.8882 -0.3367 0.3126
vn 0.8846 -0.4561 0.0971
vn 0.8834 -0.4508 0.1280
vn 0.8885 -0.1381 0.4376
vn 0.8877 -0.1227 0.4438
vn -0.2757 -0.9291 0.2467
vn -0.2756 -0.9286 0.2484
vn -0.2877 -0.6876 0.6666
vn -0.2878 -0.6862 0.6680
vn -0.2682 0.6926 0.6696
vn -0.2684 0.6896 0.6727
vn -0.2492 0.9353 0.2512
vn -0.2488 0.9365 0.2471
vn -0.2490 0.9353 -0.2514
vn -0.2488 0.9365 -0.2472
vn -0.2683 0.6897 -0.6726
vn -0.2682 0.6926 -0.6696
vn -0.2654 0.2793 -0.9228
vn -0.2647 0.2637 -0.9276
vn -0.2427 -0.0011 -0.9701
vn -0.2427 -0.0004 -0.9701
vn -0.2740 -0.2834 -0.9191
vn -0.2718 -0.2597 -0.9267
vn -0.2878 -0.6876 -0.6666
vn -0.2878 -0.6862 -0.6680
vn -0.2758 -0.9286 -0.2482
vn -0.2755 -0.9291 -0.2466
vn -0.2645 0.2641 0.9275
vn -0.2655 0.2793 0.9228
vn 0.7524 0.6401 0.1556
vn 0.7532 0.6352 0.1708
vn 0.7618 0.4674 0.4486
vn 0.7619 0.4693 0.4464
vn 0.7524 0.6400 -0.1556
vn 0.7534 0.6350 -0.1705
vn 0.7619 0.4692 -0.4464
vn 0.7620 0.4670 -0.4485
vn 0.7546 0.1732 -0.6329
vn 0.7555 0.1892 -0.6272
vn 0.7348 -0.0003 -0.6783
vn 0.7347 -0.0004 -0.6784
vn 0.7541 -0.1751 -0.6330
vn 0.7547 -0.1892 -0.6283
vn 0.7593 -0.4721 -0.4479
vn 0.7592 -0.4692 -0.4510
vn 0.7487 -0.6443 -0.1563
vn 0.7496 -0.6391 -0.1721
vn 0.7489 -0.6441 0.1561
vn 0.7498 -0.6390 0.1718
vn 0.7595 -0.4719 0.4478
vn 0.7593 -0.4690 0.4511
vn 0.7537 -0.1749 0.6335
vn 0.7545 -0.1891 0.6285
vn 0.7349 -0.0004 0.6782
vn 0.7349 -0.0005 0.6782
vn 0.7547 0.1735 0.6327
vn 0.7559 0.1891 0.6268
vn -0.0016 -0.2870 -0.9579
vn -0.1345 -0.2806 -0.9503
vn -0.1269 -0.0000 -0.9919
vn -0.0015 -0.0000 -1.0000
vn -0.0016 0.2870 0.9579
vn -0.1345 0.2806 0.9503
vn -0.1269 -0.0000 0.9919
vn -0.0015 -0.0000 1.0000
vn -0.1345 -0.2806 0.9503
vn -0.0016 -0.2870 0.9579
vn -0.0015 -0.9715 0.2370
vn -0.1320 -0.9637 0.2321
vn -0.1319 -0.9637 -0.2322
vn -0.0015 -0.9715 -0.2370
vn -0.1345 0.2806 -0.9503
vn -0.0016 0.2870 -0.9579
vn -0.0015 0.9715 -0.2370
vn -0.1320 0.9637 -0.2321
vn -0.1319 0.9637 0.2322
vn -0.0015 0.9715 0.2370
vn 0.1314 0.2809 0.9507
vn 0.1336 0.7284 0.6720
vn -0.0014 0.7340 0.6791
vn -0.0014 -0.7340 0.6791
vn 0.1336 -0.7284 0.6720
vn 0.1314 -0.2809 0.9507
vn 0.1291 -0.9641 0.2320
vn -0.0014 -0.7340 -0.6791
vn 0.1335 -0.7284 -0.6720
vn 0.1291 -0.9641 -0.2321
vn 0.1314 -0.2809 -0.9507
vn -0.0014 0.7340 -0.6791
vn 0.1336 0.7284 -0.6720
vn 0.1314 0.2809 -0.9507
vn 0.1291 0.9641 -0.2320
vn 0.1291 0.9641 0.2321
vn -0.9586 0.2093 0.1930
vn -0.9586 0.2095 0.1930
vn -0.9585 0.2770 0.0677
vn -0.9585 0.2769 0.0677
vn 0.9565 -0.0000 -0.2917
vn 0.9565 -0.0000 0.2917
vn -0.9571 -0.0000 0.2896
vn -0.9571 -0.0000 0.2897
vn -0.9593 0.0800 0.2707
vn -0.9593 0.0807 0.2705
vn 0.9584 0.0803 0.2737
vn 0.9586 0.0795 0.2735
vn -0.9593 -0.0801 0.2707
vn -0.9593 -0.0807 0.2705
vn -0.0013 0.7364 0.6765
vn -0.0014 -0.7364 0.6766
vn -0.0013 -0.7364 -0.6765
vn -0.0014 0.7364 -0.6766
vn -0.1367 0.7281 0.6718
vn -0.1367 0.7280 -0.6718
vn -0.1367 -0.7281 -0.6718
vn -0.1367 -0.7280 0.6718
vn 0.1240 -0.0000 -0.9923
vn 0.1240 -0.0000 0.9923
vn 0.8576 -0.1779 0.4826
vn 0.7832 -0.4238 0.4551
vn 0.8442 -0.4972 0.2002
vn 0.9474 -0.2004 0.2494
vn 0.6538 -0.2990 0.6951
vn 0.6046 -0.5884 0.5369
vn 0.2183 -0.8991 0.3794
vn 0.4279 -0.5126 0.7445
vn 0.2707 -0.5070 0.8183
vn 0.1230 -0.8866 0.4458
vn -0.0000 -0.5553 0.8316
vn -0.0000 -0.8825 0.4703
vn 0.5172 -0.8372 0.1777
vn 0.6606 -0.7246 0.1965
vn 0.3454 -0.8977 0.2735
vn 0.5796 -0.8015 0.1468
vn 0.6859 -0.7068 0.1730
vn 0.8337 -0.5299 0.1555
vn 0.9508 -0.2726 0.1470
vn 0.9488 -0.0017 0.3159
vn 0.8745 0.1262 0.4683
vn 0.7177 0.0690 0.6929
vn 0.7012 -0.1844 0.6887
vn 0.4987 0.0103 0.8667
vn 0.4906 -0.1575 0.8570
vn 0.2573 0.0131 0.9662
vn 0.2602 -0.1803 0.9486
vn -0.0000 0.0146 0.9999
vn -0.0000 -0.1736 0.9848
vn 0.3065 0.1686 0.9368
vn -0.0000 0.1650 0.9863
vn 0.2512 0.1215 0.9603
vn 0.4412 -0.2715 0.8554
vn 0.3299 -0.2674 0.9054
vn 0.1109 -0.3080 0.9449
vn 0.2578 -0.3526 0.8995
vn 0.1029 0.4985 0.8608
vn 0.2564 0.4844 0.8364
vn 0.1313 0.4968 0.8579
vn 0.0733 -0.9914 0.1087
vn -0.0000 -0.9948 0.1022
vn 0.7972 0.2463 0.5511
vn 0.7972 0.2463 0.5512
vn 0.4785 0.1165 0.8703
vn -0.0000 0.1062 0.9943
vn -0.2578 -0.3526 0.8995
vn -0.1109 -0.3080 0.9449
vn -0.8576 -0.1778 0.4826
vn -0.9474 -0.2004 0.2494
vn -0.8443 -0.4972 0.2001
vn -0.7832 -0.4237 0.4551
vn -0.6046 -0.5884 0.5369
vn -0.6538 -0.2990 0.6951
vn -0.2183 -0.8991 0.3794
vn -0.1230 -0.8866 0.4459
vn -0.2704 -0.5072 0.8183
vn -0.4279 -0.5126 0.7445
vn -0.5171 -0.8373 0.1777
vn -0.3454 -0.8977 0.2735
vn -0.6606 -0.7246 0.1965
vn -0.5796 -0.8015 0.1468
vn -0.6859 -0.7068 0.1730
vn -0.8337 -0.5299 0.1555
vn -0.9488 -0.0017 0.3159
vn -0.9508 -0.2726 0.1470
vn -0.8745 0.1262 0.4683
vn -0.7012 -0.1844 0.6887
vn -0.7177 0.0690 0.6929
vn -0.4906 -0.1575 0.8570
vn -0.4987 0.0103 0.8667
vn -0.2602 -0.1803 0.9486
vn -0.2573 0.0131 0.9662
vn -0.3065 0.1686 0.9368
vn -0.2512 0.1215 0.9603
vn -0.4412 -0.2715 0.8554
vn -0.3299 -0.2674 0.9054
vn -0.1029 0.4985 0.8608
vn -0.1313 0.4968 0.8579
vn -0.2564 0.4844 0.8364
vn -0.0733 -0.9914 0.1087
vn -0.7972 0.2463 0.5511
vn -0.7972 0.2463 0.5512
vn -0.4785 0.1165 0.8703
vn -0.3402 -0.5704 0.7476
vn -0.5302 -0.5455 0.6491
vn -0.4348 -0.6074 0.6649
vn -0.3477 -0.5613 0.7510
vn -0.6460 0.6654 0.3740
vn -0.6367 0.5179 0.5713
vn -0.3652 0.6386 0.6774
vn -0.3230 0.8271 0.4600
vn 0.7644 0.4220 -0.4874
vn 0.7774 -0.0018 -0.6291
vn 0.6288 0.3647 -0.6868
vn 0.5613 0.1941 0.8045
vn 0.6152 0.2927 0.7320
vn 0.7867 0.2310 0.5725
vn 0.8043 0.2647 0.5320
vn 0.5900 0.5231 -0.6150
vn -0.0000 0.3600 -0.9329
vn -0.0000 0.3658 -0.9307
vn 0.6549 0.7541 0.0497
vn 0.8808 0.4725 -0.0320
vn 0.7755 0.4207 -0.4709
vn 0.6411 0.6460 -0.4144
vn 0.5074 0.8381 -0.2004
vn -0.6525 -0.5929 -0.4719
vn -0.6750 -0.6395 -0.3681
vn -0.5801 -0.5953 -0.5560
vn 0.4299 0.3623 0.8270
vn 0.5976 0.2992 0.7439
vn 0.9718 0.1722 -0.1610
vn 0.8024 0.1688 -0.5725
vn 0.6367 0.5179 0.5713
vn 0.8474 0.3368 0.4105
vn 0.8680 0.4028 0.2904
vn 0.6460 0.6654 0.3740
vn 0.6049 0.3294 -0.7250
vn 0.2765 0.2508 -0.9277
vn -0.5180 -0.1430 0.8433
vn -0.5173 -0.1507 0.8424
vn 0.9641 -0.1244 -0.2347
vn 0.7415 -0.1031 -0.6630
vn 0.9144 -0.0364 0.4033
vn 0.9328 0.0159 0.3601
vn 0.9504 0.0647 0.3043
vn 0.9733 0.1049 0.2039
vn 0.6403 0.1428 -0.7548
vn 0.3802 0.0844 -0.9210
vn -0.4519 0.2357 0.8604
vn -0.4509 0.2376 0.8604
vn 0.8457 -0.3435 0.4085
vn 0.8854 -0.3155 0.3412
vn 0.7807 -0.5291 -0.3326
vn 0.9559 -0.2406 0.1683
vn 0.5506 -0.0653 -0.8322
vn 0.3274 -0.0066 -0.9449
vn 0.5771 -0.6671 0.4710
vn 0.6243 -0.7379 0.2564
vn -0.3150 -0.4023 -0.8596
vn -0.4111 -0.6068 -0.6803
vn -0.7415 -0.1031 -0.6630
vn -0.5506 -0.0653 -0.8322
vn 0.7294 -0.6806 0.0692
vn 0.4111 -0.6068 -0.6803
vn 0.2940 -0.9545 -0.0500
vn 0.3967 -0.8490 -0.3492
vn -0.3488 0.9241 0.1560
vn -0.0000 0.9838 0.1792
vn -0.0000 0.9948 -0.1020
vn 0.2686 -0.9345 0.2335
vn 0.0532 -0.9986 0.0063
vn 0.1059 -0.9933 -0.0470
vn -0.5074 0.8381 -0.2004
vn -0.6411 0.6460 -0.4144
vn -0.6549 0.7541 0.0497
vn -0.0000 -0.5528 -0.8333
vn -0.0000 -0.2603 -0.9655
vn 0.1858 -0.1487 -0.9713
vn 0.3150 -0.4023 -0.8596
vn 0.1364 -0.9547 -0.2644
vn -0.0000 -0.9636 -0.2672
vn -0.0000 -0.8057 -0.5923
vn 0.4040 0.1813 0.8966
vn 0.4455 0.2012 0.8724
vn 0.2445 0.6903 0.6810
vn 0.3652 0.6386 0.6774
vn 0.3230 0.8271 0.4600
vn 0.1834 0.8652 0.4667
vn 0.3986 0.3777 0.8357
vn 0.0696 -0.9880 0.1378
vn -0.0000 -0.9954 0.0960
vn -0.0000 -0.9994 0.0339
vn 0.3488 0.9241 0.1560
vn 0.2438 -0.8860 0.3944
vn -0.8292 -0.5133 -0.2211
vn -0.9618 -0.2341 -0.1421
vn -0.9859 0.1558 -0.0617
vn -0.9940 0.0735 -0.0805
vn -0.5944 0.3188 0.7383
vn -0.4299 0.3618 0.8272
vn -0.8711 0.4912 -0.0009
vn -0.8735 0.4868 -0.0014
vn -0.6147 0.7881 -0.0316
vn -0.5513 0.8343 0.0019
vn 0.0189 0.6522 0.7578
vn -0.1894 0.5284 0.8276
vn -0.1818 0.5339 0.8258
vn 0.0184 0.6521 0.7579
vn -0.0000 0.6330 0.7742
vn -0.0597 0.6421 0.7643
vn -0.0456 0.6444 0.7633
vn -0.0017 -0.7866 0.6175
vn -0.0000 -0.7870 0.6169
vn -0.0000 -0.7871 0.6169
vn 0.0124 -0.7859 0.6182
vn 0.4257 -0.6918 -0.5832
vn 0.6168 -0.6267 -0.4762
vn 0.5213 -0.5974 -0.6093
vn -0.3592 0.9297 -0.0818
vn -0.0000 0.9985 -0.0552
vn -0.0795 0.9942 -0.0720
vn -0.2134 0.9742 -0.0740
vn -0.7474 -0.6238 -0.2288
vn 0.2408 0.9685 -0.0640
vn 0.6147 0.7881 -0.0316
vn 0.5513 0.8343 0.0019
vn -0.2408 0.9685 -0.0640
vn -0.5596 0.2192 0.7993
vn -0.4435 0.1972 0.8743
vn -0.6288 0.3647 -0.6868
vn -0.7773 -0.0018 -0.6291
vn -0.7644 0.4220 -0.4874
vn -0.0124 -0.7860 0.6181
vn 0.0016 -0.7866 0.6174
vn 0.0596 -0.7672 0.6386
vn 0.0986 -0.7567 0.6463
vn -0.5900 0.5231 -0.6150
vn -0.7755 0.4207 -0.4709
vn -0.8808 0.4725 -0.0320
vn -0.4482 -0.8808 -0.1526
vn -0.4514 -0.8822 -0.1336
vn -0.4735 -0.8452 -0.2480
vn 0.3402 -0.5704 0.7476
vn 0.3477 -0.5613 0.7510
vn -0.8028 0.2585 0.5373
vn -0.7853 0.2102 0.5824
vn -0.8023 0.1688 -0.5725
vn -0.9718 0.1722 -0.1610
vn -0.8680 0.4028 0.2904
vn -0.8474 0.3368 0.4105
vn -0.6049 0.3294 -0.7250
vn -0.2765 0.2508 -0.9277
vn 0.5174 -0.1507 0.8424
vn 0.5180 -0.1430 0.8433
vn -0.9328 0.0159 0.3601
vn -0.9144 -0.0364 0.4033
vn -0.9733 0.1049 0.2039
vn -0.9504 0.0647 0.3043
vn -0.6402 0.1428 -0.7548
vn -0.3802 0.0844 -0.9210
vn 0.4509 0.2376 0.8604
vn 0.4519 0.2357 0.8604
vn -0.8854 -0.3155 0.3412
vn -0.8456 -0.3435 0.4085
vn -0.7807 -0.5291 -0.3326
vn -0.9641 -0.1244 -0.2347
vn -0.9559 -0.2406 0.1683
vn -0.3273 -0.0066 -0.9449
vn -0.6243 -0.7379 0.2564
vn -0.5771 -0.6671 0.4710
vn -0.7294 -0.6806 0.0692
vn -0.2940 -0.9545 -0.0500
vn -0.3967 -0.8490 -0.3492
vn -0.1364 -0.9547 -0.2644
vn -0.2686 -0.9345 0.2335
vn -0.1059 -0.9933 -0.0470
vn -0.0532 -0.9986 0.0063
vn -0.1858 -0.1487 -0.9713
vn -0.4040 0.1813 0.8966
vn -0.2445 0.6903 0.6810
vn -0.1834 0.8652 0.4667
vn -0.3986 0.3777 0.8357
vn -0.0696 -0.9880 0.1378
vn -0.2438 -0.8860 0.3944
vn 0.9940 0.0735 -0.0805
vn 0.9859 0.1558 -0.0617
vn 0.9618 -0.2341 -0.1421
vn 0.8292 -0.5133 -0.2211
vn -0.7003 -0.4024 0.5897
vn -0.7001 -0.3994 0.5918
vn 0.8735 0.4868 -0.0014
vn 0.8711 0.4912 -0.0009
vn -0.0189 0.6522 0.7578
vn -0.0184 0.6521 0.7579
vn 0.1818 0.5339 0.8258
vn 0.1894 0.5284 0.8276
vn 0.0456 0.6444 0.7633
vn 0.0597 0.6421 0.7643
vn 0.0795 0.9942 -0.0720
vn 0.3592 0.9297 -0.0818
vn 0.2135 0.9741 -0.0740
vn 0.7463 -0.6240 -0.2314
vn 0.4122 -0.6542 -0.6341
vn 0.3886 -0.6841 -0.6172
vn -0.0000 0.0851 -0.9964
vn -0.0000 -0.0916 -0.9958
vn -0.0000 -0.9997 -0.0227
vn -0.3886 -0.6841 -0.6172
vn -0.4122 -0.6542 -0.6341
vn -0.5061 -0.6350 -0.5837
vn 0.4482 -0.8808 -0.1526
vn 0.4897 -0.8184 -0.3008
vn 0.4735 -0.8452 -0.2480
vn -0.4346 0.5980 -0.6734
vn -0.6054 0.7098 -0.3600
vn 0.5970 0.1393 -0.7901
vn 0.4346 0.5980 -0.6734
vn -0.5970 0.1393 -0.7901
vn -0.4516 -0.8866 -0.0994
vn 0.4516 -0.8866 -0.0994
vn 0.4514 -0.8822 -0.1336
vn -0.5004 -0.7984 -0.3349
vn -0.4897 -0.8184 -0.3008
vn -0.3890 0.8667 -0.3122
vn 0.6055 0.7098 -0.3600
vn 0.5004 -0.7984 -0.3349
vn 0.5005 -0.7984 -0.3349
vn 0.3890 0.8668 -0.3121
vn -0.4041 0.1813 0.8966
vn 0.4041 0.1813 0.8966
vn 0.4719 0.5985 0.6474
vn -0.4721 0.5984 0.6474
vn -0.1211 0.2301 0.9656
vn 0.1211 0.2301 0.9656
vn 0.9793 0.2012 -0.0235
vn 0.8671 0.4609 0.1887
vn 0.9827 0.1763 0.0570
vn -0.2033 -0.9401 0.2737
vn -0.1727 -0.8880 0.4262
vn -0.4292 -0.4926 0.7571
vn -0.5359 -0.7948 0.2848
vn -0.9827 0.1764 0.0569
vn -0.9333 -0.3565 0.0429
vn -0.8148 -0.3661 0.4495
vn -0.8705 0.2286 0.4359
vn 0.8705 0.2282 0.4360
vn 0.8142 -0.3671 0.4498
vn 0.9332 -0.3568 0.0429
vn 0.2486 -0.9682 0.0271
vn 0.6073 -0.7940 0.0271
vn 0.5355 -0.7952 0.2843
vn 0.2032 -0.9401 0.2738
vn -0.8148 -0.3662 0.4495
vn -0.4292 -0.4925 0.7571
vn -0.4794 0.2021 0.8540
vn -0.9333 -0.3566 0.0429
vn -0.6076 -0.7938 0.0272
vn -0.2486 -0.9682 0.0272
vn -0.8555 -0.5033 -0.1217
vn -0.0000 -0.9938 -0.1110
vn 0.8554 -0.5034 -0.1219
vn -0.8672 0.4608 0.1889
vn -0.0913 -0.1451 0.9852
vn -0.9793 0.2011 -0.0234
vn 0.9332 -0.3569 0.0429
vn 0.4290 -0.4927 0.7571
vn 0.0914 -0.1452 0.9852
vn 0.4290 -0.4926 0.7571
vn 0.4796 0.2018 0.8540
vn -0.4721 0.5983 0.6474
vn 0.1725 -0.8880 0.4262
vn -0.9793 0.2012 -0.0234
vn -0.6526 -0.5929 -0.4718
vn -0.6750 -0.6395 -0.3680
vn 0.6167 -0.6795 -0.3974
vn -0.6412 -0.7125 -0.2849
vn 0.7024 -0.5520 0.4494
vn 0.3244 -0.7668 0.5539
vn 0.6611 -0.6077 0.4400
vn 0.4906 0.1974 0.8487
vn 0.3286 -0.7986 0.5043
vn -0.4121 -0.6891 -0.5961
vn -0.7297 -0.6619 0.1713
vn -0.6402 -0.6442 0.4185
vn -0.8471 -0.1863 0.4978
vn -0.9529 -0.2047 0.2236
vn 0.9477 0.1088 0.3001
vn 0.7134 0.3029 0.6319
vn 0.6355 0.4878 0.5985
vn 0.8553 0.1352 0.5002
vn -0.2429 -0.9684 0.0570
vn -0.1515 -0.9400 0.3057
vn -0.3533 -0.1542 0.9227
vn -0.3533 0.1542 0.9227
vn -0.8471 0.1863 0.4977
vn -0.3188 0.4846 0.8146
vn -0.6402 0.6443 0.4185
vn 0.9866 -0.1617 -0.0196
vn 0.8641 -0.1312 0.4859
vn 0.7869 -0.4409 0.4318
vn 0.7960 -0.6050 0.0198
vn -0.1484 0.9317 0.3315
vn 0.1116 0.5839 0.8041
vn 0.2184 -0.1274 0.9675
vn -0.3188 -0.4846 0.8146
vn 0.0984 -0.6068 0.7887
vn 0.2250 0.1365 0.9648
vn 0.5598 -0.1202 0.8198
vn 0.5580 0.1325 0.8192
vn 0.9585 -0.1687 -0.2300
vn 0.9764 0.0381 -0.2124
vn 0.0146 0.9999 -0.0027
vn -0.2431 0.9683 0.0571
vn 0.2484 0.8964 0.3671
vn -0.7297 0.6620 0.1713
vn 0.6354 0.4877 0.5986
vn 0.2484 0.8964 0.3672
vn 0.3483 -0.9229 0.1640
vn 0.5053 -0.5762 0.6424
vn -0.9529 0.2047 0.2236
vn 0.3089 -0.9478 -0.0788
vn 0.7613 -0.6169 -0.1995
vn 0.4675 0.8765 -0.1151
vn 0.3044 0.9496 -0.0745
vn 0.6992 0.6937 -0.1730
vn 0.6686 -0.7302 -0.1408
vn 0.6516 0.0278 0.7581
vn 0.6362 -0.0118 0.7715
vn -0.0082 -0.9955 0.0940
vn -0.0552 -0.9981 -0.0267
vn -0.0268 -0.9989 -0.0377
vn 0.0216 -0.9964 0.0820
vn 0.1080 -0.9931 0.0450
vn 0.0462 -0.9771 0.2076
vn 0.1527 -0.9752 0.1601
vn 0.3781 -0.0429 0.9248
vn 0.4718 -0.0944 0.8766
vn 0.4620 -0.0063 0.8868
vn 0.3737 -0.0433 0.9265
vn 0.1711 -0.9846 0.0365
vn 0.1026 -0.9909 -0.0870
vn -0.2997 0.9128 0.2774
vn -0.0965 0.9714 0.2169
vn -0.1441 0.9842 0.1026
vn -0.3486 0.9202 0.1780
vn -0.4334 0.8539 0.2882
vn -0.4617 0.8597 0.2185
vn 0.7850 0.6128 -0.0903
vn 0.9772 -0.0708 -0.2000
vn 0.9305 -0.0657 -0.3603
vn 0.9130 0.2262 -0.3396
vn 0.2039 -0.0687 0.9766
vn 0.1951 -0.0700 0.9783
vn 0.3465 -0.0469 0.9369
vn 0.3459 -0.0470 0.9371
vn -0.3098 -0.1282 0.9421
vn -0.3388 -0.1307 0.9317
vn 0.0329 -0.9981 0.0527
vn -0.0179 -0.9990 -0.0411
vn 0.0618 -0.9955 -0.0715
vn -0.8189 -0.1601 0.5511
vn -0.8198 -0.1601 0.5498
vn -0.9240 -0.1607 0.3470
vn 0.0879 0.9848 0.1496
vn -0.0457 0.9432 0.3292
vn 0.1374 0.9544 0.2650
vn 0.0863 -0.9719 0.2191
vn 0.5645 -0.0577 0.8234
vn -0.2200 0.8992 0.3781
vn -0.3596 0.8456 0.3945
vn 0.8268 0.5546 0.0937
vn 0.1243 -0.9796 0.1580
vn 0.0040 -0.9888 0.1489
vn 0.9980 -0.0435 -0.0456
vn 0.9326 -0.3598 -0.0297
vn 0.9135 -0.3546 -0.1991
vn 0.8681 -0.3520 -0.3501
vn 0.0430 0.9986 0.0315
vn 0.3715 0.9083 0.1923
vn 0.3091 0.9491 0.0603
vn 0.3867 0.9163 -0.1044
vn 0.2674 0.9619 -0.0564
vn -0.0919 -0.9945 0.0506
vn -0.1132 -0.9936 -0.0043
vn 0.6777 0.1960 0.7087
vn 0.6301 -0.3065 0.7134
vn 0.3399 -0.9174 0.2069
vn 0.7297 -0.6619 0.1713
vn 0.9529 -0.2047 0.2236
vn 0.8471 -0.1863 0.4978
vn 0.6402 -0.6442 0.4185
vn -0.9477 0.1088 0.3000
vn -0.8553 0.1352 0.5002
vn -0.6355 0.4877 0.5986
vn -0.7134 0.3029 0.6319
vn 0.2429 -0.9684 0.0570
vn 0.1515 -0.9400 0.3057
vn 0.3533 -0.1542 0.9227
vn 0.8471 0.1863 0.4977
vn 0.3533 0.1542 0.9227
vn 0.6402 0.6443 0.4185
vn 0.3188 0.4846 0.8146
vn -0.9866 -0.1617 -0.0196
vn -0.7960 -0.6050 0.0198
vn -0.7869 -0.4409 0.4318
vn -0.8641 -0.1312 0.4859
vn 0.1484 0.9317 0.3315
vn -0.1116 0.5839 0.8041
vn -0.2184 -0.1274 0.9675
vn -0.0984 -0.6068 0.7887
vn 0.3188 -0.4846 0.8146
vn -0.2250 0.1364 0.9648
vn -0.5599 -0.1202 0.8198
vn -0.5581 0.1324 0.8192
vn -0.9585 -0.1687 -0.2300
vn -0.9764 0.0381 -0.2124
vn -0.0146 0.9999 -0.0027
vn -0.2484 0.8964 0.3672
vn 0.2431 0.9683 0.0571
vn 0.7297 0.6620 0.1713
vn -0.6354 0.4878 0.5986
vn -0.3483 -0.9229 0.1640
vn -0.5053 -0.5762 0.6424
vn 0.9529 0.2047 0.2236
vn -0.7613 -0.6169 -0.1995
vn -0.3089 -0.9478 -0.0788
vn -0.4675 0.8765 -0.1151
vn -0.6992 0.6937 -0.1730
vn -0.3044 0.9496 -0.0745
vn -0.6686 -0.7302 -0.1408
vn -0.6362 -0.0118 0.7715
vn -0.6516 0.0278 0.7581
vn 0.0082 -0.9955 0.0940
vn -0.0216 -0.9964 0.0820
vn 0.0268 -0.9989 -0.0377
vn 0.0552 -0.9981 -0.0267
vn -0.1080 -0.9931 0.0449
vn -0.1527 -0.9752 0.1601
vn -0.0462 -0.9771 0.2076
vn -0.3781 -0.0429 0.9248
vn -0.3736 -0.0433 0.9266
vn -0.4621 -0.0064 0.8868
vn -0.4718 -0.0944 0.8766
vn -0.1711 -0.9846 0.0365
vn -0.1026 -0.9909 -0.0870
vn 0.2997 0.9129 0.2773
vn 0.3486 0.9202 0.1780
vn 0.1441 0.9842 0.1026
vn 0.0965 0.9714 0.2169
vn 0.4334 0.8539 0.2882
vn 0.4617 0.8597 0.2185
vn -0.7850 0.6128 -0.0903
vn -0.9130 0.2262 -0.3396
vn -0.9305 -0.0657 -0.3603
vn -0.9772 -0.0708 -0.2000
vn -0.2039 -0.0687 0.9766
vn -0.3459 -0.0470 0.9371
vn -0.3465 -0.0469 0.9369
vn -0.1951 -0.0700 0.9783
vn 0.3388 -0.1307 0.9317
vn 0.3098 -0.1282 0.9421
vn -0.0618 -0.9955 -0.0715
vn 0.0179 -0.9990 -0.0411
vn -0.0329 -0.9981 0.0527
vn 0.8189 -0.1601 0.5511
vn 0.8198 -0.1601 0.5498
vn 0.9240 -0.1607 0.3470
vn -0.0879 0.9848 0.1496
vn -0.1374 0.9544 0.2650
vn 0.0457 0.9432 0.3292
vn -0.0863 -0.9719 0.2191
vn -0.5645 -0.0577 0.8234
vn 0.2200 0.8992 0.3781
vn 0.3596 0.8456 0.3945
vn -0.8268 0.5546 0.0937
vn -0.1243 -0.9796 0.1580
vn -0.0040 -0.9888 0.1489
vn -0.9326 -0.3598 -0.0297
vn -0.9980 -0.0435 -0.0456
vn -0.9135 -0.3546 -0.1991
vn -0.8681 -0.3520 -0.3501
vn -0.0430 0.9986 0.0315
vn -0.3715 0.9083 0.1923
vn -0.3091 0.9491 0.0603
vn -0.2674 0.9619 -0.0564
vn -0.3867 0.9163 -0.1044
vn 0.1132 -0.9936 -0.0043
vn 0.0919 -0.9945 0.0506
vn -0.6777 0.1960 0.7087
vn -0.6301 -0.3065 0.7134
vn -0.3399 -0.9174 0.2069
vn -0.3273 -0.0862 -0.9410
vn 0.3279 -0.0871 -0.9407
vn 0.3394 -0.3354 -0.8788
vn -0.3402 -0.3341 -0.8790
vn -0.9964 0.0702 -0.0483
vn -0.9693 0.0411 -0.2426
vn -0.9636 -0.1354 -0.2307
vn -0.9918 -0.1106 -0.0646
vn 0.2972 0.3591 0.8847
vn -0.0002 0.4254 0.9050
vn -0.0002 0.0727 0.9974
vn 0.2522 0.0500 0.9664
vn -0.9814 -0.0969 0.1659
vn -0.9570 -0.2615 0.1254
vn -0.7738 -0.3322 0.5394
vn -0.7845 -0.0784 0.6152
vn -0.3140 0.2701 0.9102
vn -0.7768 0.2068 0.5948
vn -0.7845 -0.0783 0.6152
vn -0.3144 -0.0673 0.9469
vn 0.0885 0.9959 -0.0166
vn 0.0950 0.9868 0.1315
vn 0.4719 0.8802 0.0511
vn -0.0002 -0.1933 -0.9811
vn 0.2882 -0.1918 -0.9382
vn 0.3054 0.1990 -0.9312
vn -0.0014 -0.1932 -0.9811
vn -0.9602 0.2780 0.0282
vn -0.4721 0.8801 0.0510
vn -0.4952 0.8657 -0.0730
vn -0.3050 0.2006 -0.9310
vn -0.2889 -0.1912 -0.9381
vn -0.2741 0.3634 -0.8904
vn -0.7349 0.2480 -0.6311
vn -0.7244 0.0725 -0.6856
vn 0.9558 -0.0495 -0.2899
vn 0.9590 0.1823 -0.2170
vn 0.7354 0.2447 -0.6319
vn 0.7250 0.0689 -0.6853
vn 0.9613 0.2741 0.0285
vn 0.8768 0.4435 0.1857
vn 0.9705 0.1360 0.1988
vn 0.9964 0.0688 -0.0491
vn 0.9692 0.0389 -0.2431
vn 0.7811 0.0875 -0.6183
vn 0.3145 0.1666 -0.9345
vn 0.2741 0.3625 -0.8908
vn 0.9812 -0.0993 0.1653
vn 0.9913 -0.1136 -0.0657
vn -0.3141 0.1674 -0.9345
vn -0.7808 0.0894 -0.6184
vn -0.9582 0.1872 -0.2165
vn -0.8767 0.4437 0.1858
vn -0.6413 0.5225 0.5619
vn -0.4884 0.8125 0.3183
vn -0.2551 0.5751 0.7773
vn -0.1416 0.9103 0.3889
vn 0.2549 0.5747 0.7776
vn 0.1416 0.9103 0.3889
vn 0.4884 0.8125 0.3183
vn 0.6413 0.5226 0.5619
vn 0.9559 -0.2660 0.1247
vn 0.9812 -0.0994 0.1653
vn 0.7845 -0.0802 0.6149
vn 0.7724 -0.3358 0.5391
vn 0.4987 0.8638 -0.0717
vn -0.9560 -0.0452 -0.2900
vn -0.0951 0.9868 0.1314
vn -0.0881 0.9960 -0.0168
vn -0.3273 -0.0861 -0.9410
vn -0.7901 -0.1282 -0.5994
vn 0.9699 -0.2336 -0.0690
vn 0.9913 -0.1137 -0.0657
vn 0.9585 -0.0145 0.2847
vn -0.0000 0.5931 -0.8051
vn -0.9585 -0.0104 0.2848
vn -0.0000 1.0000 -0.0070
vn -0.0000 0.9927 0.1206
vn -0.2973 0.3592 0.8847
vn -0.2525 0.0500 0.9663
vn -0.6780 -0.0443 0.7337
vn -0.6923 -0.2397 0.6806
vn -0.2471 -0.3027 0.9205
vn 0.9466 -0.1908 -0.2600
vn 0.9507 -0.0407 -0.3075
vn 0.9680 0.0718 0.2403
vn 0.9434 -0.1249 0.3072
vn -0.9466 -0.1906 -0.2600
vn -0.6754 -0.1592 -0.7201
vn -0.9704 0.1364 0.1991
vn -0.9434 -0.1247 0.3073
vn -0.9680 0.0720 0.2403
vn -0.9507 -0.0404 -0.3075
vn 0.6780 -0.0445 0.7337
vn 0.7188 0.2051 0.6642
vn -0.7188 0.2054 0.6642
vn 0.6754 -0.1594 -0.7200
vn 0.3279 -0.0870 -0.9407
vn 0.3148 -0.0681 0.9467
vn -0.3145 -0.0674 0.9469
vn -0.3057 -0.3869 0.8700
vn 0.3044 -0.3885 0.8697
vn 0.3139 0.2699 0.9103
vn 0.7768 0.2067 0.5948
vn -0.7901 -0.1283 -0.5994
vn -0.7993 -0.3058 -0.5174
vn -0.9451 -0.2528 -0.2070
vn 0.3149 -0.0680 0.9467
vn -0.9814 -0.0968 0.1659
vn 0.7845 -0.0801 0.6149
vn 0.9630 -0.1385 -0.2311
vn 0.7902 -0.1306 -0.5988
vn -0.9918 -0.1107 -0.0647
vn -0.9710 -0.2292 -0.0679
vn 0.7902 -0.1307 -0.5987
vn 0.7983 -0.3090 -0.5170
vn 0.9439 -0.2570 -0.2075
vn -0.0001 -0.2923 0.9563
vn 0.2469 -0.3027 0.9206
vn 0.6922 -0.2404 0.6805
vn 0.0834 0.9532 -0.2906
vn 0.0933 0.9532 -0.2875
vn 0.0001 0.9502 -0.3118
vn -0.0007 0.9501 -0.3118
vn -0.0935 0.9531 -0.2880
vn -0.0839 0.9530 -0.2911
vn 0.0915 0.9488 0.3022
vn 0.2150 0.9521 0.2173
vn 0.2136 0.9521 0.2189
vn 0.0766 0.9481 0.3086
vn -0.2155 0.9519 0.2177
vn -0.0913 0.9487 0.3028
vn -0.0769 0.9480 0.3088
vn -0.2141 0.9519 0.2192
vn -0.0000 0.9402 0.3405
vn -0.2949 0.9512 0.0902
vn -0.2993 0.9509 0.0792
vn -0.2121 0.9532 -0.2155
vn -0.2933 0.9517 -0.0905
vn -0.2986 0.9512 -0.0778
vn -0.2114 0.9532 -0.2162
vn 0.2118 0.9534 -0.2150
vn 0.2110 0.9534 -0.2159
vn 0.2926 0.9520 -0.0902
vn 0.2978 0.9515 -0.0777
vn 0.2942 0.9515 0.0900
vn 0.2985 0.9511 0.0791
vn 0.9585 -0.0144 0.2848
vn 0.6922 -0.2403 0.6805
vn -0.9585 -0.0103 0.2848
vn 0.2751 -0.0497 -0.9601
vn 0.7050 -0.0536 -0.7072
vn 0.7009 -0.0536 -0.7112
vn 0.2704 -0.0490 -0.9615
vn 0.9603 -0.0625 -0.2720
vn 0.9577 -0.0624 -0.2808
vn 0.9534 -0.0912 0.2875
vn 0.9605 -0.0894 0.2634
vn 0.7160 -0.1430 0.6833
vn 0.7255 -0.1408 0.6737
vn 0.2909 -0.2146 0.9324
vn 0.3070 -0.2127 0.9276
vn -0.0000 -0.2364 0.9716
vn -0.2909 -0.2146 0.9324
vn -0.3070 -0.2127 0.9276
vn -0.7159 -0.1430 0.6834
vn -0.7254 -0.1407 0.6737
vn -0.9534 -0.0912 0.2875
vn -0.9606 -0.0892 0.2634
vn -0.9603 -0.0625 -0.2719
vn -0.9578 -0.0622 -0.2808
vn -0.7049 -0.0536 -0.7073
vn -0.7009 -0.0535 -0.7113
vn -0.2749 -0.0498 -0.9602
vn -0.2705 -0.0490 -0.9615
vn -0.0000 -0.0444 -0.9990
vn -0.0001 -0.0430 -0.9991
vn 0.1346 -0.8492 -0.5107
vn 0.1548 -0.8503 -0.5031
vn 0.3673 -0.8546 -0.3671
vn 0.3674 -0.8546 -0.3670
vn -0.1354 -0.8488 -0.5110
vn -0.0000 -0.8309 -0.5564
vn 0.3921 -0.8534 0.3434
vn 0.3885 -0.8535 0.3472
vn 0.1736 -0.8629 0.4747
vn 0.1651 -0.8626 0.4782
vn 0.5029 -0.8504 -0.1549
vn 0.5108 -0.8490 -0.1349
vn -0.5123 -0.8481 -0.1349
vn -0.5045 -0.8493 -0.1553
vn -0.3677 -0.8539 -0.3682
vn -0.3684 -0.8538 -0.3679
vn -0.0000 -0.8455 0.5340
vn -0.1735 -0.8625 0.4755
vn -0.1654 -0.8624 0.4784
vn -0.5126 -0.8479 0.1354
vn -0.5049 -0.8491 0.1553
vn -0.1548 -0.8501 -0.5034
vn -0.3895 -0.8528 0.3478
vn -0.3935 -0.8526 0.3438
vn 0.5111 -0.8489 0.1352
vn 0.5037 -0.8499 0.1547
vn 0.9609 0.0414 -0.2739
vn 0.9608 0.0411 0.2741
vn 0.9610 0.0373 0.2741
vn 0.9609 0.0379 -0.2744
vn 0.7067 0.0339 0.7067
vn 0.9612 0.0331 0.2738
vn 0.9410 0.2204 0.2567
vn 0.6914 0.2082 0.6918
vn 0.9612 0.0331 -0.2738
vn 0.7067 0.0339 -0.7067
vn 0.6914 0.2080 -0.6918
vn 0.9410 0.2203 -0.2567
vn -0.0000 0.0358 -0.9994
vn 0.2740 0.0417 -0.9608
vn 0.2742 0.0385 -0.9609
vn 0.2738 0.0331 -0.9612
vn 0.2563 0.2221 -0.9407
vn -0.2738 0.0331 -0.9612
vn -0.7067 0.0339 -0.7067
vn -0.6913 0.2118 -0.6909
vn -0.2571 0.2233 -0.9402
vn -0.9608 0.0409 0.2741
vn -0.9609 0.0412 -0.2739
vn -0.9609 0.0376 -0.2744
vn -0.9610 0.0370 0.2741
vn -0.9612 0.0331 -0.2738
vn -0.9399 0.2251 -0.2566
vn -0.9612 0.0331 0.2738
vn -0.7067 0.0339 0.7067
vn -0.6913 0.2118 0.6909
vn -0.9399 0.2251 0.2566
vn -0.0000 0.0821 0.9966
vn -0.2916 0.0738 0.9537
vn -0.2986 0.1029 0.9488
vn -0.0000 0.1224 0.9925
vn 0.2916 0.0739 0.9537
vn 0.2987 0.1030 0.9488
vn -0.2738 0.0331 0.9612
vn -0.2572 0.2232 0.9402
vn 0.2738 0.0331 0.9612
vn 0.2562 0.2221 0.9407
vn -0.5972 0.5344 -0.5981
vn -0.2294 0.6568 -0.7183
vn -0.7171 0.6581 0.2297
vn -0.5972 0.5344 0.5981
vn -0.2294 0.6568 0.7183
vn -0.2580 0.9311 0.2580
vn 0.6000 0.5301 -0.5992
vn 0.7203 0.6544 -0.2301
vn 0.7203 0.6544 0.2300
vn -0.7170 0.6581 -0.2298
vn -0.2580 0.9311 -0.2580
vn -0.0000 0.6747 0.7381
vn -0.0000 0.2358 0.9718
vn 0.2304 0.6557 0.7190
vn 0.6000 0.5301 0.5992
vn 0.2580 0.9311 0.2580
vn 0.2304 0.6557 -0.7190
vn -0.0000 0.9630 0.2697
vn -0.0000 0.2358 -0.9718
vn -0.0000 0.6747 -0.7381
vn 0.2580 0.9311 -0.2580
vn -0.0000 0.9630 -0.2697
vn -0.2740 0.0416 -0.9608
vn -0.2742 0.0384 -0.9609
vn -0.0000 0.0387 -0.9993
vn -0.0000 0.0306 -0.9995
vn -0.0000 0.0306 0.9995
vn 0.7284 0.0560 0.6828
vn 0.7176 0.0510 0.6946
vn -0.7284 0.0558 0.6829
vn -0.7176 0.0509 0.6946
vn -0.7065 0.0390 -0.7067
vn -0.7065 0.0424 -0.7064
vn 0.7065 0.0392 -0.7066
vn 0.7065 0.0426 -0.7064
vn 0.3273 -0.0862 -0.9410
vn 0.3402 -0.3341 -0.8790
vn -0.3394 -0.3354 -0.8788
vn -0.3279 -0.0871 -0.9407
vn 0.9964 0.0702 -0.0483
vn 0.9918 -0.1106 -0.0647
vn 0.9636 -0.1354 -0.2307
vn 0.9693 0.0411 -0.2426
vn -0.2972 0.3591 0.8847
vn -0.2522 0.0500 0.9664
vn 0.0002 0.0727 0.9974
vn 0.0002 0.4254 0.9050
vn 0.9814 -0.0969 0.1659
vn 0.7845 -0.0784 0.6152
vn 0.7738 -0.3322 0.5394
vn 0.9570 -0.2615 0.1254
vn 0.3145 -0.0673 0.9469
vn 0.7845 -0.0783 0.6152
vn 0.7768 0.2068 0.5948
vn -0.0885 0.9959 -0.0166
vn -0.4719 0.8802 0.0511
vn -0.0950 0.9868 0.1315
vn 0.0002 -0.1933 -0.9811
vn 0.0014 -0.1932 -0.9811
vn -0.3054 0.1990 -0.9312
vn -0.2882 -0.1918 -0.9382
vn 0.9602 0.2780 0.0282
vn 0.4952 0.8657 -0.0730
vn 0.4721 0.8801 0.0510
vn 0.2889 -0.1912 -0.9381
vn 0.3050 0.2006 -0.9310
vn 0.7244 0.0725 -0.6856
vn 0.7349 0.2480 -0.6311
vn 0.2741 0.3634 -0.8904
vn -0.9558 -0.0495 -0.2899
vn -0.7250 0.0689 -0.6853
vn -0.7354 0.2447 -0.6319
vn -0.9590 0.1823 -0.2170
vn -0.9613 0.2741 0.0285
vn -0.9964 0.0688 -0.0491
vn -0.9706 0.1360 0.1988
vn -0.8768 0.4435 0.1857
vn -0.9692 0.0389 -0.2431
vn -0.7811 0.0875 -0.6183
vn -0.2741 0.3625 -0.8908
vn -0.3145 0.1666 -0.9345
vn -0.9913 -0.1136 -0.0657
vn -0.9812 -0.0993 0.1653
vn 0.3141 0.1674 -0.9345
vn 0.7808 0.0894 -0.6184
vn 0.9582 0.1872 -0.2165
vn 0.8767 0.4437 0.1858
vn 0.6413 0.5225 0.5619
vn 0.2549 0.5748 0.7776
vn -0.2549 0.5747 0.7776
vn -0.6413 0.5226 0.5619
vn -0.9559 -0.2659 0.1247
vn -0.7724 -0.3358 0.5391
vn -0.7845 -0.0802 0.6149
vn -0.9812 -0.0994 0.1653
vn -0.4987 0.8638 -0.0718
vn 0.9560 -0.0452 -0.2900
vn 0.0881 0.9960 -0.0168
vn 0.0951 0.9868 0.1314
vn 0.7901 -0.1282 -0.5994
vn 0.3273 -0.0861 -0.9410
vn -0.9699 -0.2337 -0.0689
vn -0.9913 -0.1137 -0.0657
vn -0.9585 -0.0145 0.2847
vn 0.9585 -0.0103 0.2848
vn 0.2525 0.0500 0.9663
vn 0.2973 0.3592 0.8847
vn 0.2471 -0.3027 0.9205
vn 0.6923 -0.2397 0.6806
vn 0.6780 -0.0443 0.7337
vn -0.9466 -0.1908 -0.2600
vn -0.9434 -0.1249 0.3072
vn -0.9680 0.0717 0.2404
vn -0.9507 -0.0407 -0.3075
vn 0.9466 -0.1906 -0.2600
vn 0.6754 -0.1592 -0.7201
vn 0.9704 0.1364 0.1991
vn 0.9434 -0.1247 0.3073
vn 0.9507 -0.0404 -0.3075
vn 0.9680 0.0720 0.2403
vn -0.6780 -0.0445 0.7337
vn -0.7188 0.2051 0.6642
vn 0.7188 0.2054 0.6642
vn -0.6754 -0.1594 -0.7200
vn -0.3279 -0.0870 -0.9407
vn -0.3148 -0.0681 0.9467
vn -0.3046 -0.3882 0.8698
vn 0.3057 -0.3869 0.8700
vn 0.3144 -0.0674 0.9469
vn -0.3139 0.2699 0.9103
vn -0.7768 0.2067 0.5948
vn 0.9451 -0.2528 -0.2070
vn 0.7993 -0.3058 -0.5174
vn 0.7901 -0.1283 -0.5994
vn -0.3148 -0.0680 0.9467
vn 0.9814 -0.0968 0.1659
vn -0.7845 -0.0801 0.6149
vn -0.9630 -0.1385 -0.2311
vn -0.7902 -0.1306 -0.5988
vn 0.9918 -0.1107 -0.0647
vn 0.9710 -0.2292 -0.0679
vn -0.7983 -0.3089 -0.5170
vn -0.7902 -0.1307 -0.5988
vn -0.9630 -0.1385 -0.2312
vn -0.9439 -0.2569 -0.2075
vn -0.2469 -0.3027 0.9206
vn 0.0001 -0.2923 0.9563
vn -0.6922 -0.2404 0.6805
vn -0.0835 0.9532 -0.2907
vn 0.0007 0.9501 -0.3118
vn -0.0001 0.9502 -0.3118
vn -0.0933 0.9532 -0.2875
vn 0.0936 0.9531 -0.2879
vn 0.0839 0.9530 -0.2911
vn -0.0915 0.9488 0.3022
vn -0.0766 0.9481 0.3086
vn -0.2136 0.9521 0.2189
vn -0.2151 0.9521 0.2173
vn 0.2155 0.9519 0.2177
vn 0.2141 0.9519 0.2192
vn 0.0769 0.9480 0.3088
vn 0.0913 0.9487 0.3026
vn 0.2949 0.9512 0.0902
vn 0.2993 0.9509 0.0792
vn 0.2121 0.9532 -0.2155
vn 0.2114 0.9532 -0.2162
vn 0.2986 0.9512 -0.0778
vn 0.2933 0.9517 -0.0905
vn -0.2118 0.9534 -0.2150
vn -0.2110 0.9534 -0.2159
vn -0.2926 0.9520 -0.0902
vn -0.2978 0.9515 -0.0777
vn -0.2985 0.9511 0.0791
vn -0.2942 0.9515 0.0900
vn -0.9585 -0.0144 0.2847
vn -0.6922 -0.2403 0.6805
vn -0.2750 -0.0498 -0.9602
vn -0.2704 -0.0490 -0.9615
vn -0.7009 -0.0536 -0.7112
vn -0.7050 -0.0536 -0.7072
vn -0.9577 -0.0624 -0.2808
vn -0.9603 -0.0625 -0.2720
vn -0.9605 -0.0894 0.2634
vn -0.9535 -0.0913 0.2874
vn -0.7255 -0.1408 0.6737
vn -0.7160 -0.1430 0.6833
vn 0.7254 -0.1407 0.6737
vn 0.7159 -0.1430 0.6834
vn 0.9605 -0.0892 0.2634
vn 0.9578 -0.0622 -0.2808
vn 0.7009 -0.0535 -0.7113
vn 0.7049 -0.0536 -0.7073
vn 0.2705 -0.0490 -0.9615
vn 0.2750 -0.0498 -0.9602
vn 0.0001 -0.0430 -0.9991
vn -0.1346 -0.8492 -0.5107
vn -0.3673 -0.8545 -0.3673
vn -0.3673 -0.8545 -0.3674
vn -0.1548 -0.8503 -0.5031
vn 0.1354 -0.8488 -0.5110
vn -0.3921 -0.8534 0.3434
vn -0.1651 -0.8626 0.4782
vn -0.1736 -0.8629 0.4747
vn -0.3885 -0.8535 0.3472
vn -0.5108 -0.8490 -0.1349
vn -0.5029 -0.8504 -0.1549
vn 0.5123 -0.8481 -0.1349
vn 0.3683 -0.8538 -0.3679
vn 0.3677 -0.8539 -0.3682
vn 0.5045 -0.8493 -0.1553
vn 0.1654 -0.8624 0.4784
vn 0.1735 -0.8625 0.4755
vn 0.5127 -0.8478 0.1357
vn 0.5049 -0.8491 0.1553
vn 0.1548 -0.8501 -0.5034
vn 0.3935 -0.8526 0.3438
vn 0.3895 -0.8528 0.3478
vn -0.5111 -0.8489 0.1352
vn -0.5034 -0.8501 0.1547
vn -0.9609 0.0414 -0.2739
vn -0.9609 0.0379 -0.2744
vn -0.9610 0.0373 0.2741
vn -0.9608 0.0411 0.2741
vn -0.6915 0.2078 0.6919
vn -0.9410 0.2204 0.2567
vn -0.9410 0.2203 -0.2567
vn -0.6914 0.2080 -0.6918
vn -0.2742 0.0385 -0.9609
vn -0.2740 0.0417 -0.9608
vn -0.2563 0.2221 -0.9407
vn 0.2571 0.2233 -0.9402
vn 0.6913 0.2118 -0.6909
vn 0.9608 0.0409 0.2741
vn 0.9610 0.0370 0.2741
vn 0.9609 0.0376 -0.2744
vn 0.9609 0.0412 -0.2739
vn 0.9399 0.2251 -0.2566
vn 0.9399 0.2251 0.2566
vn 0.6913 0.2118 0.6909
vn 0.2986 0.1029 0.9488
vn 0.2916 0.0738 0.9537
vn -0.2916 0.0739 0.9537
vn -0.2987 0.1030 0.9488
vn 0.2572 0.2232 0.9402
vn -0.2562 0.2221 0.9407
vn 0.2294 0.6568 -0.7183
vn 0.5973 0.5344 -0.5980
vn 0.7171 0.6581 0.2297
vn 0.2294 0.6568 0.7183
vn 0.5972 0.5344 0.5981
vn -0.6000 0.5301 -0.5992
vn -0.7203 0.6544 -0.2301
vn -0.7203 0.6544 0.2300
vn 0.7170 0.6581 -0.2298
vn -0.2304 0.6557 0.7190
vn -0.6000 0.5301 0.5992
vn -0.2304 0.6557 -0.7190
vn 0.2740 0.0416 -0.9608
vn 0.2742 0.0384 -0.9609
vn -0.7176 0.0510 0.6946
vn -0.7284 0.0560 0.6828
vn 0.7284 0.0558 0.6829
vn 0.7176 0.0509 0.6946
vn 0.7065 0.0390 -0.7067
vn 0.7065 0.0424 -0.7064
vn -0.7065 0.0392 -0.7066
vn -0.7065 0.0426 -0.7064
vt 0.058069 0.551196
vt 0.056731 0.548870
vt 0.046851 0.548870
vt 0.046854 0.551196
vt 0.942263 0.588575
vt 0.947772 0.609043
vt 0.953598 0.609043
vt 0.946851 0.588575
vt 0.957113 0.609043
vt 0.949735 0.588575
vt 0.893968 0.588575
vt 0.886590 0.609043
vt 0.890104 0.609043
vt 0.896852 0.588575
vt 0.895930 0.609043
vt 0.901440 0.588575
vt 0.903522 0.609043
vt 0.907418 0.588575
vt 0.912363 0.609043
vt 0.914380 0.588575
vt 0.921851 0.609043
vt 0.921851 0.588575
vt 0.929323 0.588575
vt 0.931338 0.609043
vt 0.940180 0.609043
vt 0.936285 0.588575
vt 0.949735 0.581495
vt 0.941024 0.578367
vt 0.932004 0.576688
vt 0.921851 0.576688
vt 0.911698 0.576688
vt 0.902678 0.578367
vt 0.938827 0.578368
vt 0.946851 0.581495
vt 0.930779 0.578368
vt 0.921851 0.578368
vt 0.912924 0.578368
vt 0.904877 0.578368
vt 0.893968 0.581495
vt 0.896852 0.581495
vt 0.936285 0.581495
vt 0.942263 0.581495
vt 0.929323 0.581495
vt 0.921851 0.581495
vt 0.914380 0.581495
vt 0.907418 0.581495
vt 0.901440 0.581495
vt 0.036631 0.562972
vt 0.046853 0.562974
vt 0.046854 0.604090
vt 0.036049 0.604087
vt 0.687895 0.896974
vt 0.680155 0.896974
vt 0.680337 0.896303
vt 0.688283 0.896303
vt 0.641073 0.896974
vt 0.644051 0.896974
vt 0.643106 0.896303
vt 0.639913 0.896303
vt 0.027081 0.562971
vt 0.018842 0.562959
vt 0.017247 0.604074
vt 0.025957 0.604087
vt 0.663540 0.896974
vt 0.671847 0.896974
vt 0.671847 0.896303
vt 0.663357 0.896303
vt 0.694543 0.896974
vt 0.695164 0.896303
vt 0.688282 0.896303
vt 0.020930 0.598766
vt 0.019856 0.592108
vt 0.013791 0.592108
vt 0.015104 0.598766
vt 0.639912 0.896303
vt 0.027081 0.562964
vt 0.025957 0.604079
vt 0.655799 0.896974
vt 0.649152 0.896974
vt 0.648530 0.896303
vt 0.655412 0.896303
vt 0.078598 0.598766
vt 0.079911 0.592108
vt 0.083572 0.592108
vt 0.082113 0.598766
vt 0.655412 0.896303
vt 0.648530 0.896303
vt 0.695165 0.896303
vt 0.643104 0.896303
vt 0.057077 0.562972
vt 0.057659 0.604087
vt 0.018842 0.562952
vt 0.017247 0.604067
vt 0.028522 0.598766
vt 0.027763 0.592108
vt 0.066625 0.562971
vt 0.057077 0.562979
vt 0.057659 0.604097
vt 0.067753 0.604087
vt 0.046853 0.562982
vt 0.046854 0.604099
vt 0.010131 0.592108
vt 0.011590 0.598766
vt 0.081283 0.562942
vt 0.085168 0.562940
vt 0.087351 0.604055
vt 0.083244 0.604058
vt 0.663444 0.845409
vt 0.664056 0.844647
vt 0.671845 0.844648
vt 0.671847 0.845412
vt 0.037363 0.598766
vt 0.036970 0.592108
vt 0.081283 0.562946
vt 0.074865 0.562959
vt 0.076461 0.604074
vt 0.083245 0.604062
vt 0.056338 0.598766
vt 0.056731 0.592108
vt 0.046851 0.592108
vt 0.046851 0.598766
vt 0.074865 0.562952
vt 0.076461 0.604067
vt 0.688116 0.866806
vt 0.680250 0.866905
vt 0.680337 0.874799
vt 0.688282 0.874799
vt 0.700315 0.866875
vt 0.694934 0.866885
vt 0.695164 0.874799
vt 0.700588 0.874799
vt 0.694934 0.866892
vt 0.700315 0.866880
vt 0.700590 0.874799
vt 0.695165 0.874799
vt 0.688116 0.866905
vt 0.688283 0.874799
vt 0.680250 0.866913
vt 0.671847 0.866916
vt 0.671847 0.874799
vt 0.663444 0.866913
vt 0.663357 0.874799
vt 0.655577 0.866905
vt 0.655412 0.874799
vt 0.643379 0.866880
vt 0.648761 0.866892
vt 0.648530 0.874799
vt 0.643104 0.874799
vt 0.648761 0.866885
vt 0.643379 0.866875
vt 0.643106 0.874799
vt 0.648530 0.874799
vt 0.655577 0.866897
vt 0.655412 0.874799
vt 0.663444 0.866905
vt 0.663357 0.874799
vt 0.671847 0.866806
vt 0.703581 0.866879
vt 0.703581 0.866878
vt 0.703782 0.874799
vt 0.640113 0.866879
vt 0.639912 0.874799
vt 0.640113 0.866878
vt 0.639913 0.874799
vt 0.699644 0.896974
vt 0.700588 0.896303
vt 0.702621 0.896974
vt 0.703782 0.896303
vt 0.700590 0.896303
vt 0.663357 0.896303
vt 0.046851 0.636657
vt 0.046851 0.653351
vt 0.057917 0.653351
vt 0.058190 0.636657
vt 0.068228 0.653351
vt 0.068757 0.636657
vt 0.077082 0.653351
vt 0.077831 0.636657
vt 0.083877 0.653351
vt 0.084794 0.636657
vt 0.088148 0.653351
vt 0.089170 0.636657
vt 0.004532 0.636657
vt 0.005555 0.653351
vt 0.009826 0.653351
vt 0.008908 0.636657
vt 0.016620 0.653351
vt 0.015871 0.636657
vt 0.025474 0.653351
vt 0.024945 0.636657
vt 0.035785 0.653351
vt 0.035511 0.636657
vt 0.055400 0.657097
vt 0.056772 0.673832
vt 0.046851 0.664466
vt 0.066017 0.673832
vt 0.038300 0.657097
vt 0.046851 0.657498
vt 0.036930 0.673832
vt 0.067915 0.581717
vt 0.057758 0.581717
vt 0.076640 0.581717
vt 0.083333 0.581717
vt 0.087240 0.581717
vt 0.056938 0.636657
vt 0.046856 0.581717
vt 0.036765 0.636657
vt 0.035954 0.581717
vt 0.025795 0.581717
vt 0.017072 0.581717
vt 0.010378 0.581717
vt 0.006471 0.581717
vt 0.036631 0.562979
vt 0.036049 0.604097
vt 0.679636 0.844647
vt 0.680250 0.845409
vt 0.686912 0.844643
vt 0.688116 0.845401
vt 0.663444 0.845401
vt 0.664056 0.844643
vt 0.656779 0.844639
vt 0.655577 0.845393
vt 0.703581 0.845374
vt 0.701043 0.844627
vt 0.698082 0.844629
vt 0.700315 0.845372
vt 0.694934 0.845388
vt 0.693191 0.844637
vt 0.698082 0.844631
vt 0.700315 0.845376
vt 0.650500 0.844633
vt 0.648761 0.845381
vt 0.701043 0.844628
vt 0.703581 0.845375
vt 0.693191 0.844633
vt 0.694934 0.845381
vt 0.680250 0.845401
vt 0.679636 0.844643
vt 0.671845 0.844645
vt 0.671847 0.845403
vt 0.655577 0.845401
vt 0.656779 0.844643
vt 0.643379 0.845376
vt 0.645609 0.844631
vt 0.650500 0.844637
vt 0.648761 0.845388
vt 0.643379 0.845372
vt 0.645609 0.844629
vt 0.642649 0.844627
vt 0.640113 0.845374
vt 0.642649 0.844628
vt 0.640113 0.845375
vt 0.686912 0.844639
vt 0.688116 0.845393
vt 0.085168 0.562941
vt 0.087351 0.604057
vt 0.035638 0.551196
vt 0.036970 0.548870
vt 0.068545 0.551196
vt 0.065938 0.548870
vt 0.073844 0.548870
vt 0.077583 0.551196
vt 0.025162 0.551196
vt 0.027763 0.548870
vt 0.088888 0.551196
vt 0.083572 0.548870
vt 0.079911 0.548870
vt 0.084626 0.551196
vt 0.009082 0.551196
vt 0.013791 0.548870
vt 0.019856 0.548870
vt 0.016123 0.551196
vt 0.010131 0.548870
vt 0.004819 0.551196
vt 0.010463 0.604062
vt 0.006357 0.604057
vt 0.004819 0.594434
vt 0.009082 0.594434
vt 0.088888 0.594434
vt 0.016123 0.594434
vt 0.025162 0.594434
vt 0.035638 0.594434
vt 0.058069 0.594434
vt 0.068545 0.594434
vt 0.046854 0.594434
vt 0.084626 0.594434
vt 0.077583 0.594434
vt 0.072772 0.598766
vt 0.073844 0.592108
vt 0.012423 0.562946
vt 0.008538 0.562941
vt 0.065938 0.592108
vt 0.065180 0.598766
vt 0.066625 0.562964
vt 0.067753 0.604079
vt 0.012424 0.562942
vt 0.010463 0.604058
vt 0.008538 0.562940
vt 0.006357 0.604055
vt 0.839091 0.911991
vt 0.833648 0.912381
vt 0.834186 0.866241
vt 0.837860 0.866655
vt 0.781779 0.907718
vt 0.767935 0.904425
vt 0.764856 0.920626
vt 0.781779 0.945247
vt 0.766082 0.866655
vt 0.764856 0.911991
vt 0.767935 0.873175
vt 0.771983 0.853358
vt 0.781779 0.815611
vt 0.773865 0.813603
vt 0.801973 0.804866
vt 0.766082 0.819780
vt 0.774440 0.842174
vt 0.801973 0.831331
vt 0.801973 0.836116
vt 0.773865 0.844853
vt 0.769765 0.837823
vt 0.769765 0.840845
vt 0.801973 0.779579
vt 0.769765 0.790948
vt 0.801973 0.784456
vt 0.774440 0.795299
vt 0.781779 0.911916
vt 0.770298 0.912381
vt 0.769756 0.866241
vt 0.781779 0.862486
vt 0.822163 0.945247
vt 0.801973 0.920246
vt 0.801973 0.855976
vt 0.801973 0.861437
vt 0.794101 0.865760
vt 0.770298 0.921016
vt 0.769756 0.819366
vt 0.769765 0.845368
vt 0.775507 0.812650
vt 0.767935 0.895378
vt 0.781779 0.898671
vt 0.773968 0.898399
vt 0.767935 0.864128
vt 0.773968 0.867149
vt 0.775507 0.797025
vt 0.801973 0.787465
vt 0.769765 0.854415
vt 0.781779 0.920551
vt 0.801973 0.809101
vt 0.822163 0.907718
vt 0.839091 0.920626
vt 0.836007 0.904425
vt 0.831963 0.853358
vt 0.836007 0.873175
vt 0.822163 0.815611
vt 0.830077 0.813603
vt 0.837860 0.819780
vt 0.829506 0.842174
vt 0.834181 0.837823
vt 0.830077 0.844853
vt 0.834181 0.840845
vt 0.834181 0.790948
vt 0.829506 0.795299
vt 0.822163 0.911916
vt 0.822163 0.862486
vt 0.809840 0.875685
vt 0.833648 0.921016
vt 0.834186 0.819366
vt 0.834181 0.845368
vt 0.826572 0.832476
vt 0.836007 0.895378
vt 0.818335 0.907964
vt 0.822163 0.898671
vt 0.829974 0.867149
vt 0.828439 0.797025
vt 0.834181 0.854415
vt 0.822163 0.920551
vt 0.794101 0.875685
vt 0.801973 0.879841
vt 0.801973 0.911611
vt 0.809840 0.865760
vt 0.428520 0.796691
vt 0.466100 0.817850
vt 0.467508 0.853133
vt 0.428520 0.831484
vt 0.428520 0.932122
vt 0.395658 0.948702
vt 0.395658 0.889683
vt 0.461383 0.948702
vt 0.428520 0.966479
vt 0.428520 0.867537
vt 0.428520 0.922952
vt 0.390919 0.902613
vt 0.389533 0.903536
vt 0.428520 0.924319
vt 0.390919 0.817850
vt 0.389533 0.853133
vt 0.461383 0.889683
vt 0.466100 0.902613
vt 0.467508 0.903536
vt 0.428520 0.855606
vt 0.467508 0.877255
vt 0.461383 0.894507
vt 0.428520 0.879598
vt 0.467508 0.927657
vt 0.461383 0.953527
vt 0.428520 0.948441
vt 0.428520 0.971303
vt 0.389533 0.927657
vt 0.395658 0.953527
vt 0.389533 0.877255
vt 0.395658 0.894507
vt 0.801973 0.898671
vt 0.785612 0.907964
vt 0.801973 0.907718
vt 0.836007 0.864128
vt 0.777370 0.832476
vt 0.046851 0.673832
vt 0.046851 0.693081
vt 0.054952 0.693081
vt 0.062500 0.693081
vt 0.068981 0.693081
vt 0.073956 0.673832
vt 0.073956 0.693081
vt 0.080047 0.673832
vt 0.083877 0.673832
vt 0.077082 0.693081
vt 0.009826 0.673832
vt 0.016620 0.693081
vt 0.019746 0.693081
vt 0.013655 0.673832
vt 0.024719 0.693081
vt 0.019746 0.673832
vt 0.027685 0.673832
vt 0.031202 0.693081
vt 0.038751 0.693081
vt 0.171844 0.607255
vt 0.178385 0.606646
vt 0.175453 0.606646
vt 0.168234 0.606646
vt 0.165302 0.606646
vt 0.179295 0.606646
vt 0.171844 0.606646
vt 0.164393 0.606646
vt 0.071327 0.703013
vt 0.064608 0.693081
vt 0.066937 0.697902
vt 0.029094 0.693081
vt 0.038149 0.649607
vt 0.026765 0.697902
vt 0.023715 0.700720
vt 0.069987 0.700720
vt 0.022375 0.703013
vt 0.040350 0.703384
vt 0.046851 0.703384
vt 0.034293 0.703384
vt 0.029090 0.703384
vt 0.025099 0.703384
vt 0.068603 0.703384
vt 0.064610 0.703384
vt 0.059409 0.703384
vt 0.053352 0.703384
vt 0.176798 0.642971
vt 0.171844 0.642971
vt 0.171844 0.644557
vt 0.177846 0.644557
vt 0.171844 0.649027
vt 0.171845 0.650086
vt 0.179378 0.650086
vt 0.177415 0.649027
vt 0.182607 0.649027
vt 0.181414 0.642971
vt 0.183419 0.644557
vt 0.185497 0.650086
vt 0.187066 0.649027
vt 0.185377 0.642971
vt 0.188170 0.644557
vt 0.190487 0.649027
vt 0.188419 0.642971
vt 0.191765 0.644557
vt 0.187395 0.650086
vt 0.192638 0.649027
vt 0.190495 0.642787
vt 0.194169 0.644557
vt 0.151050 0.649027
vt 0.156293 0.650086
vt 0.158191 0.650086
vt 0.153201 0.649027
vt 0.151044 0.668203
vt 0.153201 0.670531
vt 0.156622 0.670531
vt 0.154786 0.668117
vt 0.156622 0.649027
vt 0.158310 0.642971
vt 0.155268 0.642971
vt 0.151922 0.644557
vt 0.155517 0.644557
vt 0.164311 0.650086
vt 0.161080 0.649027
vt 0.162274 0.642971
vt 0.160269 0.644557
vt 0.166890 0.642971
vt 0.165842 0.644557
vt 0.166272 0.649027
vt 0.153192 0.642787
vt 0.149518 0.644557
vt 0.171844 0.661678
vt 0.180149 0.661678
vt 0.177415 0.670531
vt 0.171844 0.670531
vt 0.171844 0.623616
vt 0.179404 0.628274
vt 0.180612 0.629721
vt 0.171844 0.624735
vt 0.155896 0.684314
vt 0.163539 0.661678
vt 0.166272 0.670531
vt 0.161080 0.670531
vt 0.154214 0.641647
vt 0.156538 0.640245
vt 0.153685 0.641788
vt 0.150878 0.643204
vt 0.189474 0.641647
vt 0.194070 0.644557
vt 0.192810 0.643204
vt 0.149618 0.644557
vt 0.163816 0.675253
vt 0.171844 0.671063
vt 0.158312 0.637848
vt 0.155788 0.639379
vt 0.164284 0.628274
vt 0.163075 0.629721
vt 0.185375 0.637848
vt 0.187899 0.639379
vt 0.187150 0.640245
vt 0.190003 0.641788
vt 0.193764 0.667157
vt 0.195064 0.668184
vt 0.192638 0.670531
vt 0.190487 0.670531
vt 0.179872 0.675253
vt 0.152809 0.665857
vt 0.195116 0.668140
vt 0.148571 0.668140
vt 0.148623 0.668184
vt 0.151050 0.670531
vt 0.178123 0.668005
vt 0.182607 0.670531
vt 0.183948 0.668048
vt 0.192643 0.668203
vt 0.187791 0.684314
vt 0.188902 0.668117
vt 0.187066 0.670531
vt 0.149924 0.667157
vt 0.171844 0.667991
vt 0.165564 0.668005
vt 0.190879 0.665857
vt 0.159739 0.668048
vt 0.179872 0.642997
vt 0.171844 0.638807
vt 0.171844 0.635487
vt 0.180612 0.640473
vt 0.163816 0.642997
vt 0.163075 0.640473
vt 0.187899 0.650131
vt 0.187791 0.652059
vt 0.155896 0.652059
vt 0.155788 0.650131
vt 0.190003 0.652540
vt 0.190879 0.655105
vt 0.152809 0.655105
vt 0.153685 0.652540
vt 0.149924 0.656405
vt 0.150878 0.653956
vt 0.148623 0.657432
vt 0.149618 0.655309
vt 0.195064 0.657432
vt 0.193764 0.656405
vt 0.192810 0.653956
vt 0.194070 0.655309
vt 0.194169 0.655309
vt 0.195116 0.657389
vt 0.148571 0.657389
vt 0.149518 0.655309
vt 0.165564 0.657253
vt 0.171844 0.657239
vt 0.171844 0.655309
vt 0.165842 0.655309
vt 0.159739 0.657296
vt 0.160269 0.655309
vt 0.154786 0.657365
vt 0.155517 0.655309
vt 0.151044 0.657451
vt 0.151922 0.655309
vt 0.192643 0.657451
vt 0.191765 0.655309
vt 0.188902 0.657365
vt 0.188170 0.655309
vt 0.183948 0.657296
vt 0.183419 0.655309
vt 0.178123 0.657253
vt 0.177846 0.655309
vt 0.055552 0.649607
vt 0.046851 0.648981
vt 0.790370 0.950805
vt 0.788300 0.951457
vt 0.790045 0.946278
vt 0.803331 0.950805
vt 0.803657 0.946278
vt 0.805400 0.951457
vt 0.796851 0.982226
vt 0.788300 0.981665
vt 0.790370 0.981013
vt 0.788149 0.940991
vt 0.790370 0.941474
vt 0.796851 0.941507
vt 0.796851 0.946388
vt 0.805552 0.940991
vt 0.803331 0.941474
vt 0.796851 0.951047
vt 0.796851 0.909909
vt 0.805552 0.910784
vt 0.803331 0.911267
vt 0.796851 0.911299
vt 0.790370 0.911267
vt 0.796851 0.981255
vt 0.803331 0.981013
vt 0.805400 0.981665
vt 0.788149 0.910784
vt 0.433169 0.877417
vt 0.459426 0.877266
vt 0.458369 0.871041
vt 0.433726 0.871171
vt 0.433638 0.979878
vt 0.407382 0.980359
vt 0.409575 0.978578
vt 0.434218 0.978119
vt 0.461800 0.952158
vt 0.461360 0.896803
vt 0.459426 0.898143
vt 0.459895 0.958850
vt 0.417231 0.918934
vt 0.416934 0.889324
vt 0.416539 0.893602
vt 0.416827 0.922649
vt 0.434121 0.918571
vt 0.433549 0.922287
vt 0.407382 0.959481
vt 0.406911 0.898775
vt 0.406146 0.897468
vt 0.406583 0.952823
vt 0.433862 0.903266
vt 0.415755 0.903647
vt 0.412556 0.896860
vt 0.433821 0.896441
vt 0.433827 0.888961
vt 0.450721 0.888926
vt 0.449979 0.893208
vt 0.433259 0.893241
vt 0.413329 0.907763
vt 0.413651 0.941413
vt 0.409554 0.946714
vt 0.409179 0.902581
vt 0.434224 0.945038
vt 0.452330 0.944986
vt 0.455525 0.951803
vt 0.434260 0.951892
vt 0.454753 0.940925
vt 0.454440 0.907276
vt 0.458525 0.901986
vt 0.458903 0.946119
vt 0.451009 0.939414
vt 0.450721 0.909804
vt 0.451968 0.903214
vt 0.417231 0.939812
vt 0.416117 0.945419
vt 0.416934 0.910202
vt 0.458865 0.967550
vt 0.455525 0.962242
vt 0.458903 0.956558
vt 0.461800 0.962597
vt 0.458525 0.912425
vt 0.455085 0.906791
vt 0.458369 0.902357
vt 0.461360 0.907242
vt 0.409081 0.902946
vt 0.412556 0.907299
vt 0.409179 0.913020
vt 0.406146 0.907907
vt 0.409575 0.968139
vt 0.406583 0.963262
vt 0.409554 0.957153
vt 0.412995 0.962750
vt 0.459895 0.979727
vt 0.458865 0.977989
vt 0.461800 0.973036
vt 0.461360 0.875925
vt 0.406583 0.973701
vt 0.406911 0.877897
vt 0.409081 0.871630
vt 0.406146 0.876591
vt 0.434218 0.967680
vt 0.434260 0.962331
vt 0.433726 0.902487
vt 0.433821 0.906880
vt 0.434121 0.939448
vt 0.433827 0.909838
vt 0.455085 0.896352
vt 0.412995 0.952311
vt 0.451009 0.918536
vt 0.450270 0.922255
vt 0.432137 0.919833
vt 0.432544 0.914238
vt 0.434184 0.914238
vt 0.433183 0.920578
vt 0.432137 0.908643
vt 0.433183 0.907899
vt 0.430041 0.924677
vt 0.430125 0.918338
vt 0.432137 0.919082
vt 0.432544 0.924677
vt 0.430125 0.907899
vt 0.430764 0.906219
vt 0.410889 0.922257
vt 0.410250 0.920578
vt 0.430125 0.920578
vt 0.430764 0.922257
vt 0.430125 0.931016
vt 0.410250 0.931016
vt 0.410165 0.924677
vt 0.410250 0.907899
vt 0.410889 0.906219
vt 0.410250 0.918338
vt 0.432137 0.930272
vt 0.052379 0.738730
vt 0.068712 0.738643
vt 0.686968 0.337288
vt 0.686968 0.344733
vt 0.680887 0.378226
vt 0.680887 0.368613
vt 0.085517 0.687842
vt 0.085544 0.738043
vt 0.068664 0.688315
vt 0.031928 0.688433
vt 0.031933 0.738794
vt 0.020403 0.738817
vt 0.020403 0.688451
vt 0.686968 0.274854
vt 0.686968 0.308730
vt 0.680887 0.339568
vt 0.680887 0.302554
vt 0.680887 0.349180
vt 0.686968 0.316481
vt 0.052379 0.663112
vt 0.068712 0.662579
vt 0.052379 0.676930
vt 0.068712 0.676895
vt 0.686968 0.327270
vt 0.680887 0.358566
vt 0.085544 0.676632
vt 0.031933 0.676956
vt 0.020403 0.676968
vt 0.680887 0.415239
vt 0.686968 0.378607
vt 0.031933 0.649262
vt 0.031928 0.637788
vt 0.020403 0.637770
vt 0.020403 0.649250
vt 0.085544 0.649589
vt 0.085517 0.638382
vt 0.068664 0.637907
vt 0.068712 0.649329
vt 0.672411 0.369501
vt 0.663367 0.370102
vt 0.663362 0.381315
vt 0.672411 0.380029
vt 0.052379 0.587491
vt 0.068712 0.587578
vt 0.085544 0.588178
vt 0.031933 0.587427
vt 0.020403 0.587404
vt 0.052379 0.649291
vt 0.720874 0.358381
vt 0.720874 0.364547
vt 0.715989 0.358381
vt 0.715989 0.364547
vt 0.713705 0.346971
vt 0.715989 0.345354
vt 0.720874 0.351741
vt 0.715989 0.351741
vt 0.715989 0.370744
vt 0.713705 0.369129
vt 0.707778 0.378607
vt 0.707778 0.368538
vt 0.694145 0.368538
vt 0.694145 0.378607
vt 0.013010 0.641091
vt 0.010899 0.650082
vt 0.707778 0.347731
vt 0.707778 0.358520
vt 0.707778 0.337354
vt 0.694145 0.358520
vt 0.694145 0.337354
vt 0.694145 0.347731
vt 0.010899 0.637866
vt 0.006383 0.649218
vt 0.013010 0.685313
vt 0.010899 0.731773
vt 0.010899 0.663199
vt 0.020403 0.663112
vt 0.010899 0.594628
vt 0.010899 0.676319
vt 0.006383 0.677179
vt 0.010899 0.688535
vt 0.006383 0.663199
vt 0.707778 0.300485
vt 0.694145 0.300485
vt 0.715989 0.326122
vt 0.707778 0.413059
vt 0.694145 0.413059
vt 0.715989 0.389977
vt 0.663367 0.298395
vt 0.672411 0.300169
vt 0.672411 0.417639
vt 0.672411 0.337769
vt 0.663362 0.336481
vt 0.663367 0.347695
vt 0.663349 0.358557
vt 0.672411 0.358549
vt 0.672411 0.348296
vt 0.096684 0.589091
vt 0.663364 0.419419
vt 0.085544 0.662579
vt 0.670592 0.953558
vt 0.670566 0.928518
vt 0.668353 0.932298
vt 0.668373 0.958550
vt 0.645121 0.953578
vt 0.645109 0.928535
vt 0.647345 0.932315
vt 0.647357 0.958570
vt 0.052355 0.688381
vt 0.052355 0.637840
vt 0.670592 0.922823
vt 0.670592 0.915951
vt 0.668373 0.915951
vt 0.668373 0.924229
vt 0.645121 0.922833
vt 0.647357 0.924241
vt 0.043464 0.738771
vt 0.031933 0.663112
vt 0.043464 0.676951
vt 0.043464 0.663112
vt 0.043464 0.587448
vt 0.043464 0.649271
vt 0.670592 0.909077
vt 0.670566 0.903382
vt 0.668353 0.899602
vt 0.668373 0.907670
vt 0.645109 0.903365
vt 0.645121 0.909067
vt 0.647357 0.907659
vt 0.647345 0.899585
vt 0.670592 0.878342
vt 0.668373 0.873351
vt 0.645121 0.878320
vt 0.647357 0.873330
vt 0.096670 0.639358
vt 0.096684 0.675957
vt 0.096678 0.662924
vt 0.096684 0.650780
vt 0.096684 0.737640
vt 0.096670 0.687376
vt 0.202098 0.681932
vt 0.202086 0.687538
vt 0.190539 0.687349
vt 0.190545 0.680670
vt 0.659804 0.381220
vt 0.663364 0.388169
vt 0.659804 0.336432
vt 0.659794 0.327776
vt 0.663349 0.327307
vt 0.663367 0.338852
vt 0.659799 0.344844
vt 0.663362 0.350065
vt 0.659804 0.319630
vt 0.663367 0.316445
vt 0.659799 0.311218
vt 0.663362 0.305231
vt 0.659804 0.274841
vt 0.663367 0.267145
vt 0.202098 0.651112
vt 0.202092 0.676144
vt 0.190530 0.674361
vt 0.190545 0.648975
vt 0.202092 0.699282
vt 0.202098 0.724314
vt 0.190545 0.726208
vt 0.190530 0.700823
vt 0.202098 0.693494
vt 0.190545 0.694514
vt 0.188276 0.703016
vt 0.188261 0.678018
vt 0.190530 0.679319
vt 0.190545 0.704704
vt 0.188276 0.672339
vt 0.190545 0.673010
vt 0.188270 0.665857
vt 0.190539 0.665845
vt 0.188276 0.659817
vt 0.190545 0.659166
vt 0.188261 0.654137
vt 0.190530 0.652857
vt 0.188276 0.629137
vt 0.190545 0.627471
vt 0.657868 0.928813
vt 0.657868 0.937454
vt 0.668373 0.937454
vt 0.668373 0.929174
vt 0.657868 0.946095
vt 0.668373 0.945733
vt 0.657868 0.893936
vt 0.668373 0.894855
vt 0.657868 0.980972
vt 0.668373 0.980054
vt 0.657845 0.954513
vt 0.647345 0.953819
vt 0.647357 0.945745
vt 0.657845 0.920394
vt 0.647357 0.929163
vt 0.647345 0.921089
vt 0.647357 0.894834
vt 0.647357 0.980074
vt 0.645121 0.915951
vt 0.647357 0.915951
vt 0.043454 0.688416
vt 0.043454 0.637805
vt 0.668353 0.953802
vt 0.668353 0.921106
vt 0.647357 0.937454
vt 0.080909 0.851742
vt 0.078391 0.829068
vt 0.080909 0.828938
vt 0.084407 0.851742
vt 0.072788 0.829796
vt 0.068716 0.809358
vt 0.060254 0.798904
vt 0.063410 0.809358
vt 0.057229 0.809358
vt 0.055596 0.798904
vt 0.050598 0.809358
vt 0.050598 0.798904
vt 0.067322 0.757139
vt 0.074067 0.809358
vt 0.064253 0.798904
vt 0.069470 0.757127
vt 0.076220 0.809358
vt 0.081365 0.792574
vt 0.085602 0.817920
vt 0.084820 0.754932
vt 0.081383 0.754932
vt 0.075734 0.754932
vt 0.075347 0.851742
vt 0.068372 0.754932
vt 0.068098 0.851742
vt 0.059798 0.754932
vt 0.059657 0.851742
vt 0.050598 0.754932
vt 0.050598 0.851742
vt 0.063279 0.754932
vt 0.056249 0.754932
vt 0.059589 0.754932
vt 0.065745 0.830760
vt 0.059803 0.834581
vt 0.054319 0.835833
vt 0.054319 0.828949
vt 0.054319 0.801584
vt 0.059803 0.807216
vt 0.054319 0.808468
vt 0.060254 0.757127
vt 0.050598 0.757127
vt 0.080682 0.754932
vt 0.077909 0.754932
vt 0.067968 0.754932
vt 0.206371 0.613341
vt 0.202062 0.616529
vt 0.202298 0.615553
vt 0.205915 0.612876
vt 0.164065 0.670663
vt 0.164564 0.665048
vt 0.175930 0.669239
vt 0.175710 0.676908
vt 0.190369 0.672001
vt 0.185101 0.670465
vt 0.184407 0.673774
vt 0.198694 0.649590
vt 0.202062 0.641424
vt 0.206371 0.638235
vt 0.207353 0.646306
vt 0.192913 0.672224
vt 0.182210 0.659652
vt 0.182210 0.666129
vt 0.201439 0.675864
vt 0.209303 0.662943
vt 0.204419 0.662716
vt 0.197867 0.673637
vt 0.190341 0.681046
vt 0.195338 0.610480
vt 0.196126 0.609332
vt 0.194340 0.607629
vt 0.187531 0.658757
vt 0.199009 0.655084
vt 0.214893 0.643520
vt 0.206982 0.647774
vt 0.199856 0.665048
vt 0.207562 0.654195
vt 0.208262 0.658559
vt 0.200355 0.670663
vt 0.200376 0.660855
vt 0.190436 0.655695
vt 0.208631 0.604839
vt 0.209272 0.604756
vt 0.214436 0.624129
vt 0.207222 0.631346
vt 0.209272 0.629651
vt 0.211248 0.632074
vt 0.213060 0.635641
vt 0.214558 0.638841
vt 0.202305 0.648535
vt 0.193464 0.650143
vt 0.206694 0.596471
vt 0.207134 0.595902
vt 0.207134 0.620796
vt 0.209739 0.619452
vt 0.212928 0.618289
vt 0.212910 0.620281
vt 0.202166 0.634078
vt 0.193709 0.641122
vt 0.203776 0.616040
vt 0.207381 0.613912
vt 0.167717 0.624248
vt 0.164361 0.620088
vt 0.157198 0.631346
vt 0.162254 0.634078
vt 0.211333 0.615032
vt 0.200059 0.620088
vt 0.205895 0.612308
vt 0.207484 0.614249
vt 0.174851 0.681985
vt 0.182210 0.672262
vt 0.182210 0.672674
vt 0.201038 0.611684
vt 0.192037 0.585696
vt 0.197708 0.585696
vt 0.174079 0.681046
vt 0.166553 0.673637
vt 0.162982 0.675864
vt 0.182210 0.618584
vt 0.182210 0.630675
vt 0.190337 0.634515
vt 0.196704 0.624248
vt 0.192629 0.585696
vt 0.182210 0.585696
vt 0.182210 0.614274
vt 0.182210 0.650242
vt 0.188187 0.648293
vt 0.182210 0.682908
vt 0.188490 0.669239
vt 0.188710 0.676908
vt 0.182210 0.690208
vt 0.182210 0.672438
vt 0.191159 0.612764
vt 0.182210 0.611716
vt 0.189569 0.681985
vt 0.182210 0.697156
vt 0.197190 0.613589
vt 0.205915 0.600428
vt 0.208075 0.601556
vt 0.208666 0.593195
vt 0.208631 0.592392
vt 0.165411 0.655084
vt 0.176889 0.658757
vt 0.206694 0.584024
vt 0.205465 0.584319
vt 0.201576 0.578570
vt 0.203485 0.579650
vt 0.197190 0.588694
vt 0.203776 0.591146
vt 0.203485 0.592097
vt 0.197319 0.589801
vt 0.182210 0.586821
vt 0.191159 0.587869
vt 0.191673 0.589028
vt 0.182210 0.588048
vt 0.188187 0.623398
vt 0.182210 0.625347
vt 0.182210 0.624116
vt 0.188890 0.622293
vt 0.175530 0.609846
vt 0.169082 0.610480
vt 0.172625 0.614334
vt 0.196475 0.574103
vt 0.182210 0.574059
vt 0.182210 0.575601
vt 0.191673 0.576581
vt 0.194355 0.573769
vt 0.203900 0.604882
vt 0.167101 0.577354
vt 0.162845 0.578570
vt 0.160935 0.579650
vt 0.197319 0.577354
vt 0.166038 0.644147
vt 0.176233 0.648293
vt 0.180014 0.673774
vt 0.179319 0.670465
vt 0.174051 0.672001
vt 0.175530 0.622293
vt 0.176233 0.623398
vt 0.166038 0.619252
vt 0.165985 0.618411
vt 0.171507 0.672224
vt 0.160002 0.662716
vt 0.155117 0.662943
vt 0.179319 0.645570
vt 0.182210 0.643813
vt 0.182210 0.642749
vt 0.158050 0.613341
vt 0.158505 0.612876
vt 0.157067 0.646306
vt 0.158050 0.638235
vt 0.157438 0.647774
vt 0.149527 0.643520
vt 0.156158 0.658559
vt 0.156858 0.654195
vt 0.164044 0.660855
vt 0.173985 0.655694
vt 0.155148 0.604756
vt 0.155789 0.604839
vt 0.153172 0.632074
vt 0.155148 0.629651
vt 0.149862 0.638841
vt 0.151360 0.635641
vt 0.162116 0.648535
vt 0.170957 0.650143
vt 0.157286 0.595902
vt 0.157726 0.596471
vt 0.154681 0.619452
vt 0.157286 0.620796
vt 0.151493 0.618289
vt 0.149984 0.624129
vt 0.151510 0.620281
vt 0.170712 0.641122
vt 0.157039 0.613912
vt 0.160645 0.616040
vt 0.153088 0.615032
vt 0.158524 0.612308
vt 0.156936 0.614249
vt 0.171791 0.585696
vt 0.163382 0.611684
vt 0.166713 0.585696
vt 0.172383 0.585696
vt 0.182210 0.685121
vt 0.174083 0.634516
vt 0.182210 0.658014
vt 0.182210 0.665314
vt 0.182210 0.647543
vt 0.173261 0.612764
vt 0.167231 0.613589
vt 0.155789 0.592392
vt 0.155754 0.593195
vt 0.156345 0.601556
vt 0.158505 0.600428
vt 0.198385 0.619202
vt 0.198435 0.618411
vt 0.158956 0.584319
vt 0.157726 0.584024
vt 0.167231 0.588694
vt 0.167101 0.589801
vt 0.160935 0.592097
vt 0.160645 0.591146
vt 0.172747 0.589028
vt 0.173261 0.587869
vt 0.172747 0.576581
vt 0.167946 0.574103
vt 0.170065 0.573769
vt 0.160520 0.604882
vt 0.182210 0.620111
vt 0.182210 0.611669
vt 0.182210 0.650817
vt 0.182210 0.640453
vt 0.182211 0.585696
vt 0.191795 0.614334
vt 0.185101 0.645570
vt 0.190369 0.647106
vt 0.182210 0.675302
vt 0.176013 0.679761
vt 0.182210 0.669120
vt 0.182210 0.644225
vt 0.182210 0.641235
vt 0.171507 0.647330
vt 0.174051 0.647106
vt 0.182210 0.683344
vt 0.188408 0.679761
vt 0.192913 0.647330
vt 0.182210 0.637795
vt 0.182210 0.662689
vt 0.182210 0.697568
vt 0.051314 0.761351
vt 0.049882 0.761351
vt 0.049279 0.857460
vt 0.051918 0.857460
vt 0.055630 0.761351
vt 0.052777 0.761351
vt 0.057081 0.856334
vt 0.049144 0.813360
vt 0.049186 0.816799
vt 0.046625 0.819127
vt 0.046134 0.817509
vt 0.044117 0.856334
vt 0.044172 0.849794
vt 0.045107 0.849671
vt 0.044844 0.856334
vt 0.056354 0.856334
vt 0.056086 0.849655
vt 0.057026 0.849789
vt 0.052227 0.811622
vt 0.055569 0.816343
vt 0.055061 0.817499
vt 0.052053 0.813360
vt 0.045107 0.820511
vt 0.046625 0.848286
vt 0.046399 0.856334
vt 0.044172 0.820634
vt 0.045629 0.816346
vt 0.048968 0.811617
vt 0.045353 0.819998
vt 0.050598 0.812821
vt 0.055844 0.819998
vt 0.048419 0.761351
vt 0.052316 0.761351
vt 0.049186 0.845958
vt 0.045566 0.870541
vt 0.045353 0.849157
vt 0.057026 0.820629
vt 0.056086 0.820496
vt 0.054572 0.819125
vt 0.052011 0.845958
vt 0.054572 0.848284
vt 0.054798 0.856334
vt 0.048879 0.761351
vt 0.052011 0.816799
vt 0.045566 0.761351
vt 0.055630 0.870541
vt 0.055844 0.849157
vt 0.196126 0.609332
vt 0.165985 0.605963
vt 0.202298 0.603105
vt 0.200290 0.605596
vt 0.194480 0.620839
vt 0.194480 0.645733
vt 0.194340 0.620077
vt 0.188890 0.609846
vt 0.289448 0.890011
vt 0.292399 0.890011
vt 0.289688 0.905605
vt 0.286734 0.905605
vt 0.310955 0.927196
vt 0.308378 0.942790
vt 0.308846 0.939930
vt 0.310396 0.927196
vt 0.293539 0.883552
vt 0.296496 0.883552
vt 0.294349 0.905605
vt 0.294349 0.927196
vt 0.289688 0.927196
vt 0.295191 0.939930
vt 0.292399 0.942790
vt 0.310966 0.905605
vt 0.310399 0.905605
vt 0.308852 0.892871
vt 0.308375 0.890011
vt 0.296496 0.949244
vt 0.298446 0.942790
vt 0.299254 0.905605
vt 0.295191 0.892871
vt 0.298446 0.890011
vt 0.299254 0.927196
vt 0.307129 0.905605
vt 0.307129 0.927196
vt 0.307732 0.905605
vt 0.307714 0.927196
vt 0.301336 0.949244
vt 0.293539 0.949244
vt 0.304369 0.949244
vt 0.289448 0.942790
vt 0.306322 0.942790
vt 0.304354 0.883552
vt 0.306322 0.890011
vt 0.286734 0.927196
vt 0.301283 0.883552
vt 0.305223 0.890011
vt 0.310352 0.948651
vt 0.313794 0.948651
vt 0.316166 0.941326
vt 0.312680 0.941326
vt 0.203611 0.873413
vt 0.202050 0.873583
vt 0.204114 0.873129
vt 0.205675 0.872959
vt 0.201461 0.873206
vt 0.204819 0.874088
vt 0.202663 0.873875
vt 0.204819 0.900848
vt 0.206917 0.900398
vt 0.206961 0.905470
vt 0.204337 0.906007
vt 0.207459 0.873288
vt 0.205898 0.873458
vt 0.197265 0.905345
vt 0.200770 0.906712
vt 0.199209 0.906882
vt 0.195704 0.905514
vt 0.195327 0.903713
vt 0.193767 0.903883
vt 0.207751 0.905142
vt 0.208132 0.902462
vt 0.206571 0.902632
vt 0.206190 0.905312
vt 0.198607 0.904533
vt 0.199051 0.900009
vt 0.202663 0.900635
vt 0.202147 0.905762
vt 0.197128 0.903820
vt 0.197418 0.899882
vt 0.197856 0.872682
vt 0.196295 0.872852
vt 0.199900 0.873376
vt 0.195700 0.899770
vt 0.194138 0.899940
vt 0.202966 0.906962
vt 0.206917 0.873638
vt 0.208618 0.902499
vt 0.208178 0.904469
vt 0.199051 0.873248
vt 0.197418 0.873122
vt 0.208028 0.900707
vt 0.207459 0.900048
vt 0.205898 0.900218
vt 0.201405 0.907132
vt 0.205767 0.906404
vt 0.204206 0.906574
vt 0.195700 0.873010
vt 0.194138 0.873179
vt 0.208028 0.873946
vt 0.440722 0.367843
vt 0.420463 0.367842
vt 0.421147 0.378675
vt 0.440083 0.378675
vt 0.458294 0.393208
vt 0.456899 0.393208
vt 0.456660 0.386130
vt 0.458244 0.386193
vt 0.418986 0.423553
vt 0.431002 0.423553
vt 0.430963 0.419813
vt 0.419330 0.419752
vt 0.459716 0.367847
vt 0.457572 0.378675
vt 0.451528 0.378675
vt 0.453184 0.367857
vt 0.441229 0.393208
vt 0.452360 0.393214
vt 0.453184 0.386204
vt 0.441552 0.386204
vt 0.420210 0.385849
vt 0.420386 0.409584
vt 0.410332 0.408331
vt 0.430547 0.423553
vt 0.420265 0.407151
vt 0.430961 0.407151
vt 0.457070 0.401637
vt 0.450814 0.408331
vt 0.449456 0.384431
vt 0.440838 0.407151
vt 0.442111 0.423553
vt 0.440601 0.401862
vt 0.450291 0.401862
vt 0.449310 0.407151
vt 0.406504 0.407151
vt 0.404889 0.401862
vt 0.410867 0.401862
vt 0.411793 0.407151
vt 0.404079 0.401637
vt 0.404195 0.402147
vt 0.402078 0.393272
vt 0.402869 0.393208
vt 0.404283 0.393208
vt 0.410465 0.393206
vt 0.420488 0.393208
vt 0.420554 0.401862
vt 0.401431 0.386189
vt 0.402935 0.386186
vt 0.440681 0.393208
vt 0.450718 0.393206
vt 0.456268 0.401862
vt 0.456952 0.402147
vt 0.450814 0.401766
vt 0.450814 0.405987
vt 0.440761 0.401088
vt 0.440761 0.406834
vt 0.420386 0.401088
vt 0.420386 0.406834
vt 0.410332 0.405987
vt 0.410332 0.401766
vt 0.403616 0.378675
vt 0.401431 0.367842
vt 0.407962 0.367854
vt 0.409663 0.378675
vt 0.411641 0.384428
vt 0.454598 0.407151
vt 0.440761 0.409584
vt 0.440887 0.385849
vt 0.440722 0.386191
vt 0.450872 0.386114
vt 0.404989 0.378675
vt 0.402935 0.367838
vt 0.406334 0.407151
vt 0.454766 0.407151
vt 0.430963 0.385849
vt 0.430889 0.409584
vt 0.441767 0.419752
vt 0.451704 0.418136
vt 0.449456 0.408097
vt 0.440887 0.409514
vt 0.403338 0.413508
vt 0.403448 0.423553
vt 0.403445 0.423553
vt 0.403252 0.416391
vt 0.457762 0.413508
vt 0.451693 0.423553
vt 0.459068 0.393272
vt 0.457845 0.416391
vt 0.457652 0.423553
vt 0.457649 0.423553
vt 0.409393 0.418135
vt 0.409398 0.423553
vt 0.451696 0.423553
vt 0.409404 0.423553
vt 0.420463 0.386189
vt 0.419592 0.367855
vt 0.441552 0.367857
vt 0.440788 0.378675
vt 0.420403 0.378675
vt 0.419918 0.393208
vt 0.408786 0.393214
vt 0.456660 0.367782
vt 0.450872 0.367767
vt 0.449478 0.378675
vt 0.454775 0.378675
vt 0.419592 0.386203
vt 0.459716 0.386194
vt 0.407962 0.386201
vt 0.404542 0.386121
vt 0.410327 0.386109
vt 0.458244 0.367845
vt 0.456230 0.378675
vt 0.410327 0.367762
vt 0.411760 0.378675
vt 0.404542 0.367774
vt 0.406466 0.378675
vt 0.449478 0.363155
vt 0.440083 0.363155
vt 0.421147 0.363155
vt 0.411760 0.363155
vt 0.454775 0.363155
vt 0.406466 0.363155
vt 0.456230 0.363155
vt 0.404989 0.363155
vt 0.457572 0.363155
vt 0.403616 0.363155
vt 0.451528 0.363155
vt 0.409663 0.363155
vt 0.420403 0.363155
vt 0.440788 0.363155
vt 0.430963 0.409514
vt 0.420210 0.409514
vt 0.411641 0.408093
vt 0.422233 0.442403
vt 0.418986 0.440105
vt 0.430547 0.440105
vt 0.430889 0.442403
vt 0.442111 0.440105
vt 0.438889 0.442403
vt 0.409398 0.440105
vt 0.415329 0.442403
vt 0.451696 0.440105
vt 0.438887 0.442403
vt 0.445790 0.442403
vt 0.430886 0.442403
vt 0.431002 0.440105
vt 0.457652 0.440105
vt 0.450078 0.442403
vt 0.451693 0.440105
vt 0.457649 0.440105
vt 0.409404 0.440105
vt 0.403448 0.440105
vt 0.411041 0.442403
vt 0.403445 0.440105
vt 0.406334 0.383486
vt 0.454766 0.383486
vt 0.044914 0.849437
vt 0.035257 0.849500
vt 0.037557 0.824002
vt 0.046177 0.822931
vt 0.029260 0.849437
vt 0.032203 0.825725
vt 0.032203 0.829882
vt 0.037557 0.831604
vt 0.046177 0.832691
vt 0.057018 0.849437
vt 0.056982 0.832691
vt 0.068224 0.849437
vt 0.066972 0.832691
vt 0.077882 0.849500
vt 0.075592 0.831604
vt 0.083877 0.849437
vt 0.080948 0.829881
vt 0.080948 0.825725
vt 0.075592 0.824002
vt 0.066972 0.822931
vt 0.056982 0.822924
vt 0.919914 0.521312
vt 0.910257 0.521375
vt 0.943224 0.521312
vt 0.932018 0.521312
vt 0.904260 0.521312
vt 0.958877 0.521312
vt 0.952882 0.521375
vt 0.904188 0.573668
vt 0.904260 0.552562
vt 0.910170 0.585242
vt 0.904152 0.585226
vt 0.904115 0.596784
vt 0.910143 0.596784
vt 0.932018 0.552562
vt 0.919883 0.573668
vt 0.919914 0.552562
vt 0.919867 0.585226
vt 0.919851 0.596784
vt 0.943271 0.585226
vt 0.952968 0.585242
vt 0.952997 0.596784
vt 0.943287 0.596784
vt 0.958952 0.573668
vt 0.958877 0.552562
vt 0.958987 0.585226
vt 0.959022 0.596784
vt 0.931570 0.573668
vt 0.943256 0.573668
vt 0.943224 0.552562
vt 0.950189 0.606337
vt 0.942587 0.609064
vt 0.952917 0.609064
vt 0.950189 0.606337
vt 0.943315 0.614900
vt 0.912798 0.606337
vt 0.910070 0.609064
vt 0.910070 0.609064
vt 0.931493 0.609064
vt 0.931570 0.596784
vt 0.920400 0.609064
vt 0.912798 0.606337
vt 0.919672 0.614900
vt 0.931493 0.614900
vt 0.931570 0.585226
vt 0.910257 0.552625
vt 0.910198 0.573700
vt 0.952882 0.552625
vt 0.952940 0.573700
s 1
usemtl rogue_texture
f 399/1/1 372/2/2 373/3/3
f 399/1/1 373/3/3 402/4/3
f 27/5/4 12/6/5 14/7/6
f 27/5/4 14/7/6 29/8/7
f 29/8/7 14/7/6 4/9/8
f 29/8/7 4/9/8 31/10/9
f 33/11/10 15/12/11 17/13/12
f 33/11/10 17/13/12 35/14/13
f 85/10/14 31/10/9 4/9/8
f 85/10/14 4/9/8 58/9/15
f 33/11/10 87/11/16 69/12/17
f 33/11/10 69/12/17 15/12/11
f 35/14/13 17/13/12 19/15/18
f 35/14/13 19/15/18 37/16/19
f 37/16/19 19/15/18 21/17/20
f 37/16/19 21/17/20 39/18/21
f 39/18/21 21/17/20 5/19/22
f 39/18/21 5/19/22 41/20/23
f 41/20/23 5/19/22 1/21/24
f 41/20/23 1/21/24 43/22/25
f 23/23/26 8/24/27 10/25/28
f 23/23/26 10/25/28 25/26/29
f 32/27/9 86/27/14 99/28/30
f 32/27/9 99/28/30 45/28/31
f 45/28/31 99/28/30 101/29/32
f 45/28/31 101/29/32 47/29/33
f 47/29/33 101/29/32 103/30/34
f 47/29/33 103/30/34 49/30/35
f 49/30/35 103/30/34 105/31/36
f 49/30/35 105/31/36 51/31/37
f 51/31/37 105/31/36 107/32/38
f 51/31/37 107/32/38 53/32/39
f 45/28/31 46/33/40 30/34/41
f 45/28/31 47/29/33 48/35/42
f 45/28/31 48/35/42 46/33/40
f 47/29/33 49/30/35 50/36/43
f 47/29/33 50/36/43 48/35/42
f 49/30/35 51/31/37 52/37/44
f 49/30/35 52/37/44 50/36/43
f 51/31/37 53/32/39 54/38/45
f 51/31/37 54/38/45 52/37/44
f 53/32/39 34/39/46 36/40/47
f 46/33/40 26/41/48 28/42/4
f 46/33/40 48/35/42 24/43/49
f 46/33/40 24/43/49 26/41/48
f 48/35/42 50/36/43 44/44/50
f 48/35/42 44/44/50 24/43/49
f 50/36/43 52/37/44 42/45/51
f 50/36/43 42/45/51 44/44/50
f 52/37/44 54/38/45 40/46/52
f 52/37/44 40/46/52 42/45/51
f 54/38/45 36/40/47 38/47/53
f 30/34/41 46/33/40 28/42/4
f 40/46/52 54/38/45 38/47/53
f 25/26/29 10/25/28 12/6/5
f 25/26/29 12/6/5 27/5/4
f 43/22/25 1/21/24 8/24/27
f 43/22/25 8/24/27 23/23/26
f 81/5/54 83/8/55 68/7/56
f 81/5/54 68/7/56 66/6/57
f 83/8/55 85/10/14 58/9/15
f 83/8/55 58/9/15 68/7/56
f 87/11/16 89/14/58 71/13/59
f 87/11/16 71/13/59 69/12/17
f 89/14/58 91/16/60 73/15/61
f 89/14/58 73/15/61 71/13/59
f 91/16/60 93/18/62 75/17/63
f 91/16/60 75/17/63 73/15/61
f 93/18/62 95/20/64 59/19/65
f 93/18/62 59/19/65 75/17/63
f 95/20/64 97/22/66 55/21/67
f 95/20/64 55/21/67 59/19/65
f 77/23/68 79/26/69 64/25/70
f 77/23/68 64/25/70 62/24/71
f 84/34/72 100/33/73 99/28/30
f 99/28/30 100/33/73 102/35/74
f 99/28/30 102/35/74 101/29/32
f 101/29/32 102/35/74 104/36/75
f 101/29/32 104/36/75 103/30/34
f 103/30/34 104/36/75 106/37/76
f 103/30/34 106/37/76 105/31/36
f 105/31/36 106/37/76 108/38/77
f 105/31/36 108/38/77 107/32/38
f 107/32/38 108/38/77 90/40/78
f 100/33/73 82/42/54 80/41/79
f 100/33/73 80/41/79 78/43/80
f 100/33/73 78/43/80 102/35/74
f 102/35/74 78/43/80 98/44/81
f 102/35/74 98/44/81 104/36/75
f 104/36/75 98/44/81 96/45/82
f 104/36/75 96/45/82 106/37/76
f 106/37/76 96/45/82 94/46/83
f 106/37/76 94/46/83 108/38/77
f 108/38/77 92/47/84 90/40/78
f 84/34/72 82/42/54 100/33/73
f 94/46/83 92/47/84 108/38/77
f 79/26/69 81/5/54 66/6/57
f 79/26/69 66/6/57 64/25/70
f 53/32/39 107/32/38 88/39/85
f 53/32/39 88/39/85 34/39/46
f 151/48/86 304/49/87 378/50/88
f 151/48/86 378/50/88 379/51/89
f 123/52/90 125/53/91 175/54/92
f 123/52/90 175/54/92 173/55/93
f 150/56/94 136/57/95 193/58/96
f 150/56/94 193/58/96 210/59/97
f 277/60/98 275/61/99 384/62/100
f 277/60/98 384/62/100 385/63/101
f 142/64/102 109/65/103 158/66/104
f 142/64/102 158/66/104 199/67/105
f 113/52/106 115/68/107 163/69/108
f 113/52/106 163/69/108 161/70/109
f 74/71/110 342/72/111 344/73/112
f 74/71/110 344/73/112 72/74/113
f 148/56/114 150/56/94 210/59/97
f 148/56/114 210/59/97 208/75/115
f 111/53/116 113/52/106 161/70/109
f 111/53/116 161/70/109 159/54/117
f 153/76/118 151/48/86 379/51/89
f 153/76/118 379/51/89 382/77/119
f 130/78/120 132/79/121 186/80/122
f 130/78/120 186/80/122 182/81/123
f 13/82/124 361/83/125 359/84/126
f 13/82/124 359/84/126 3/85/127
f 140/78/128 142/64/102 199/67/105
f 140/78/128 199/67/105 197/86/129
f 138/79/130 140/78/128 197/86/129
f 138/79/130 197/86/129 195/87/131
f 121/68/132 123/52/90 173/55/93
f 121/68/132 173/55/93 171/88/133
f 134/57/134 148/56/114 208/75/115
f 134/57/134 208/75/115 191/89/135
f 304/49/87 302/90/136 377/91/137
f 304/49/87 377/91/137 378/50/88
f 155/92/138 153/76/118 382/77/119
f 155/92/138 382/77/119 383/93/139
f 76/94/140 348/95/141 342/72/111
f 76/94/140 342/72/111 74/71/110
f 286/96/142 284/97/143 381/98/144
f 286/96/142 381/98/144 397/99/145
f 18/74/146 366/73/147 364/72/148
f 18/74/146 364/72/148 20/71/149
f 284/97/143 282/100/150 380/101/151
f 284/97/143 380/101/151 381/98/144
f 72/74/113 344/73/112 346/102/152
f 72/74/113 346/102/152 70/103/153
f 296/104/154 294/105/155 396/106/156
f 296/104/154 396/106/156 394/107/157
f 246/108/158 280/109/159 281/110/160
f 246/108/158 281/110/160 248/111/161
f 20/71/149 364/72/148 370/95/162
f 20/71/149 370/95/162 22/94/163
f 60/112/164 354/113/165 348/95/141
f 60/112/164 348/95/141 76/94/140
f 290/114/166 288/115/167 395/116/168
f 290/114/166 395/116/168 392/117/169
f 16/103/170 368/102/171 366/73/147
f 16/103/170 366/73/147 18/74/146
f 61/118/172 349/119/173 352/120/174
f 61/118/172 352/120/174 56/121/174
f 298/122/175 296/104/154 394/107/157
f 298/122/175 394/107/157 389/123/176
f 264/124/177 216/125/178 160/126/179
f 264/124/177 160/126/179 162/127/180
f 260/128/181 262/129/182 164/130/183
f 260/128/181 164/130/183 168/131/184
f 256/132/185 254/133/186 170/134/187
f 256/132/185 170/134/187 172/135/188
f 252/136/189 256/132/185 172/135/188
f 252/136/189 172/135/188 174/137/190
f 250/138/191 252/136/189 174/137/190
f 250/138/191 174/137/190 176/126/192
f 247/139/193 250/138/191 176/126/192
f 247/139/193 176/126/192 178/140/193
f 245/141/194 247/139/193 178/140/193
f 245/141/194 178/140/193 179/142/195
f 241/143/196 245/141/194 179/142/195
f 241/143/196 179/142/195 181/144/197
f 234/145/198 236/146/199 185/147/200
f 234/145/198 185/147/200 190/148/201
f 230/149/202 228/150/203 192/151/204
f 230/149/202 192/151/204 194/152/205
f 224/153/206 230/149/202 194/152/205
f 224/153/206 194/152/205 196/154/207
f 211/155/208 224/153/206 196/154/207
f 211/155/208 196/154/207 198/156/209
f 213/157/210 211/155/208 198/156/209
f 213/157/210 198/156/209 157/140/210
f 223/158/211 221/159/212 204/160/212
f 223/158/211 204/160/212 206/160/213
f 254/133/186 223/158/211 206/160/213
f 254/133/186 206/160/213 170/134/187
f 232/161/214 234/145/198 190/148/201
f 232/161/214 190/148/201 207/162/215
f 228/150/203 226/163/216 209/164/217
f 228/150/203 209/164/217 192/151/204
f 226/163/216 232/161/214 207/162/215
f 226/163/216 207/162/215 209/164/217
f 115/68/107 117/165/218 167/166/219
f 115/68/107 167/166/219 163/69/108
f 132/79/121 134/57/134 191/89/135
f 132/79/121 191/89/135 186/80/122
f 143/167/220 145/167/221 205/168/222
f 143/167/220 205/168/222 203/168/223
f 136/57/95 138/79/130 195/87/131
f 136/57/95 195/87/131 193/58/96
f 117/165/218 143/167/220 203/168/223
f 117/165/218 203/168/223 167/166/219
f 119/165/224 121/68/132 171/88/133
f 119/165/224 171/88/133 169/169/225
f 109/65/103 111/53/116 159/54/117
f 109/65/103 159/54/117 158/66/104
f 145/167/221 119/165/224 169/169/225
f 145/167/221 169/169/225 205/168/222
f 128/64/226 130/78/120 182/81/123
f 128/64/226 182/81/123 180/170/227
f 125/53/91 265/65/228 177/66/228
f 125/53/91 177/66/228 175/54/92
f 177/66/228 265/65/228 128/64/226
f 177/66/228 128/64/226 180/170/227
f 22/94/163 370/95/162 376/113/229
f 22/94/163 376/113/229 6/112/230
f 320/171/231 319/172/232 305/173/233
f 320/171/231 305/173/233 306/174/234
f 306/174/234 305/173/233 585/175/235
f 306/174/234 585/175/235 307/176/236
f 307/176/236 585/175/235 588/177/237
f 307/176/236 588/177/237 308/178/238
f 308/178/238 588/177/237 309/179/239
f 308/178/238 309/179/239 310/180/240
f 310/180/240 309/179/239 311/181/241
f 310/180/240 311/181/241 312/182/242
f 313/183/243 595/184/244 598/185/245
f 313/183/243 598/185/245 314/186/246
f 314/186/246 598/185/245 601/187/247
f 314/186/246 601/187/247 315/188/248
f 315/188/248 601/187/247 604/189/249
f 315/188/248 604/189/249 316/190/250
f 316/190/250 604/189/249 317/191/251
f 316/190/250 317/191/251 318/192/252
f 318/192/252 317/191/251 319/172/232
f 318/192/252 319/172/232 320/171/231
f 627/181/253 326/182/254 312/182/242
f 627/181/253 312/182/242 311/181/241
f 313/183/243 327/183/255 630/184/256
f 313/183/243 630/184/256 595/184/244
f 838/193/257 616/194/258 649/195/259
f 619/175/260 618/196/261 616/194/258
f 322/176/262 324/178/263 323/177/264
f 322/176/262 323/177/264 619/175/260
f 324/178/263 325/180/265 624/179/266
f 324/178/263 624/179/266 323/177/264
f 325/180/265 326/182/254 627/181/253
f 325/180/265 627/181/253 624/179/266
f 327/183/255 328/186/267 633/185/268
f 327/183/255 633/185/268 630/184/256
f 328/186/267 329/188/269 636/187/270
f 328/186/267 636/187/270 633/185/268
f 329/188/269 330/190/271 640/189/272
f 329/188/269 640/189/272 636/187/270
f 840/197/273 844/198/274 649/195/259
f 640/189/272 840/197/273 642/199/275
f 306/174/234 307/176/236 114/200/276
f 306/174/234 114/200/276 112/201/277
f 307/176/236 308/178/238 116/202/278
f 307/176/236 116/202/278 114/200/276
f 308/178/238 310/180/240 118/203/279
f 308/178/238 118/203/279 116/202/278
f 310/180/240 312/182/242 144/204/280
f 310/180/240 144/204/280 118/203/279
f 312/182/242 326/182/254 146/204/281
f 312/182/242 146/204/281 144/204/280
f 326/182/254 325/180/265 120/203/282
f 326/182/254 120/203/282 146/204/281
f 325/180/265 324/178/263 122/202/283
f 325/180/265 122/202/283 120/203/282
f 324/178/263 322/176/262 124/200/284
f 324/178/263 124/200/284 122/202/283
f 322/176/262 321/205/285 126/201/286
f 322/176/262 126/201/286 124/200/284
f 321/205/285 332/171/287 266/206/288
f 321/205/285 266/206/288 126/201/286
f 332/171/287 331/207/289 127/208/290
f 332/171/287 127/208/290 266/206/288
f 331/207/289 330/190/271 129/209/291
f 331/207/289 129/209/291 127/208/290
f 330/190/271 329/188/269 131/210/292
f 330/190/271 131/210/292 129/209/291
f 329/188/269 328/186/267 133/211/293
f 329/188/269 133/211/293 131/210/292
f 328/186/267 327/183/255 147/212/294
f 328/186/267 147/212/294 133/211/293
f 327/183/255 313/183/243 149/212/295
f 327/183/255 149/212/295 147/212/294
f 313/183/243 314/186/246 135/211/296
f 313/183/243 135/211/296 149/212/295
f 314/186/246 315/188/248 137/210/297
f 314/186/246 137/210/297 135/211/296
f 315/188/248 316/190/250 139/209/298
f 315/188/248 139/209/298 137/210/297
f 316/190/250 318/192/252 141/208/299
f 316/190/250 141/208/299 139/209/298
f 318/192/252 320/171/231 110/206/300
f 318/192/252 110/206/300 141/208/299
f 320/171/231 306/174/234 112/201/277
f 320/171/231 112/201/277 110/206/300
f 282/100/150 279/213/301 398/214/302
f 282/100/150 398/214/302 380/101/151
f 248/111/161 281/110/160 283/215/303
f 248/111/161 283/215/303 249/216/304
f 249/216/304 283/215/303 285/217/305
f 249/216/304 285/217/305 251/218/306
f 212/219/307 152/220/308 154/221/309
f 212/219/307 154/221/309 225/222/310
f 220/223/311 293/224/312 295/225/313
f 220/223/311 295/225/313 259/226/314
f 255/227/315 287/228/316 289/229/317
f 255/227/315 289/229/317 253/230/318
f 225/222/310 154/221/309 156/231/319
f 225/222/310 156/231/319 231/232/320
f 253/230/318 289/229/317 291/233/321
f 253/230/318 291/233/321 222/234/322
f 259/226/314 295/225/313 297/235/323
f 259/226/314 297/235/323 261/236/324
f 251/218/306 285/217/305 287/228/316
f 251/218/306 287/228/316 255/227/315
f 222/234/322 291/233/321 293/224/312
f 222/234/322 293/224/312 220/223/311
f 215/237/325 301/238/326 303/239/327
f 215/237/325 303/239/327 214/240/328
f 242/241/329 278/242/330 280/109/159
f 242/241/329 280/109/159 246/108/158
f 235/243/331 274/244/332 276/245/333
f 235/243/331 276/245/333 237/246/334
f 229/247/335 268/248/336 270/249/337
f 229/247/335 270/249/337 227/250/338
f 227/250/338 270/249/337 272/251/339
f 227/250/338 272/251/339 233/252/340
f 231/232/320 156/231/319 268/248/336
f 231/232/320 268/248/336 229/247/335
f 233/252/340 272/251/339 274/244/332
f 233/252/340 274/244/332 235/243/331
f 261/236/324 297/235/323 299/253/341
f 261/236/324 299/253/341 263/254/342
f 263/254/342 299/253/341 301/238/326
f 263/254/342 301/238/326 215/237/325
f 237/246/334 276/245/333 278/242/330
f 237/246/334 278/242/330 242/241/329
f 214/240/328 303/239/327 152/220/308
f 214/240/328 152/220/308 212/219/307
f 292/255/343 290/114/166 392/117/169
f 292/255/343 392/117/169 393/256/344
f 442/257/345 353/258/346 351/3/347
f 442/257/345 351/3/347 406/4/347
f 439/259/348 334/260/349 336/261/350
f 439/259/348 336/261/350 435/262/351
f 416/263/352 347/264/353 353/258/346
f 416/263/352 353/258/346 442/257/345
f 431/265/354 338/266/355 360/266/356
f 431/265/354 360/266/356 437/265/357
f 404/257/358 375/258/359 369/264/360
f 404/257/358 369/264/360 410/263/361
f 407/1/362 350/2/363 334/260/349
f 407/1/362 334/260/349 439/259/348
f 437/265/357 360/266/356 362/267/364
f 437/265/357 362/267/364 433/268/365
f 435/262/351 336/261/350 340/267/366
f 435/262/351 340/267/366 429/268/367
f 433/268/365 362/267/364 358/261/368
f 433/268/365 358/261/368 423/262/369
f 429/268/367 340/267/366 338/266/355
f 429/268/367 338/266/355 431/265/354
f 420/269/370 343/270/371 341/271/372
f 420/269/370 341/271/372 414/272/373
f 426/269/374 365/270/375 367/273/376
f 426/269/374 367/273/376 428/274/377
f 428/274/377 367/273/376 345/273/378
f 428/274/377 345/273/378 418/274/379
f 412/272/380 363/271/381 365/270/375
f 412/272/380 365/270/375 426/269/374
f 423/262/369 358/261/368 356/260/382
f 423/262/369 356/260/382 421/259/383
f 421/259/383 356/260/382 372/2/2
f 421/259/383 372/2/2 399/1/1
f 418/274/379 345/273/378 343/270/371
f 418/274/379 343/270/371 420/269/370
f 414/272/373 341/271/372 347/264/353
f 414/272/373 347/264/353 416/263/352
f 410/263/361 369/264/360 363/271/381
f 410/263/361 363/271/381 412/272/380
f 406/4/347 351/3/347 350/2/363
f 406/4/347 350/2/363 407/1/362
f 402/4/3 373/3/3 375/258/359
f 402/4/3 375/258/359 404/257/358
f 387/275/384 386/276/385 417/277/386
f 387/275/384 417/277/386 419/278/387
f 396/106/156 393/256/344 432/279/388
f 396/106/156 432/279/388 438/279/389
f 385/63/101 384/62/100 413/280/390
f 385/63/101 413/280/390 415/281/391
f 382/77/119 379/51/89 403/282/392
f 382/77/119 403/282/392 409/281/393
f 383/93/139 382/77/119 409/281/393
f 383/93/139 409/281/393 411/280/394
f 397/99/145 381/98/144 408/283/395
f 397/99/145 408/283/395 440/284/396
f 381/98/144 380/101/151 405/285/397
f 381/98/144 405/285/397 408/283/395
f 394/107/157 396/106/156 438/279/389
f 394/107/157 438/279/389 434/286/398
f 379/51/89 378/50/88 401/285/399
f 379/51/89 401/285/399 403/282/392
f 392/117/169 395/116/168 436/287/400
f 392/117/169 436/287/400 430/286/401
f 378/50/88 377/91/137 400/283/402
f 378/50/88 400/283/402 401/285/399
f 389/123/176 394/107/157 434/286/398
f 389/123/176 434/286/398 424/287/403
f 393/256/344 392/117/169 430/286/401
f 393/256/344 430/286/401 432/279/388
f 11/288/404 357/289/405 361/83/125
f 11/288/404 361/83/125 13/82/124
f 294/105/155 292/255/343 393/256/344
f 294/105/155 393/256/344 396/106/156
f 70/103/153 346/102/152 368/102/171
f 70/103/153 368/102/171 16/103/170
f 273/290/406 271/291/407 386/276/385
f 273/290/406 386/276/385 387/275/384
f 7/118/408 371/119/409 355/292/410
f 7/118/408 355/292/410 9/293/411
f 57/85/412 337/84/413 339/83/414
f 57/85/412 339/83/414 67/82/415
f 302/90/136 300/294/416 388/295/417
f 302/90/136 388/295/417 377/91/137
f 9/293/411 355/292/410 357/289/405
f 9/293/411 357/289/405 11/288/404
f 67/82/415 339/83/414 335/289/418
f 67/82/415 335/289/418 65/288/419
f 300/294/416 298/122/175 389/123/176
f 300/294/416 389/123/176 388/295/417
f 56/121/174 352/120/174 354/113/165
f 56/121/174 354/113/165 60/112/164
f 63/293/420 333/292/421 349/119/173
f 63/293/420 349/119/173 61/118/172
f 267/296/422 155/92/138 383/93/139
f 267/296/422 383/93/139 390/297/423
f 279/213/301 277/60/98 385/63/101
f 279/213/301 385/63/101 398/214/302
f 65/288/419 335/289/418 333/292/421
f 65/288/419 333/292/421 63/293/420
f 271/291/407 269/298/424 391/299/425
f 271/291/407 391/299/425 386/276/385
f 3/85/127 359/84/126 337/84/413
f 3/85/127 337/84/413 57/85/412
f 269/298/424 267/296/422 390/297/423
f 269/298/424 390/297/423 391/299/425
f 275/61/99 273/290/406 387/275/384
f 275/61/99 387/275/384 384/62/100
f 288/115/167 286/96/142 397/99/145
f 288/115/167 397/99/145 395/116/168
f 2/121/426 374/120/426 371/119/409
f 2/121/426 371/119/409 7/118/408
f 97/22/66 77/23/68 62/24/71
f 97/22/66 62/24/71 55/21/67
f 377/91/137 388/295/417 422/284/427
f 377/91/137 422/284/427 400/283/402
f 398/214/302 385/63/101 415/281/391
f 398/214/302 415/281/391 441/282/428
f 388/295/417 389/123/176 424/287/403
f 388/295/417 424/287/403 422/284/427
f 395/116/168 397/99/145 440/284/396
f 395/116/168 440/284/396 436/287/400
f 390/297/423 383/93/139 411/280/394
f 390/297/423 411/280/394 425/278/429
f 380/101/151 398/214/302 441/282/428
f 380/101/151 441/282/428 405/285/397
f 386/276/385 391/299/425 427/277/430
f 386/276/385 427/277/430 417/277/386
f 391/299/425 390/297/423 425/278/429
f 391/299/425 425/278/429 427/277/430
f 384/62/100 387/275/384 419/278/387
f 384/62/100 419/278/387 413/280/390
f 6/112/230 376/113/229 374/120/426
f 6/112/230 374/120/426 2/121/426
f 88/39/85 107/32/38 90/40/78
f 54/38/45 53/32/39 36/40/47
f 32/27/9 45/28/31 30/34/41
f 86/27/14 84/34/72 99/28/30
f 511/300/431 524/301/432 508/302/433
f 511/300/431 508/302/433 507/303/434
f 484/304/435 464/305/436 463/306/437
f 484/304/435 463/306/437 481/307/438
f 458/308/439 462/309/440 466/310/436
f 458/308/439 466/310/436 457/311/441
f 487/312/442 450/313/443 473/314/444
f 456/311/445 450/313/443 459/315/446
f 446/316/447 479/317/448 472/318/449
f 445/316/450 448/319/451 443/320/452
f 452/321/453 476/322/454 478/322/455
f 452/321/453 478/322/455 444/323/456
f 444/323/456 478/322/455 480/324/457
f 444/323/456 480/324/457 447/325/458
f 482/326/459 489/327/460 460/328/461
f 482/326/459 460/328/461 486/329/462
f 449/319/463 446/316/447 472/318/449
f 516/330/464 481/307/438 475/331/465
f 470/332/466 540/333/466 538/334/467
f 470/332/466 538/334/467 486/329/462
f 481/307/438 463/306/437 490/335/468
f 443/320/452 448/319/451 455/311/469
f 450/313/443 487/312/442 461/336/470
f 461/336/470 459/315/446 450/313/443
f 453/337/471 457/311/472 238/338/473
f 465/339/474 485/340/475 187/341/476
f 457/311/441 467/342/477 188/343/478
f 454/321/479 239/344/480 488/345/481
f 451/346/482 443/320/452 455/311/469
f 483/347/483 481/307/438 490/335/468
f 471/348/484 487/312/442 473/314/444
f 519/349/485 516/330/464 510/350/486
f 519/349/485 510/350/486 512/351/487
f 507/303/434 505/352/488 514/353/489
f 507/303/434 514/353/489 511/300/431
f 522/354/490 473/314/444 497/355/491
f 503/352/492 506/356/493 497/355/491
f 493/357/494 472/318/449 479/317/448
f 495/357/495 492/358/496 498/359/497
f 499/360/498 491/361/499 478/322/455
f 499/360/498 478/322/455 476/322/454
f 491/361/499 494/362/500 480/324/457
f 491/361/499 480/324/457 478/322/455
f 508/302/433 524/301/432 518/363/501
f 508/302/433 518/363/501 521/364/502
f 496/359/503 472/318/449 493/357/494
f 521/364/502 518/363/501 528/365/504
f 516/330/464 523/366/505 510/350/486
f 492/358/496 504/352/506 498/359/497
f 497/355/491 509/367/507 522/354/490
f 509/367/507 497/355/491 506/356/493
f 500/368/508 243/369/509 505/352/488
f 513/370/489 183/371/510 520/372/511
f 505/352/488 243/369/509 184/373/510
f 488/345/481 244/374/512 501/360/513
f 502/375/514 504/352/506 492/358/496
f 517/376/515 523/366/505 516/330/464
f 471/348/484 473/314/444 522/354/490
f 486/329/462 538/334/467 535/377/516
f 531/378/517 528/365/504 518/363/501
f 531/378/517 518/363/501 474/379/517
f 535/377/516 531/378/517 474/379/517
f 535/377/516 474/379/517 482/326/459
f 470/332/466 521/364/502 525/380/518
f 470/332/466 525/380/518 540/333/466
f 542/381/519 526/382/520 551/383/521
f 542/381/519 551/383/521 549/384/522
f 543/385/523 573/386/524 579/387/525
f 543/385/523 561/388/526 567/389/527
f 543/385/523 567/389/527 573/386/524
f 543/385/523 579/387/525 545/390/528
f 532/391/529 536/392/530 571/393/531
f 532/391/529 571/393/531 563/394/532
f 534/392/533 537/395/533 575/396/534
f 534/392/533 575/396/534 569/393/535
f 543/385/523 555/397/536 561/388/526
f 539/395/537 541/381/537 547/384/538
f 539/395/537 547/384/538 577/396/539
f 529/398/540 533/391/540 565/394/541
f 529/398/540 565/394/541 557/399/542
f 527/382/543 530/398/543 559/399/544
f 527/382/543 559/399/544 553/383/545
f 548/400/546 550/401/547 554/402/548
f 548/400/546 554/402/548 544/403/528
f 552/401/549 558/404/550 560/405/526
f 552/401/549 560/405/526 554/402/536
f 556/404/551 564/406/552 566/407/527
f 556/404/551 566/407/527 560/405/526
f 562/406/553 570/408/531 572/409/554
f 562/406/553 572/409/554 566/407/555
f 568/408/535 574/410/556 578/411/525
f 568/408/535 578/411/525 572/409/554
f 576/410/557 546/400/538 544/403/528
f 576/410/557 544/403/528 578/411/525
f 543/385/523 545/390/528 555/397/536
f 482/326/459 486/329/462 535/377/516
f 525/380/518 521/364/502 528/365/504
f 520/372/511 183/371/510 469/412/558
f 485/340/435 469/412/558 189/413/559
f 183/371/510 189/413/559 469/412/558
f 477/322/560 488/345/481 501/360/513
f 477/322/560 454/321/479 488/345/481
f 483/347/483 475/331/465 481/307/438
f 517/376/515 516/330/464 475/331/465
f 484/304/435 481/307/438 516/330/464
f 516/330/464 519/349/485 468/414/561
f 516/330/464 468/414/561 484/304/435
f 460/328/461 489/327/460 462/309/440
f 460/328/461 462/309/440 458/308/439
f 244/374/512 488/345/481 239/344/480
f 515/415/562 505/352/488 184/373/510
f 240/416/563 457/311/441 188/343/478
f 580/417/564 607/418/565 581/419/566
f 580/417/564 581/419/566 582/194/567
f 319/172/232 580/417/564 582/194/567
f 319/172/232 582/194/567 305/173/233
f 305/173/233 582/194/567 584/196/568
f 305/173/233 584/196/568 585/175/235
f 582/194/567 581/419/566 583/420/569
f 582/194/567 583/420/569 584/196/568
f 584/196/568 583/420/569 586/421/570
f 584/196/568 586/421/570 587/422/571
f 585/175/235 584/196/568 587/422/571
f 585/175/235 587/422/571 588/177/237
f 587/422/571 586/421/570 589/423/572
f 587/422/571 589/423/572 590/424/573
f 588/177/237 587/422/571 590/424/573
f 588/177/237 590/424/573 309/179/239
f 309/179/239 590/424/573 592/425/574
f 309/179/239 592/425/574 311/181/241
f 590/424/573 589/423/572 591/426/575
f 590/424/573 591/426/575 592/425/574
f 594/427/576 593/428/577 596/429/578
f 594/427/576 596/429/578 597/430/579
f 595/184/244 594/427/576 597/430/579
f 595/184/244 597/430/579 598/185/245
f 597/430/579 596/429/578 599/431/580
f 597/430/579 599/431/580 600/432/581
f 598/185/245 597/430/579 600/432/581
f 598/185/245 600/432/581 601/187/247
f 601/187/247 600/432/581 603/433/582
f 601/187/247 603/433/582 604/189/249
f 600/432/581 599/431/580 602/434/583
f 600/432/581 602/434/583 603/433/582
f 603/433/582 602/434/583 605/435/584
f 603/433/582 605/435/584 606/199/585
f 604/189/249 603/433/582 606/199/585
f 604/189/249 606/199/585 317/191/251
f 606/199/585 605/435/584 607/418/565
f 606/199/585 607/418/565 580/417/564
f 317/191/251 606/199/585 580/417/564
f 317/191/251 580/417/564 319/172/232
f 594/427/576 629/427/586 628/428/587
f 594/427/576 628/428/587 593/428/577
f 608/436/561 609/437/588 610/438/589
f 608/436/561 611/439/590 612/440/591
f 608/436/561 613/441/592 609/437/588
f 608/436/561 614/442/593 611/439/590
f 608/436/561 612/440/591 615/443/594
f 608/436/561 610/438/589 614/442/593
f 626/425/595 627/181/253 311/181/241
f 626/425/595 311/181/241 592/425/574
f 625/426/596 626/425/595 592/425/574
f 625/426/596 592/425/574 591/426/575
f 668/444/597 625/426/596 591/426/575
f 668/444/597 591/426/575 660/444/598
f 595/184/244 630/184/256 629/427/586
f 595/184/244 629/427/586 594/427/576
f 616/194/258 618/196/261 669/445/599
f 618/196/261 621/422/600 620/421/601
f 618/196/261 620/421/601 669/445/599
f 619/175/260 323/177/264 621/422/600
f 619/175/260 621/422/600 618/196/261
f 669/445/599 620/421/601 671/446/602
f 621/422/600 623/424/603 622/423/604
f 621/422/600 622/423/604 620/421/601
f 323/177/264 624/179/266 623/424/603
f 323/177/264 623/424/603 621/422/600
f 624/179/266 627/181/253 626/425/595
f 624/179/266 626/425/595 623/424/603
f 623/424/603 626/425/595 625/426/596
f 623/424/603 625/426/596 622/423/604
f 629/427/586 632/430/605 631/429/606
f 629/427/586 631/429/606 628/428/587
f 630/184/256 633/185/268 632/430/605
f 630/184/256 632/430/605 629/427/586
f 632/430/605 635/432/607 634/431/608
f 632/430/605 634/431/608 631/429/606
f 633/185/268 636/187/270 635/432/607
f 633/185/268 635/432/607 632/430/605
f 636/187/270 640/189/272 639/433/609
f 636/187/270 639/433/609 635/432/607
f 635/432/607 639/433/609 638/447/610
f 635/432/607 638/447/610 634/431/608
f 640/189/272 848/448/611 840/197/273
f 608/436/561 644/438/612 643/437/613
f 608/436/561 646/440/614 645/439/615
f 608/436/561 643/437/613 613/441/592
f 608/436/561 645/439/615 647/442/616
f 608/436/561 615/443/594 646/440/614
f 608/436/561 647/442/616 644/438/612
f 844/198/274 838/193/257 649/195/259
f 639/433/609 642/199/275 638/447/610
f 634/431/608 638/447/610 652/449/617
f 642/199/275 840/197/273 649/195/259
f 631/429/606 634/431/608 652/449/617
f 631/429/606 652/449/617 685/450/618
f 620/421/601 622/423/604 682/451/619
f 620/421/601 682/451/619 671/446/602
f 628/428/587 631/429/606 685/450/618
f 628/428/587 685/450/618 683/452/620
f 622/423/604 625/426/596 668/444/597
f 622/423/604 668/444/597 682/451/619
f 593/428/577 628/428/587 683/452/620
f 593/428/577 683/452/620 675/452/621
f 605/435/584 663/453/622 666/454/623
f 605/435/584 666/454/623 607/418/565
f 602/434/583 679/455/624 663/453/622
f 602/434/583 663/453/622 605/435/584
f 599/431/580 661/456/625 679/455/624
f 599/431/580 679/455/624 602/434/583
f 596/429/578 677/457/626 661/456/625
f 596/429/578 661/456/625 599/431/580
f 593/428/577 675/452/621 677/457/626
f 593/428/577 677/457/626 596/429/578
f 589/423/572 674/458/627 660/444/598
f 589/423/572 660/444/598 591/426/575
f 586/421/570 658/459/628 674/458/627
f 586/421/570 674/458/627 589/423/572
f 583/420/569 656/460/629 658/459/628
f 583/420/569 658/459/628 586/421/570
f 581/419/566 654/461/630 656/460/629
f 581/419/566 656/460/629 583/420/569
f 607/418/565 666/454/623 654/461/630
f 607/418/565 654/461/630 581/419/566
f 653/462/631 665/463/632 807/464/633
f 653/462/631 807/464/633 765/465/634
f 688/466/635 830/467/636 826/468/637
f 688/466/635 826/468/637 690/469/638
f 690/469/638 826/468/637 692/470/639
f 655/471/640 653/462/631 765/465/634
f 655/471/640 765/465/634 769/472/641
f 692/470/639 826/468/637 825/473/642
f 692/470/639 825/473/642 694/474/643
f 657/475/644 655/471/640 769/472/641
f 657/475/644 769/472/641 773/476/645
f 694/474/643 825/473/642 696/477/646
f 673/478/647 657/475/644 773/476/645
f 673/478/647 773/476/645 777/479/648
f 696/477/646 825/473/642 829/480/649
f 696/477/646 829/480/649 698/481/650
f 659/482/651 673/478/647 777/479/648
f 659/482/651 777/479/648 781/483/652
f 702/484/653 831/485/654 828/486/655
f 702/484/653 828/486/655 700/487/656
f 792/488/657 699/489/656 703/490/658
f 792/488/657 703/490/658 796/491/659
f 700/487/656 828/486/655 704/492/660
f 662/493/661 678/494/662 790/495/663
f 662/493/661 790/495/663 794/496/664
f 704/492/660 828/486/655 827/497/665
f 704/492/660 827/497/665 706/498/666
f 680/499/667 662/493/661 794/496/664
f 680/499/667 794/496/664 798/500/668
f 664/501/669 680/499/667 798/500/668
f 664/501/669 798/500/668 802/502/670
f 706/498/666 827/497/665 708/503/671
f 708/503/671 827/497/665 830/467/636
f 708/503/671 830/467/636 688/466/635
f 665/463/632 664/501/669 802/502/670
f 665/463/632 802/502/670 807/464/633
f 702/484/653 728/484/672 831/485/654
f 678/494/662 676/504/673 788/505/674
f 678/494/662 788/505/674 790/495/663
f 829/480/649 724/481/675 698/481/650
f 736/506/676 711/507/677 709/508/678
f 736/506/676 709/508/678 712/509/679
f 650/510/680 617/511/681 738/512/682
f 650/510/680 738/512/682 756/513/680
f 713/466/679 710/469/683 833/468/684
f 713/466/679 833/468/684 836/467/685
f 710/469/683 718/470/686 833/468/684
f 746/514/687 735/515/688 733/516/689
f 746/514/687 733/516/689 731/517/690
f 718/470/686 720/474/691 832/473/692
f 718/470/686 832/473/692 833/468/684
f 720/474/691 722/477/693 832/473/692
f 686/518/694 651/519/695 764/520/696
f 686/518/694 764/520/696 812/521/697
f 722/477/693 724/481/675 829/480/649
f 722/477/693 829/480/649 832/473/692
f 681/522/698 667/482/699 817/523/700
f 681/522/698 817/523/700 815/524/701
f 728/484/672 726/487/702 835/486/703
f 728/484/672 835/486/703 831/485/654
f 684/504/704 686/518/694 812/521/697
f 684/504/704 812/521/697 824/525/705
f 726/487/702 730/492/706 835/486/703
f 730/492/706 732/498/690 834/497/707
f 730/492/706 834/497/707 835/486/703
f 750/526/708 715/527/709 736/506/676
f 750/526/708 736/506/676 735/515/688
f 750/526/708 735/515/688 746/514/687
f 651/519/695 637/528/710 748/529/711
f 651/519/695 748/529/711 764/520/696
f 732/498/690 734/503/689 834/497/707
f 734/503/689 713/466/679 836/467/685
f 734/503/689 836/467/685 834/497/707
f 735/515/688 736/506/676 712/509/679
f 735/515/688 712/509/679 733/516/689
f 641/530/712 648/510/713 753/513/714
f 641/530/712 753/513/714 751/531/715
f 617/511/681 670/532/716 741/533/717
f 617/511/681 741/533/717 738/512/682
f 670/532/716 672/534/718 757/535/719
f 670/532/716 757/535/719 741/533/717
f 667/482/699 659/482/651 781/483/652
f 667/482/699 781/483/652 817/523/700
f 672/534/718 681/522/698 815/524/701
f 672/534/718 815/524/701 757/535/719
f 813/536/720 819/537/721 723/538/722
f 813/536/720 723/538/722 721/539/723
f 715/527/709 739/540/724 711/507/677
f 715/527/709 711/507/677 736/506/676
f 676/504/673 684/504/704 824/525/705
f 676/504/673 824/525/705 788/505/674
f 746/514/687 731/517/690 729/490/706
f 746/514/687 729/490/706 762/541/725
f 723/538/722 819/537/721 783/542/726
f 723/538/722 783/542/726 697/538/727
f 786/543/728 822/544/729 727/545/730
f 786/543/728 727/545/730 701/545/731
f 767/546/732 689/508/733 691/547/639
f 767/546/732 691/547/639 771/548/734
f 779/549/735 695/539/736 697/538/727
f 779/549/735 697/538/727 783/542/726
f 786/543/728 701/545/731 699/489/656
f 786/543/728 699/489/656 792/488/657
f 711/507/677 743/550/737 717/547/738
f 711/507/677 717/547/738 709/508/678
f 775/551/739 693/552/740 695/539/736
f 775/551/739 695/539/736 779/549/735
f 822/544/729 810/553/741 725/489/742
f 822/544/729 725/489/742 727/545/730
f 806/554/743 687/509/744 689/508/733
f 806/554/743 689/508/733 767/546/732
f 804/555/745 707/516/746 687/509/744
f 804/555/745 687/509/744 806/554/743
f 637/528/710 641/530/712 751/531/715
f 637/528/710 751/531/715 748/529/711
f 771/548/734 691/547/639 693/552/740
f 771/548/734 693/552/740 775/551/739
f 717/547/738 743/550/737 759/556/747
f 717/547/738 759/556/747 719/552/691
f 800/557/748 705/517/666 707/516/746
f 800/557/748 707/516/746 804/555/745
f 810/553/741 762/541/725 729/490/706
f 810/553/741 729/490/706 725/489/742
f 759/556/747 813/536/720 721/539/723
f 759/556/747 721/539/723 719/552/691
f 796/491/659 703/490/658 705/517/666
f 796/491/659 705/517/666 800/557/748
f 740/558/749 716/559/750 755/560/751
f 740/558/749 755/560/751 737/561/752
f 714/559/753 749/562/754 752/563/755
f 714/559/753 752/563/755 754/560/753
f 737/561/752 742/564/756 744/565/757
f 737/561/752 744/565/757 740/558/749
f 749/562/754 745/566/758 747/567/759
f 749/562/754 747/567/759 752/563/755
f 742/564/756 758/568/760 760/569/761
f 742/564/756 760/569/761 744/565/757
f 745/566/758 761/570/762 763/571/763
f 745/566/758 763/571/763 747/567/759
f 761/570/762 809/572/764 811/573/765
f 761/570/762 811/573/765 763/571/763
f 809/572/764 821/574/766 823/575/767
f 809/572/764 823/575/767 811/573/765
f 820/576/768 814/577/769 816/578/770
f 820/576/768 816/578/770 818/579/771
f 818/579/771 782/580/772 784/581/773
f 818/579/771 784/581/773 820/576/768
f 821/574/766 785/582/774 787/583/775
f 821/574/766 787/583/775 823/575/767
f 803/584/776 805/585/777 808/586/777
f 803/584/776 808/586/777 801/587/778
f 799/588/779 803/584/776 801/587/778
f 799/588/779 801/587/778 797/589/780
f 795/590/781 799/588/779 797/589/780
f 795/590/781 797/589/780 793/591/782
f 791/592/783 795/590/781 793/591/782
f 791/592/783 793/591/782 789/593/784
f 785/582/774 791/592/783 789/593/784
f 785/582/774 789/593/784 787/583/775
f 780/594/785 784/581/773 782/580/772
f 780/594/785 782/580/772 778/595/786
f 776/596/787 780/594/785 778/595/786
f 776/596/787 778/595/786 774/597/788
f 772/598/789 776/596/787 774/597/788
f 772/598/789 774/597/788 770/599/790
f 768/600/791 772/598/789 770/599/790
f 768/600/791 770/599/790 766/601/792
f 805/585/777 768/600/791 766/601/792
f 805/585/777 766/601/792 808/586/777
f 814/577/769 760/569/761 758/568/760
f 814/577/769 758/568/760 816/578/770
f 711/507/677 739/540/724 743/550/737
f 830/467/636 610/438/589 826/468/637
f 830/467/636 611/439/590 614/442/593
f 827/497/665 612/440/591 611/439/590
f 828/486/655 612/440/591 827/497/665
f 831/485/654 615/443/594 828/486/655
f 835/486/703 615/443/594 831/485/654
f 834/497/707 646/440/614 835/486/703
f 836/467/685 645/439/615 834/497/707
f 836/467/685 644/438/612 647/442/616
f 833/468/684 643/437/613 644/438/612
f 832/473/692 643/437/613 833/468/684
f 829/480/649 613/441/592 832/473/692
f 825/473/642 613/441/592 829/480/649
f 826/468/637 609/437/588 825/473/642
f 830/467/636 614/442/593 610/438/589
f 830/467/636 827/497/665 611/439/590
f 828/486/655 615/443/594 612/440/591
f 835/486/703 646/440/614 615/443/594
f 834/497/707 645/439/615 646/440/614
f 836/467/685 647/442/616 645/439/615
f 836/467/685 833/468/684 644/438/612
f 832/473/692 613/441/592 643/437/613
f 825/473/642 609/437/588 613/441/592
f 826/468/637 610/438/589 609/437/588
f 846/602/793 619/175/260 838/193/257
f 330/190/271 331/207/289 848/448/611
f 330/190/271 848/448/611 640/189/272
f 331/207/289 332/171/287 852/603/794
f 331/207/289 852/603/794 848/448/611
f 332/171/287 321/205/285 846/602/793
f 332/171/287 846/602/793 852/603/794
f 321/205/285 322/176/262 619/175/260
f 321/205/285 619/175/260 846/602/793
f 855/604/795 841/605/796 865/606/797
f 860/607/798 866/608/799 839/609/800
f 843/610/801 842/611/802 856/612/803
f 841/605/796 849/613/611 865/606/797
f 849/613/611 853/614/804 865/606/797
f 853/614/804 862/615/805 867/616/806
f 853/614/804 867/616/806 865/606/797
f 866/608/799 847/617/793 839/609/800
f 866/608/799 858/618/807 847/617/793
f 863/619/808 855/604/795 865/606/797
f 863/619/808 865/606/797 867/616/806
f 851/620/809 845/621/810 857/622/811
f 851/620/809 861/623/812 854/624/813
f 858/618/807 866/608/799 867/616/806
f 858/618/807 867/616/806 862/615/805
f 843/610/801 864/625/814 859/626/815
f 864/625/814 843/610/801 856/612/803
f 837/627/816 843/610/801 859/626/815
f 850/628/817 851/620/809 854/624/813
f 861/623/812 851/620/809 857/622/811
f 866/608/799 860/607/798 863/619/808
f 866/608/799 863/619/808 867/616/806
f 639/433/609 640/189/272 642/199/275
f 838/193/257 619/175/260 616/194/258
f 160/126/179 216/125/178 213/157/210
f 160/126/179 213/157/210 157/140/210
f 164/130/183 262/129/182 264/124/177
f 164/130/183 264/124/177 162/127/180
f 934/300/818 948/301/819 933/302/820
f 934/300/818 933/302/820 930/303/821
f 909/304/822 889/305/823 887/306/824
f 909/304/822 887/306/824 906/307/825
f 884/308/826 888/309/827 891/310/823
f 884/308/826 891/310/823 880/311/828
f 911/312/829 873/313/830 897/314/831
f 881/311/832 873/313/830 883/315/833
f 872/316/834 905/317/835 898/318/836
f 871/316/837 874/319/838 869/320/839
f 878/321/840 902/322/454 903/322/841
f 878/321/840 903/322/841 868/323/842
f 868/323/842 903/322/841 904/324/843
f 868/323/842 904/324/843 870/325/844
f 908/326/845 915/327/846 886/328/847
f 908/326/845 886/328/847 912/329/848
f 875/319/849 872/316/834 898/318/836
f 940/330/850 906/307/825 899/331/851
f 896/332/852 966/333/852 963/334/853
f 896/332/852 963/334/853 912/329/848
f 906/307/825 887/306/824 914/335/854
f 869/320/839 874/319/838 882/311/855
f 873/313/830 911/312/829 885/336/856
f 885/336/856 883/315/833 873/313/830
f 876/337/857 880/311/828 217/338/858
f 890/339/859 910/340/860 200/341/861
f 880/311/828 892/342/862 201/343/863
f 877/321/864 218/344/865 913/345/866
f 879/346/867 869/320/839 882/311/855
f 907/347/868 906/307/825 914/335/854
f 895/348/869 911/312/829 897/314/831
f 943/349/870 940/330/850 935/350/871
f 943/349/870 935/350/871 936/351/872
f 930/303/821 928/352/873 938/353/874
f 930/303/821 938/353/874 934/300/818
f 945/354/875 897/314/831 922/355/876
f 929/352/877 931/356/878 922/355/876
f 920/357/879 898/318/836 905/317/835
f 918/357/880 916/358/881 921/359/882
f 927/360/883 917/361/884 903/322/841
f 927/360/883 903/322/841 902/322/454
f 917/361/884 919/362/885 904/324/843
f 917/361/884 904/324/843 903/322/841
f 933/302/820 948/301/819 942/363/886
f 933/302/820 942/363/886 946/364/887
f 923/359/888 898/318/836 920/357/879
f 946/364/887 942/363/886 954/365/889
f 940/330/850 947/366/890 935/350/871
f 916/358/881 928/352/891 921/359/882
f 922/355/876 932/367/892 945/354/875
f 932/367/892 922/355/876 931/356/878
f 926/368/893 258/369/894 928/352/895
f 937/370/874 165/371/896 944/372/870
f 928/352/895 258/369/894 166/373/896
f 913/345/866 257/374/897 924/360/898
f 925/375/899 928/352/891 916/358/881
f 941/376/900 947/366/890 940/330/850
f 895/348/869 897/314/831 945/354/875
f 912/329/848 963/334/853 960/377/901
f 957/378/902 954/365/889 942/363/886
f 957/378/902 942/363/886 900/379/902
f 960/377/901 957/378/902 900/379/902
f 960/377/901 900/379/902 908/326/845
f 896/332/852 946/364/887 951/380/903
f 896/332/852 951/380/903 966/333/852
f 964/381/904 950/382/904 977/383/905
f 964/381/904 977/383/905 971/384/906
f 967/385/907 997/386/908 1003/387/909
f 967/385/907 985/388/910 991/389/911
f 967/385/907 991/389/911 997/386/908
f 967/385/907 1003/387/909 969/390/912
f 956/391/913 958/392/913 993/393/914
f 956/391/913 993/393/914 989/394/915
f 959/392/916 962/395/916 1001/396/917
f 959/392/916 1001/396/917 995/393/918
f 967/385/907 979/397/919 985/388/910
f 961/395/920 965/381/920 973/384/921
f 961/395/920 973/384/921 999/396/922
f 953/398/923 955/391/923 987/394/924
f 953/398/923 987/394/924 983/399/925
f 949/382/926 952/398/927 981/399/928
f 949/382/926 981/399/928 975/383/929
f 970/400/930 976/401/931 978/402/932
f 970/400/930 978/402/932 968/403/933
f 974/401/934 980/404/935 984/405/910
f 974/401/934 984/405/910 978/402/919
f 982/404/925 986/406/936 990/407/911
f 982/404/925 990/407/911 984/405/910
f 988/406/937 992/408/914 996/409/938
f 988/406/937 996/409/938 990/407/939
f 994/408/940 1000/410/941 1002/411/909
f 994/408/940 1002/411/909 996/409/938
f 998/410/942 972/400/943 968/403/912
f 998/410/942 968/403/912 1002/411/944
f 967/385/907 969/390/912 979/397/919
f 908/326/845 912/329/848 960/377/901
f 951/380/903 946/364/887 954/365/889
f 944/372/870 165/371/896 893/412/945
f 910/340/860 893/412/945 202/413/863
f 165/371/896 202/413/863 893/412/945
f 901/322/946 913/345/866 924/360/898
f 901/322/946 877/321/864 913/345/866
f 907/347/868 899/331/851 906/307/825
f 941/376/900 940/330/850 899/331/851
f 909/304/822 906/307/825 940/330/850
f 940/330/850 943/349/870 894/414/561
f 940/330/850 894/414/561 909/304/822
f 886/328/847 915/327/846 888/309/827
f 886/328/847 888/309/827 884/308/826
f 257/374/897 913/345/866 218/344/865
f 939/415/874 928/352/895 166/373/896
f 219/416/858 880/311/828 201/343/863
f 1096/629/947 1016/630/948 1047/631/949
f 1096/629/947 1047/631/949 1091/632/950
f 1087/633/951 1030/634/952 1063/635/953
f 1087/633/951 1063/635/953 1082/636/954
f 1042/637/955 1051/638/956 1017/639/957
f 1042/637/955 1017/639/957 1015/640/958
s 0
f 1021/641/959 1026/642/959 1077/643/959
f 1021/641/960 1077/643/960 1079/644/960
s 1
f 1080/645/961 1019/641/962 1078/644/963
f 1080/645/961 1078/644/963 1088/646/964
s 0
f 1029/647/965 1031/648/965 1060/649/965
f 1029/647/966 1060/649/966 1065/650/966
s 1
f 1095/651/967 1028/652/968 1057/653/969
f 1095/651/967 1057/653/969 1094/654/970
f 1089/655/971 1011/656/972 1075/657/973
f 1089/655/971 1075/657/973 1097/658/974
f 1027/659/975 1023/660/976 1069/661/977
f 1027/659/975 1069/661/977 1059/662/978
f 1086/663/979 1008/664/980 1037/665/981
f 1086/663/979 1037/665/981 1085/666/982
f 1007/667/983 1013/668/984 1044/669/985
f 1007/667/983 1044/669/985 1039/670/986
f 1005/671/987 1007/667/983 1008/664/980
f 1010/672/988 1012/673/989 1013/668/984
f 1020/674/990 1022/675/991 1023/660/976
f 1025/676/992 1027/659/975 1028/652/968
f 1034/677/993 1036/678/981 1038/679/986
f 1034/677/993 1038/679/986 1040/680/994
f 1043/681/995 1045/682/996 1048/683/997
f 1043/681/995 1048/683/997 1050/684/998
f 1054/685/999 1056/686/1000 1058/687/1001
f 1054/685/999 1058/687/1001 1062/688/1002
f 1064/689/1003 1067/690/1004 1068/691/1005
f 1064/689/1003 1068/691/1005 1070/692/1006
f 1014/693/1007 1035/694/1008 1041/695/1009
f 1038/679/986 1043/681/995 1050/684/998
f 1038/679/986 1050/684/998 1040/680/994
f 1049/631/1010 1018/630/1011 1052/696/1012
f 1063/635/953 1030/634/952 1066/697/1013
s 0
f 1032/698/1014 1053/699/1014 1061/700/1014
s 1
f 1058/687/1001 1068/691/1005 1067/690/1004
f 1058/687/1001 1067/690/1004 1062/688/1002
f 1083/701/1015 1064/689/1003 1070/692/1006
f 1083/701/1015 1070/692/1006 1084/702/1016
f 1092/703/1017 1048/683/997 1045/682/996
f 1092/703/1017 1045/682/996 1093/704/970
f 1005/671/987 1010/672/988 1013/668/984
f 1005/671/987 1013/668/984 1007/667/983
f 1025/676/992 1020/674/990 1023/660/976
f 1025/676/992 1023/660/976 1027/659/975
f 1086/663/979 1022/675/991 1020/674/990
f 1086/663/979 1020/674/990 1081/705/1018
f 1095/651/967 1012/673/989 1010/672/988
f 1095/651/967 1010/672/988 1090/706/1019
f 1037/665/981 1008/664/980 1007/667/983
f 1037/665/981 1007/667/983 1039/670/986
f 1012/673/989 1046/707/996 1044/669/985
f 1012/673/989 1044/669/985 1013/668/984
f 1057/653/969 1028/652/968 1027/659/975
f 1057/653/969 1027/659/975 1059/662/978
f 1022/675/991 1071/708/1006 1069/661/977
f 1022/675/991 1069/661/977 1023/660/976
s 0
f 1009/656/1020 1004/709/1020 1072/710/1020
f 1009/656/1021 1072/710/1021 1074/657/1021
s 1
f 1008/664/980 1086/663/979 1081/705/1018
f 1008/664/980 1081/705/1018 1005/671/987
f 1034/677/993 1083/701/1015 1084/702/1016
f 1034/677/993 1084/702/1016 1036/678/981
f 1022/675/991 1086/663/979 1085/666/982
f 1022/675/991 1085/666/982 1071/708/1006
f 1006/709/1022 1080/645/961 1088/646/964
f 1006/709/1022 1088/646/964 1073/710/1023
f 1014/693/1007 1087/633/951 1082/636/954
f 1014/693/1007 1082/636/954 1035/694/1008
f 1028/652/968 1095/651/967 1090/706/1019
f 1028/652/968 1090/706/1019 1025/676/992
f 1054/685/999 1092/703/1017 1093/704/970
f 1054/685/999 1093/704/970 1056/686/1000
f 1024/642/1024 1089/655/971 1097/658/974
f 1024/642/1024 1097/658/974 1076/643/1025
f 1012/673/989 1095/651/967 1094/654/970
f 1012/673/989 1094/654/970 1046/707/996
f 1033/698/1026 1096/629/947 1091/632/950
f 1033/698/1026 1091/632/950 1055/699/1027
f 1106/711/1028 1124/712/1029 1121/713/1030
f 1106/711/1028 1121/713/1030 1100/714/1028
f 1113/715/1031 1103/716/1031 1121/713/1030
f 1113/715/1031 1121/713/1030 1124/712/1029
f 1122/717/1032 1109/718/1033 1111/719/1034
f 1122/717/1032 1111/719/1034 1123/720/1035
f 1110/721/1036 1101/722/1037 1102/716/1038
f 1110/721/1036 1102/716/1038 1112/715/1039
f 1114/723/1040 1117/724/1040 1108/725/1041
f 1114/723/1040 1108/725/1041 1098/726/1042
f 1107/727/1043 1116/728/1044 1120/729/1045
f 1107/727/1043 1120/729/1045 1122/717/1032
f 1110/721/1036 1119/730/1046 1115/731/1046
f 1110/721/1036 1115/731/1046 1101/722/1037
f 1118/732/1047 1109/718/1033 1122/717/1032
f 1118/732/1047 1122/717/1032 1120/729/1045
f 1107/727/1043 1122/717/1032 1123/720/1035
f 1107/727/1043 1123/720/1035 1104/733/1048
f 1098/726/1042 1108/725/1041 1105/711/1049
f 1098/726/1042 1105/711/1049 1099/714/1050
f 1309/734/1051 1307/734/1052 1197/735/1053
f 1309/734/1051 1197/735/1053 1198/735/1054
f 1185/736/1055 1136/737/1056 1238/738/1057
f 1185/736/1055 1238/738/1057 1260/739/1058
f 1261/740/1059 1265/741/1060 1197/735/1053
f 1261/740/1059 1197/735/1053 1141/742/1061
f 1537/743/1062 1543/744/1063 1143/745/1064
f 1537/743/1062 1143/745/1064 1125/746/1065
f 1178/747/1066 1133/748/1067 1244/749/1068
f 1178/747/1066 1244/749/1068 1256/750/1069
f 1544/744/1070 1540/743/1071 1126/746/1072
f 1544/744/1070 1126/746/1072 1142/745/1073
f 1266/741/1074 1262/740/1075 1144/742/1076
f 1266/741/1074 1144/742/1076 1198/735/1054
f 1252/751/1077 1177/752/1078 1137/748/1079
f 1252/751/1077 1137/748/1079 1242/749/1080
f 1323/753/1081 1282/754/1082 1321/755/1083
f 1281/754/1084 1311/755/1085 1199/756/1086
f 1175/736/1087 1278/757/1088 1294/758/1088
f 1175/736/1087 1294/758/1088 1250/739/1089
f 1262/740/1075 1267/759/1090 1199/756/1086
f 1262/740/1075 1199/756/1086 1144/742/1076
f 1540/743/1071 1545/760/1091 1146/761/1092
f 1540/743/1071 1146/761/1092 1126/746/1072
f 1248/762/1093 1181/763/1094 1140/737/1095
f 1248/762/1093 1140/737/1095 1240/738/1096
f 1546/764/1097 1541/765/1098 1128/766/1099
f 1546/764/1097 1128/766/1099 1145/767/1100
f 1268/768/1101 1263/769/1102 1147/770/1103
f 1268/768/1101 1147/770/1103 1200/771/1104
f 1185/736/1055 1260/739/1058 1296/758/1105
f 1185/736/1055 1296/758/1105 1280/757/1105
f 1362/772/1106 1404/773/1107 1370/774/1108
f 1362/772/1106 1370/774/1108 1333/775/1109
f 1317/776/1110 1315/776/1111 1201/777/1112
f 1317/776/1110 1201/777/1112 1202/777/1113
f 1178/747/1066 1256/750/1069 1254/750/1114
f 1178/747/1066 1254/750/1114 1179/747/1115
f 1263/769/1102 1269/778/1116 1201/777/1112
f 1263/769/1102 1201/777/1112 1147/770/1103
f 1541/765/1098 1547/779/1117 1149/780/1118
f 1541/765/1098 1149/780/1118 1128/766/1099
f 1252/751/1077 1294/758/1088 1278/757/1088
f 1252/751/1077 1278/757/1088 1177/752/1078
f 1548/779/1119 1542/765/1120 1127/766/1121
f 1548/779/1119 1127/766/1121 1148/780/1122
f 1270/778/1123 1264/769/1124 1150/770/1125
f 1270/778/1123 1150/770/1125 1202/777/1113
f 1271/768/1126 1282/754/1082 1203/771/1127
f 1282/754/1082 1319/781/1128 1203/771/1127
f 1264/769/1124 1271/768/1126 1203/771/1127
f 1264/769/1124 1203/771/1127 1150/770/1125
f 1542/765/1120 1549/764/1129 1152/767/1130
f 1542/765/1120 1152/767/1130 1127/766/1121
f 1550/760/1131 1537/743/1062 1125/746/1065
f 1550/760/1131 1125/746/1065 1151/761/1132
f 1272/759/1133 1261/740/1059 1141/742/1061
f 1272/759/1133 1141/742/1061 1204/756/1134
f 1283/782/1135 1284/782/1136 1208/783/1137
f 1283/782/1135 1208/783/1137 1206/783/1138
f 1275/784/1139 1283/782/1135 1206/783/1138
f 1275/784/1139 1206/783/1138 1158/785/1140
f 1129/786/1141 1155/787/1142 1205/788/1143
f 1129/786/1141 1205/788/1143 1157/789/1144
f 1160/790/1145 1206/783/1138 1208/783/1137
f 1160/790/1145 1208/783/1137 1162/790/1146
f 1158/785/1140 1206/783/1138 1160/790/1145
f 1158/785/1140 1160/790/1145 1130/791/1147
f 1284/782/1136 1276/784/1148 1163/785/1149
f 1284/782/1136 1163/785/1149 1208/783/1137
f 1208/783/1137 1163/785/1149 1132/791/1150
f 1208/783/1137 1132/791/1150 1162/790/1146
f 1155/787/1142 1153/787/1151 1207/788/1152
f 1155/787/1142 1207/788/1152 1205/788/1143
f 1153/787/1151 1131/786/1153 1164/789/1154
f 1153/787/1151 1164/789/1154 1207/788/1152
f 1169/792/1155 1210/793/1156 1214/794/1157
f 1169/792/1155 1214/794/1157 1172/795/1158
f 1145/767/1100 1128/766/1099 1227/796/1159
f 1145/767/1100 1227/796/1159 1211/797/1160
f 1276/784/1148 1164/789/1154 1209/798/1161
f 1276/784/1148 1209/798/1161 1285/799/1162
f 1131/786/1153 1168/800/1163 1209/798/1161
f 1131/786/1153 1209/798/1161 1164/789/1154
f 1286/801/1164 1277/757/1165 1174/736/1166
f 1286/801/1164 1174/736/1166 1214/794/1157
f 1163/785/1149 1210/793/1156 1169/792/1155
f 1163/785/1149 1169/792/1155 1132/791/1150
f 1168/800/1163 1165/802/1167 1213/803/1168
f 1168/800/1163 1213/803/1168 1209/798/1161
f 1194/804/1169 1235/796/1170 1232/797/1171
f 1194/804/1169 1232/797/1171 1217/805/1172
f 1214/794/1157 1174/736/1166 1138/737/1173
f 1214/794/1157 1138/737/1173 1172/795/1158
f 1224/806/1174 1170/807/1175 1142/745/1073
f 1224/806/1174 1142/745/1073 1126/746/1072
f 1170/807/1175 1166/807/1176 1143/745/1064
f 1170/807/1175 1143/745/1064 1142/745/1073
f 1165/802/1167 1137/748/1079 1176/752/1177
f 1165/802/1167 1176/752/1177 1213/803/1168
f 1288/801/1178 1216/803/1179 1220/798/1180
f 1288/801/1178 1220/798/1180 1289/799/1181
f 1189/804/1182 1194/804/1169 1217/805/1172
f 1189/804/1182 1217/805/1172 1221/805/1183
f 1292/808/1184 1232/797/1171 1152/767/1130
f 1292/808/1184 1152/767/1130 1274/809/1185
f 1195/810/1186 1148/780/1122 1127/766/1121
f 1195/810/1186 1127/766/1121 1235/796/1170
f 1242/749/1080 1137/748/1079 1179/747/1115
f 1242/749/1080 1179/747/1115 1254/750/1114
f 1233/811/1187 1151/761/1132 1125/746/1065
f 1233/811/1187 1125/746/1065 1230/806/1188
f 1240/738/1096 1140/737/1095 1175/736/1087
f 1240/738/1096 1175/736/1087 1250/739/1089
f 1133/748/1067 1187/752/1189 1258/751/1190
f 1133/748/1067 1258/751/1190 1244/749/1068
f 1128/766/1099 1149/780/1118 1190/810/1191
f 1128/766/1099 1190/810/1191 1227/796/1159
f 1192/795/1192 1218/794/1193 1222/793/1194
f 1192/795/1192 1222/793/1194 1196/792/1195
f 1235/796/1170 1127/766/1121 1152/767/1130
f 1235/796/1170 1152/767/1130 1232/797/1171
f 1215/812/1196 1233/811/1187 1230/806/1188
f 1215/812/1196 1230/806/1188 1167/813/1197
f 1195/810/1186 1190/810/1191 1149/780/1118
f 1195/810/1186 1149/780/1118 1148/780/1122
f 1279/757/1198 1186/752/1199 1216/803/1179
f 1279/757/1198 1216/803/1179 1288/801/1178
f 1126/746/1072 1146/761/1092 1212/811/1200
f 1126/746/1072 1212/811/1200 1224/806/1174
f 1133/748/1067 1191/802/1201 1216/803/1179
f 1133/748/1067 1216/803/1179 1186/752/1199
f 1289/799/1181 1275/784/1139 1158/785/1140
f 1289/799/1181 1158/785/1140 1222/793/1194
f 1184/736/1202 1218/794/1193 1192/795/1192
f 1184/736/1202 1192/795/1192 1134/737/1203
f 1191/802/1201 1188/800/1204 1220/798/1180
f 1191/802/1201 1220/798/1180 1216/803/1179
f 1291/814/1205 1292/808/1184 1233/811/1187
f 1291/814/1205 1233/811/1187 1215/812/1196
f 1222/793/1194 1158/785/1140 1130/791/1147
f 1222/793/1194 1130/791/1147 1196/792/1195
f 1165/802/1167 1168/800/1163 1223/815/1206
f 1165/802/1167 1223/815/1206 1225/816/1207
f 1273/809/1208 1145/767/1100 1211/797/1160
f 1273/809/1208 1211/797/1160 1290/808/1209
f 1188/800/1204 1129/786/1141 1157/789/1144
f 1188/800/1204 1157/789/1144 1220/798/1180
f 1225/816/1207 1223/815/1206 1226/815/1210
f 1225/816/1207 1226/815/1210 1228/816/1211
f 1212/811/1200 1219/812/1212 1171/813/1213
f 1212/811/1200 1171/813/1213 1224/806/1174
f 1171/813/1213 1219/812/1212 1215/812/1196
f 1171/813/1213 1215/812/1196 1167/813/1197
f 1178/747/1066 1179/747/1115 1225/816/1207
f 1178/747/1066 1225/816/1207 1228/816/1211
f 1131/786/1153 1154/817/1214 1223/815/1206
f 1131/786/1153 1223/815/1206 1168/800/1163
f 1226/815/1210 1188/800/1204 1191/802/1201
f 1226/815/1210 1191/802/1201 1228/816/1211
f 1227/796/1159 1189/804/1182 1221/805/1183
f 1227/796/1159 1221/805/1183 1211/797/1160
f 1165/802/1167 1225/816/1207 1179/747/1115
f 1165/802/1167 1179/747/1115 1137/748/1079
f 1154/817/1214 1156/817/1215 1226/815/1210
f 1154/817/1214 1226/815/1210 1223/815/1206
f 1228/816/1211 1191/802/1201 1133/748/1067
f 1228/816/1211 1133/748/1067 1178/747/1066
f 1231/818/1216 1229/819/1217 1234/819/1218
f 1231/818/1216 1234/819/1218 1236/818/1219
f 1290/808/1209 1211/797/1160 1221/805/1183
f 1290/808/1209 1221/805/1183 1287/814/1220
f 1156/817/1215 1129/786/1141 1188/800/1204
f 1156/817/1215 1188/800/1204 1226/815/1210
f 1169/792/1155 1173/795/1221 1229/819/1217
f 1169/792/1155 1229/819/1217 1231/818/1216
f 1287/814/1220 1291/814/1205 1215/812/1196
f 1287/814/1220 1215/812/1196 1219/812/1212
f 1159/820/1222 1161/820/1223 1231/818/1216
f 1159/820/1222 1231/818/1216 1236/818/1219
f 1139/737/1224 1180/763/1225 1229/819/1217
f 1139/737/1224 1229/819/1217 1173/795/1221
f 1234/819/1218 1193/795/1226 1196/792/1195
f 1234/819/1218 1196/792/1195 1236/818/1219
f 1169/792/1155 1231/818/1216 1161/820/1223
f 1169/792/1155 1161/820/1223 1132/791/1150
f 1180/763/1225 1182/763/1227 1234/819/1218
f 1180/763/1225 1234/819/1218 1229/819/1217
f 1236/818/1219 1196/792/1195 1130/791/1147
f 1236/818/1219 1130/791/1147 1159/820/1222
f 1182/763/1227 1135/737/1228 1193/795/1226
f 1182/763/1227 1193/795/1226 1234/819/1218
f 1285/799/1162 1209/798/1161 1213/803/1168
f 1285/799/1162 1213/803/1168 1286/801/1164
f 1166/807/1176 1230/806/1188 1125/746/1065
f 1166/807/1176 1125/746/1065 1143/745/1064
f 1136/737/1056 1183/763/1229 1246/762/1230
f 1136/737/1056 1246/762/1230 1238/738/1057
f 1416/821/1231 1410/821/1232 1365/822/1233
f 1416/821/1231 1365/822/1233 1366/822/1234
f 1363/823/1235 1368/775/1236 1237/738/1237
f 1363/823/1235 1237/738/1237 1245/762/1238
f 1366/822/1234 1330/824/1239 1378/825/1240
f 1366/822/1234 1378/825/1240 1416/821/1231
f 1406/826/1241 1386/827/1242 1327/828/1243
f 1406/826/1241 1327/828/1243 1328/829/1244
f 1364/772/1245 1368/775/1236 1392/774/1246
f 1364/772/1245 1392/774/1246 1422/773/1247
f 1448/830/1248 1444/830/1249 1270/778/1123
f 1448/830/1248 1270/778/1123 1269/778/1116
f 1370/774/1108 1398/831/1250 1329/823/1251
f 1370/774/1108 1329/823/1251 1333/775/1109
f 1363/823/1235 1329/823/1251 1398/831/1250
f 1363/823/1235 1398/831/1250 1396/831/1252
f 1368/775/1236 1364/772/1245 1259/739/1253
f 1368/775/1236 1259/739/1253 1237/738/1237
f 1187/752/1189 1280/757/1105 1296/758/1105
f 1187/752/1189 1296/758/1105 1258/751/1190
f 1201/777/1112 1269/778/1116 1270/778/1123
f 1201/777/1112 1270/778/1123 1202/777/1113
f 1197/735/1053 1265/741/1060 1266/741/1074
f 1197/735/1053 1266/741/1074 1198/735/1054
f 1282/754/1082 1272/759/1133 1204/756/1134
f 1210/793/1156 1285/799/1162 1286/801/1164
f 1210/793/1156 1286/801/1164 1214/794/1157
f 1221/805/1183 1217/805/1172 1291/814/1205
f 1221/805/1183 1291/814/1205 1287/814/1220
f 1212/811/1200 1290/808/1209 1287/814/1220
f 1212/811/1200 1287/814/1220 1219/812/1212
f 1146/761/1092 1273/809/1208 1290/808/1209
f 1146/761/1092 1290/808/1209 1212/811/1200
f 1217/805/1172 1232/797/1171 1292/808/1184
f 1217/805/1172 1292/808/1184 1291/814/1205
f 1220/798/1180 1157/789/1144 1275/784/1139
f 1220/798/1180 1275/784/1139 1289/799/1181
f 1184/736/1202 1279/757/1198 1288/801/1178
f 1184/736/1202 1288/801/1178 1218/794/1193
f 1233/811/1187 1292/808/1184 1274/809/1185
f 1233/811/1187 1274/809/1185 1151/761/1132
f 1218/794/1193 1288/801/1178 1289/799/1181
f 1218/794/1193 1289/799/1181 1222/793/1194
f 1213/803/1168 1176/752/1177 1277/757/1165
f 1213/803/1168 1277/757/1165 1286/801/1164
f 1163/785/1149 1276/784/1148 1285/799/1162
f 1163/785/1149 1285/799/1162 1210/793/1156
f 1207/788/1152 1164/789/1154 1276/784/1148
f 1207/788/1152 1276/784/1148 1284/782/1136
f 1157/789/1144 1205/788/1143 1283/782/1135
f 1157/789/1144 1283/782/1135 1275/784/1139
f 1205/788/1143 1207/788/1152 1284/782/1136
f 1205/788/1143 1284/782/1136 1283/782/1135
f 1321/755/1083 1282/754/1082 1204/756/1134
f 1267/759/1090 1281/754/1084 1199/756/1086
f 1313/781/1254 1281/754/1084 1200/771/1104
f 1281/754/1084 1268/768/1101 1200/771/1104
f 1325/753/1255 1281/754/1084 1313/781/1254
f 1298/832/1256 1281/754/1084 1267/759/1090
f 1298/832/1256 1268/768/1101 1281/754/1084
f 1323/753/1081 1319/781/1128 1282/754/1082
f 1297/832/1257 1272/759/1133 1282/754/1082
f 1325/753/1255 1311/755/1085 1281/754/1084
f 1297/832/1257 1282/754/1082 1271/768/1126
f 1310/833/1258 1302/834/1259 1484/835/1260
f 1310/833/1258 1484/835/1260 1500/836/1261
f 1346/837/1262 1334/838/1263 1531/839/1264
f 1346/837/1262 1531/839/1264 1493/840/1265
f 1204/756/1134 1141/742/1061 1299/841/1266
f 1204/756/1134 1299/841/1266 1321/755/1083
f 1150/770/1125 1203/771/1127 1319/781/1128
f 1150/770/1125 1319/781/1128 1305/842/1267
f 1312/843/1268 1326/844/1269 1526/845/1270
f 1312/843/1268 1526/845/1270 1504/846/1271
f 1202/777/1113 1150/770/1125 1305/842/1267
f 1202/777/1113 1305/842/1267 1317/776/1110
f 1147/770/1103 1201/777/1112 1315/776/1111
f 1147/770/1103 1315/776/1111 1303/842/1272
f 1340/838/1273 1348/837/1274 1497/840/1275
f 1340/838/1273 1497/840/1275 1481/839/1276
f 1200/771/1104 1147/770/1103 1303/842/1272
f 1200/771/1104 1303/842/1272 1313/781/1254
f 1144/742/1076 1199/756/1086 1311/755/1085
f 1144/742/1076 1311/755/1085 1301/841/1277
f 1302/834/1259 1312/843/1268 1504/846/1271
f 1302/834/1259 1504/846/1271 1484/835/1260
f 1198/735/1054 1144/742/1076 1301/841/1277
f 1198/735/1054 1301/841/1277 1309/734/1051
f 1141/742/1061 1197/735/1053 1307/734/1052
f 1141/742/1061 1307/734/1052 1299/841/1266
f 1350/847/1278 1340/838/1273 1481/839/1276
f 1350/847/1278 1481/839/1276 1501/848/1279
f 1422/773/1247 1384/827/1280 1367/828/1281
f 1422/773/1247 1367/828/1281 1364/772/1245
f 1330/824/1239 1366/822/1234 1255/750/1282
f 1330/824/1239 1255/750/1282 1243/749/1283
f 1364/772/1245 1367/828/1281 1295/758/1284
f 1364/772/1245 1295/758/1284 1259/739/1253
f 1374/825/1285 1406/826/1241 1328/829/1244
f 1374/825/1285 1328/829/1244 1332/824/1286
f 1332/824/1286 1328/829/1244 1251/751/1287
f 1332/824/1286 1251/751/1287 1241/749/1288
f 1366/822/1234 1365/822/1233 1253/750/1289
f 1366/822/1234 1253/750/1289 1255/750/1282
f 1333/775/1109 1329/823/1251 1247/762/1290
f 1333/775/1109 1247/762/1290 1239/738/1291
f 1328/829/1244 1327/828/1243 1293/758/1292
f 1328/829/1244 1293/758/1292 1251/751/1287
f 1293/758/1292 1327/828/1243 1362/772/1106
f 1293/758/1292 1362/772/1106 1249/739/1293
f 1367/828/1281 1384/827/1280 1420/826/1294
f 1367/828/1281 1420/826/1294 1331/829/1295
f 1544/744/1070 1543/744/1063 1347/849/1063
f 1544/744/1070 1347/849/1063 1349/849/1296
f 1539/850/1297 1545/760/1091 1351/851/1298
f 1539/850/1297 1351/851/1298 1339/852/1297
f 1548/779/1119 1547/779/1117 1355/853/1117
f 1548/779/1119 1355/853/1117 1357/853/1299
f 1538/850/1300 1549/764/1129 1359/854/1301
f 1538/850/1300 1359/854/1301 1337/852/1300
f 1550/760/1131 1538/850/1300 1337/852/1300
f 1550/760/1131 1337/852/1300 1361/851/1302
f 1546/764/1097 1539/850/1297 1339/852/1297
f 1546/764/1097 1339/852/1297 1353/854/1303
f 1314/855/1304 1304/856/1305 1488/857/1306
f 1314/855/1304 1488/857/1306 1508/858/1307
f 1342/859/1308 1352/860/1309 1505/861/1310
f 1342/859/1308 1505/861/1310 1485/862/1311
f 1316/863/1312 1318/863/1313 1516/864/1314
f 1316/863/1312 1516/864/1314 1512/864/1315
f 1354/865/1316 1342/859/1308 1485/862/1311
f 1354/865/1316 1485/862/1311 1509/866/1317
f 1304/856/1305 1316/863/1312 1512/864/1315
f 1304/856/1305 1512/864/1315 1488/857/1306
f 1344/859/1318 1356/865/1319 1513/866/1320
f 1344/859/1318 1513/866/1320 1489/862/1321
f 1318/863/1313 1306/856/1322 1492/857/1323
f 1318/863/1313 1492/857/1323 1516/864/1314
f 1358/860/1324 1344/859/1318 1489/862/1321
f 1358/860/1324 1489/862/1321 1517/861/1325
f 1327/828/1243 1386/827/1242 1404/773/1107
f 1327/828/1243 1404/773/1107 1362/772/1106
f 1452/867/1326 1448/830/1248 1269/778/1116
f 1452/867/1326 1269/778/1116 1263/769/1102
f 1464/868/1327 1460/869/1328 1298/832/1256
f 1464/868/1327 1298/832/1256 1267/759/1090
f 1456/870/1329 1452/867/1326 1263/769/1102
f 1456/870/1329 1263/769/1102 1268/768/1101
f 1472/871/1330 1468/872/1331 1262/740/1075
f 1472/871/1330 1262/740/1075 1266/741/1074
f 1365/822/1233 1410/821/1232 1374/825/1285
f 1365/822/1233 1374/825/1285 1332/824/1286
f 1249/739/1293 1362/772/1106 1333/775/1109
f 1249/739/1293 1333/775/1109 1239/738/1291
f 1478/872/1332 1476/871/1333 1265/741/1060
f 1478/872/1332 1265/741/1060 1261/740/1059
f 1253/750/1289 1365/822/1233 1332/824/1286
f 1253/750/1289 1332/824/1286 1241/749/1288
f 1476/871/1333 1472/871/1330 1266/741/1074
f 1476/871/1333 1266/741/1074 1265/741/1060
f 1331/829/1295 1420/826/1294 1378/825/1240
f 1331/829/1295 1378/825/1240 1330/824/1239
f 1295/758/1284 1367/828/1281 1331/829/1295
f 1295/758/1284 1331/829/1295 1257/751/1334
f 1257/751/1334 1331/829/1295 1330/824/1239
f 1257/751/1334 1330/824/1239 1243/749/1283
f 1329/823/1251 1363/823/1235 1245/762/1238
f 1329/823/1251 1245/762/1238 1247/762/1290
f 1418/873/1335 1382/874/1336 1430/875/1337
f 1418/873/1335 1430/875/1337 1434/876/1338
f 1428/868/1339 1478/872/1332 1261/740/1059
f 1428/868/1339 1261/740/1059 1272/759/1133
f 1444/830/1249 1440/867/1340 1264/769/1124
f 1444/830/1249 1264/769/1124 1270/778/1123
f 1393/877/1341 1395/878/1342 1397/878/1343
f 1393/877/1341 1397/878/1343 1399/877/1344
f 1468/872/1331 1464/868/1327 1267/759/1090
f 1468/872/1331 1267/759/1090 1262/740/1075
f 1436/870/1345 1432/869/1346 1297/832/1257
f 1436/870/1345 1297/832/1257 1271/768/1126
f 1423/879/1347 1381/880/1348 1383/881/1349
f 1423/879/1347 1383/881/1349 1421/882/1350
f 1403/882/1351 1385/881/1352 1387/880/1353
f 1403/882/1351 1387/880/1353 1401/879/1354
f 1393/877/1341 1389/883/1355 1391/884/1356
f 1393/877/1341 1391/884/1356 1395/878/1342
f 1371/883/1357 1399/877/1344 1397/878/1343
f 1371/883/1357 1397/878/1343 1369/884/1358
f 1407/885/1359 1387/880/1353 1385/881/1352
f 1407/885/1359 1385/881/1352 1405/886/1360
f 1401/879/1354 1371/883/1357 1369/884/1358
f 1401/879/1354 1369/884/1358 1403/882/1351
f 1375/887/1361 1407/885/1359 1405/886/1360
f 1375/887/1361 1405/886/1360 1373/888/1362
f 1411/889/1363 1375/887/1361 1373/888/1362
f 1411/889/1363 1373/888/1362 1409/890/1364
f 1379/887/1365 1413/889/1366 1415/890/1367
f 1379/887/1365 1415/890/1367 1377/888/1368
f 1419/886/1369 1383/881/1349 1381/880/1348
f 1419/886/1369 1381/880/1348 1417/885/1370
f 1417/885/1370 1379/887/1365 1377/888/1368
f 1417/885/1370 1377/888/1368 1419/886/1369
f 1389/883/1355 1423/879/1347 1421/882/1350
f 1389/883/1355 1421/882/1350 1391/884/1356
f 1409/890/1364 1415/890/1367 1413/889/1366
f 1409/890/1364 1413/889/1366 1411/889/1363
f 1414/891/1371 1380/892/1372 1438/893/1373
f 1414/891/1371 1438/893/1373 1442/894/1374
f 1390/895/1375 1394/896/1376 1474/897/1377
f 1390/895/1375 1474/897/1377 1480/898/1378
f 1394/896/1376 1400/896/1379 1470/897/1380
f 1394/896/1376 1470/897/1380 1474/897/1377
f 1400/896/1379 1372/895/1381 1466/898/1382
f 1400/896/1379 1466/898/1382 1470/897/1380
f 1372/895/1381 1402/899/1383 1462/900/1384
f 1372/895/1381 1462/900/1384 1466/898/1382
f 1402/899/1383 1388/874/1385 1458/875/1386
f 1402/899/1383 1458/875/1386 1462/900/1384
f 1388/874/1385 1408/873/1387 1454/876/1388
f 1388/874/1385 1454/876/1388 1458/875/1386
f 1460/869/1328 1456/870/1329 1268/768/1101
f 1460/869/1328 1268/768/1101 1298/832/1256
f 1408/873/1387 1376/892/1389 1450/893/1390
f 1408/873/1387 1450/893/1390 1454/876/1388
f 1376/892/1389 1412/891/1391 1446/894/1392
f 1376/892/1389 1446/894/1392 1450/893/1390
f 1412/891/1391 1414/891/1371 1442/894/1374
f 1412/891/1391 1442/894/1374 1446/894/1392
f 1380/892/1372 1418/873/1335 1434/876/1338
f 1380/892/1372 1434/876/1338 1438/893/1373
f 1440/867/1340 1436/870/1345 1271/768/1126
f 1440/867/1340 1271/768/1126 1264/769/1124
f 1424/899/1393 1390/895/1375 1480/898/1378
f 1424/899/1393 1480/898/1378 1426/900/1394
f 1432/869/1346 1428/868/1339 1272/759/1133
f 1432/869/1346 1272/759/1133 1297/832/1257
f 1248/762/1093 1246/762/1230 1183/763/1229
f 1248/762/1093 1183/763/1229 1181/763/1094
f 1363/823/1235 1396/831/1252 1392/774/1246
f 1363/823/1235 1392/774/1246 1368/775/1236
f 1475/901/1395 1477/902/1396 1479/903/1397
f 1475/901/1395 1479/903/1397 1473/904/1398
f 1471/901/1399 1475/901/1395 1473/904/1398
f 1471/901/1399 1473/904/1398 1469/904/1400
f 1467/902/1401 1471/901/1399 1469/904/1400
f 1467/902/1401 1469/904/1400 1465/903/1402
f 1463/905/1403 1467/902/1401 1465/903/1402
f 1463/905/1403 1465/903/1402 1461/906/1404
f 1459/907/1405 1463/905/1403 1461/906/1404
f 1459/907/1405 1461/906/1404 1457/908/1406
f 1455/909/1407 1459/907/1405 1457/908/1406
f 1455/909/1407 1457/908/1406 1453/910/1408
f 1451/911/1409 1455/909/1407 1453/910/1408
f 1451/911/1409 1453/910/1408 1449/912/1410
f 1447/913/1411 1451/911/1409 1449/912/1410
f 1447/913/1411 1449/912/1410 1445/914/1412
f 1443/913/1413 1447/913/1411 1445/914/1412
f 1443/913/1413 1445/914/1412 1441/914/1414
f 1439/911/1415 1443/913/1413 1441/914/1414
f 1439/911/1415 1441/914/1414 1437/912/1416
f 1435/909/1417 1439/911/1415 1437/912/1416
f 1435/909/1417 1437/912/1416 1433/910/1418
f 1431/907/1419 1435/909/1417 1433/910/1418
f 1431/907/1419 1433/910/1418 1429/908/1420
f 1427/905/1421 1431/907/1419 1429/908/1420
f 1427/905/1421 1429/908/1420 1425/906/1422
f 1477/902/1396 1427/905/1421 1425/906/1422
f 1477/902/1396 1425/906/1422 1479/903/1397
f 1382/874/1336 1424/899/1393 1426/900/1394
f 1382/874/1336 1426/900/1394 1430/875/1337
f 1557/915/1423 1564/916/1424 1525/917/1425
f 1557/915/1423 1525/917/1425 1507/918/1426
f 1561/919/1427 1563/916/1428 1527/917/1429
f 1561/919/1427 1527/917/1429 1523/920/1430
f 1563/916/1428 1560/915/1431 1519/918/1432
f 1563/916/1428 1519/918/1432 1527/917/1429
f 1559/921/1433 1558/921/1434 1511/922/1435
f 1559/921/1433 1511/922/1435 1515/922/1436
f 1564/916/1424 1556/919/1437 1503/920/1438
f 1564/916/1424 1503/920/1438 1525/917/1425
f 1555/923/1439 1554/923/1440 1495/924/1441
f 1555/923/1439 1495/924/1441 1499/924/1442
f 1561/919/1427 1562/925/1443 1532/926/1444
f 1561/919/1427 1532/926/1444 1522/927/1445
f 1553/928/1446 1560/915/1431 1518/929/1447
f 1553/928/1446 1518/929/1447 1490/930/1448
f 1559/921/1433 1553/928/1446 1490/930/1448
f 1559/921/1433 1490/930/1448 1514/931/1449
f 1552/928/1450 1558/921/1434 1510/931/1451
f 1552/928/1450 1510/931/1451 1486/930/1452
f 1557/915/1423 1552/928/1450 1486/930/1452
f 1557/915/1423 1486/930/1452 1506/929/1453
f 1551/925/1454 1556/919/1437 1502/927/1455
f 1551/925/1454 1502/927/1455 1482/926/1456
f 1555/923/1439 1551/925/1454 1482/926/1456
f 1555/923/1439 1482/926/1456 1498/932/1457
f 1562/925/1443 1554/923/1440 1494/932/1458
f 1562/925/1443 1494/932/1458 1532/926/1444
f 1348/837/1274 1346/837/1262 1493/840/1265
f 1348/837/1274 1493/840/1265 1497/840/1275
f 1300/834/1459 1308/833/1460 1496/836/1461
f 1300/834/1459 1496/836/1461 1530/835/1462
f 1338/933/1463 1350/847/1278 1501/848/1279
f 1338/933/1463 1501/848/1279 1535/934/1463
f 1308/833/1460 1310/833/1258 1500/836/1261
f 1308/833/1460 1500/836/1261 1496/836/1461
f 1356/865/1319 1354/865/1316 1509/866/1317
f 1356/865/1319 1509/866/1317 1513/866/1320
f 1326/844/1269 1314/855/1304 1508/858/1307
f 1326/844/1269 1508/858/1307 1526/845/1270
f 1336/933/1464 1358/860/1324 1517/861/1325
f 1336/933/1464 1517/861/1325 1533/934/1464
f 1324/844/1465 1322/843/1466 1524/846/1467
f 1324/844/1465 1524/846/1467 1528/845/1468
f 1360/847/1469 1336/933/1464 1533/934/1464
f 1360/847/1469 1533/934/1464 1521/848/1470
f 1322/843/1466 1300/834/1459 1530/835/1462
f 1322/843/1466 1530/835/1462 1524/846/1467
f 1352/860/1309 1338/933/1463 1535/934/1463
f 1352/860/1309 1535/934/1463 1505/861/1310
f 1306/856/1322 1320/855/1471 1520/858/1472
f 1306/856/1322 1520/858/1472 1492/857/1323
f 1334/838/1263 1360/847/1469 1521/848/1470
f 1334/838/1263 1521/848/1470 1531/839/1264
f 1320/855/1471 1324/844/1465 1528/845/1468
f 1320/855/1471 1528/845/1468 1520/858/1472
f 1145/767/1100 1273/809/1208 1539/850/1297
f 1145/767/1100 1539/850/1297 1546/764/1097
f 1151/761/1132 1274/809/1185 1538/850/1300
f 1151/761/1132 1538/850/1300 1550/760/1131
f 1274/809/1185 1152/767/1130 1549/764/1129
f 1274/809/1185 1549/764/1129 1538/850/1300
f 1148/780/1122 1149/780/1118 1547/779/1117
f 1148/780/1122 1547/779/1117 1548/779/1119
f 1273/809/1208 1146/761/1092 1545/760/1091
f 1273/809/1208 1545/760/1091 1539/850/1297
f 1142/745/1073 1143/745/1064 1543/744/1063
f 1142/745/1073 1543/744/1063 1544/744/1070
f 1361/851/1302 1335/935/1473 1537/743/1062
f 1361/851/1302 1537/743/1062 1550/760/1131
f 1345/936/1474 1359/854/1301 1549/764/1129
f 1345/936/1474 1549/764/1129 1542/765/1120
f 1357/853/1299 1345/936/1474 1542/765/1120
f 1357/853/1299 1542/765/1120 1548/779/1119
f 1343/936/1475 1355/853/1117 1547/779/1117
f 1343/936/1475 1547/779/1117 1541/765/1098
f 1353/854/1303 1343/936/1475 1541/765/1098
f 1353/854/1303 1541/765/1098 1546/764/1097
f 1341/935/1476 1351/851/1298 1545/760/1091
f 1341/935/1476 1545/760/1091 1540/743/1071
f 1349/849/1296 1341/935/1476 1540/743/1071
f 1349/849/1296 1540/743/1071 1544/744/1070
f 1335/935/1473 1347/849/1063 1543/744/1063
f 1335/935/1473 1543/744/1063 1537/743/1062
f 1529/937/1477 1495/924/1441 1554/923/1440
f 1529/937/1477 1554/923/1440 1562/925/1443
f 1499/924/1442 1483/937/1478 1551/925/1454
f 1499/924/1442 1551/925/1454 1555/923/1439
f 1483/937/1478 1503/920/1438 1556/919/1437
f 1483/937/1478 1556/919/1437 1551/925/1454
f 1507/918/1426 1487/938/1479 1552/928/1450
f 1507/918/1426 1552/928/1450 1557/915/1423
f 1487/938/1479 1511/922/1435 1558/921/1434
f 1487/938/1479 1558/921/1434 1552/928/1450
f 1515/922/1436 1491/938/1480 1553/928/1446
f 1515/922/1436 1553/928/1446 1559/921/1433
f 1491/938/1480 1519/918/1432 1560/915/1431
f 1491/938/1480 1560/915/1431 1553/928/1446
f 1523/920/1430 1529/937/1477 1562/925/1443
f 1523/920/1430 1562/925/1443 1561/919/1427
f 1498/932/1457 1494/932/1458 1554/923/1440
f 1498/932/1457 1554/923/1440 1555/923/1439
f 1536/939/1481 1502/927/1455 1556/919/1437
f 1536/939/1481 1556/919/1437 1564/916/1424
f 1514/931/1449 1510/931/1451 1558/921/1434
f 1514/931/1449 1558/921/1434 1559/921/1433
f 1534/939/1482 1518/929/1447 1560/915/1431
f 1534/939/1482 1560/915/1431 1563/916/1428
f 1522/927/1445 1534/939/1482 1563/916/1428
f 1522/927/1445 1563/916/1428 1561/919/1427
f 1506/929/1453 1536/939/1481 1564/916/1424
f 1506/929/1453 1564/916/1424 1557/915/1423
f 1750/734/1483 1638/735/1484 1637/735/1485
f 1750/734/1483 1637/735/1485 1748/734/1486
f 1624/736/1487 1699/739/1488 1677/738/1489
f 1624/736/1487 1677/738/1489 1574/737/1490
f 1701/740/1491 1581/742/1492 1637/735/1485
f 1701/740/1491 1637/735/1485 1705/741/1493
f 1977/743/1494 1565/746/1495 1583/745/1496
f 1977/743/1494 1583/745/1496 1983/744/1497
f 1618/747/1498 1695/750/1499 1683/749/1500
f 1618/747/1498 1683/749/1500 1573/748/1501
f 1984/744/1502 1582/745/1503 1566/746/1504
f 1984/744/1502 1566/746/1504 1980/743/1505
f 1706/741/1506 1638/735/1484 1584/742/1507
f 1706/741/1506 1584/742/1507 1702/740/1508
f 1691/751/1509 1681/749/1510 1577/748/1511
f 1691/751/1509 1577/748/1511 1616/752/1512
f 1764/753/1513 1762/755/1514 1722/754/1515
f 1721/754/1516 1639/756/1517 1752/755/1518
f 1614/736/1519 1689/739/1520 1733/758/1521
f 1614/736/1519 1733/758/1521 1717/757/1521
f 1702/740/1508 1584/742/1507 1639/756/1517
f 1702/740/1508 1639/756/1517 1707/759/1522
f 1980/743/1505 1566/746/1504 1586/761/1523
f 1980/743/1505 1586/761/1523 1985/760/1524
f 1687/762/1525 1679/738/1526 1578/737/1527
f 1687/762/1525 1578/737/1527 1620/763/1528
f 1986/764/1529 1585/767/1530 1568/766/1531
f 1986/764/1529 1568/766/1531 1981/765/1532
f 1708/768/1533 1640/771/1534 1587/770/1535
f 1708/768/1533 1587/770/1535 1703/769/1536
f 1624/736/1487 1719/757/1537 1735/758/1537
f 1624/736/1487 1735/758/1537 1699/739/1488
f 1802/772/1538 1773/775/1539 1809/774/1540
f 1802/772/1538 1809/774/1540 1843/773/1541
f 1758/776/1542 1642/777/1543 1641/777/1544
f 1758/776/1542 1641/777/1544 1756/776/1545
f 1618/747/1498 1619/747/1546 1693/750/1547
f 1618/747/1498 1693/750/1547 1695/750/1499
f 1703/769/1536 1587/770/1535 1641/777/1544
f 1703/769/1536 1641/777/1544 1709/778/1548
f 1981/765/1532 1568/766/1531 1589/780/1549
f 1981/765/1532 1589/780/1549 1987/779/1550
f 1691/751/1509 1616/752/1512 1717/757/1521
f 1691/751/1509 1717/757/1521 1733/758/1521
f 1988/779/1551 1588/780/1552 1567/766/1553
f 1988/779/1551 1567/766/1553 1982/765/1554
f 1710/778/1555 1642/777/1543 1590/770/1556
f 1710/778/1555 1590/770/1556 1704/769/1557
f 1711/768/1558 1643/771/1559 1722/754/1515
f 1722/754/1515 1643/771/1559 1760/781/1560
f 1704/769/1557 1590/770/1556 1643/771/1559
f 1704/769/1557 1643/771/1559 1711/768/1558
f 1982/765/1554 1567/766/1553 1592/767/1561
f 1982/765/1554 1592/767/1561 1989/764/1562
f 1990/760/1563 1591/761/1564 1565/746/1495
f 1990/760/1563 1565/746/1495 1977/743/1494
f 1712/759/1565 1644/756/1566 1581/742/1492
f 1712/759/1565 1581/742/1492 1701/740/1491
f 1723/782/1567 1646/783/1568 1648/783/1569
f 1723/782/1567 1648/783/1569 1724/782/1570
f 1715/784/1571 1598/785/1572 1646/783/1568
f 1715/784/1571 1646/783/1568 1723/782/1567
f 1569/786/1573 1597/789/1574 1645/788/1575
f 1569/786/1573 1645/788/1575 1595/787/1576
f 1600/790/1577 1602/790/1578 1648/783/1569
f 1600/790/1577 1648/783/1569 1646/783/1568
f 1598/785/1572 1570/791/1579 1600/790/1577
f 1598/785/1572 1600/790/1577 1646/783/1568
f 1724/782/1570 1648/783/1569 1603/785/1580
f 1724/782/1570 1603/785/1580 1716/784/1581
f 1648/783/1569 1602/790/1578 1572/791/1582
f 1648/783/1569 1572/791/1582 1603/785/1580
f 1595/787/1576 1645/788/1575 1647/788/1583
f 1595/787/1576 1647/788/1583 1593/787/1584
f 1593/787/1584 1647/788/1583 1604/789/1585
f 1593/787/1584 1604/789/1585 1571/786/1586
f 1609/792/1587 1613/795/1588 1654/794/1589
f 1609/792/1587 1654/794/1589 1650/793/1590
f 1585/767/1530 1651/797/1591 1667/796/1592
f 1585/767/1530 1667/796/1592 1568/766/1531
f 1716/784/1581 1725/799/1593 1649/798/1594
f 1716/784/1581 1649/798/1594 1604/789/1585
f 1571/786/1586 1604/789/1585 1649/798/1594
f 1571/786/1586 1649/798/1594 1608/800/1595
f 1726/801/1596 1654/794/1589 1615/736/1597
f 1726/801/1596 1615/736/1597 1718/757/1598
f 1603/785/1580 1572/791/1582 1609/792/1587
f 1603/785/1580 1609/792/1587 1650/793/1590
f 1608/800/1595 1649/798/1594 1653/803/1599
f 1608/800/1595 1653/803/1599 1605/802/1600
f 1634/804/1601 1657/805/1602 1672/797/1603
f 1634/804/1601 1672/797/1603 1675/796/1604
f 1654/794/1589 1613/795/1588 1580/737/1605
f 1654/794/1589 1580/737/1605 1615/736/1597
f 1664/806/1606 1566/746/1504 1582/745/1503
f 1664/806/1606 1582/745/1503 1610/807/1607
f 1610/807/1607 1582/745/1503 1583/745/1496
f 1610/807/1607 1583/745/1496 1606/807/1608
f 1605/802/1600 1653/803/1599 1617/752/1609
f 1605/802/1600 1617/752/1609 1577/748/1511
f 1728/801/1610 1729/799/1611 1660/798/1612
f 1728/801/1610 1660/798/1612 1656/803/1613
f 1629/804/1614 1661/805/1615 1657/805/1602
f 1629/804/1614 1657/805/1602 1634/804/1601
f 1732/808/1616 1714/809/1617 1592/767/1561
f 1732/808/1616 1592/767/1561 1672/797/1603
f 1635/810/1618 1675/796/1604 1567/766/1553
f 1635/810/1618 1567/766/1553 1588/780/1552
f 1681/749/1510 1693/750/1547 1619/747/1546
f 1681/749/1510 1619/747/1546 1577/748/1511
f 1673/811/1619 1670/806/1620 1565/746/1495
f 1673/811/1619 1565/746/1495 1591/761/1564
f 1679/738/1526 1689/739/1520 1614/736/1519
f 1679/738/1526 1614/736/1519 1578/737/1527
f 1573/748/1501 1683/749/1500 1697/751/1621
f 1573/748/1501 1697/751/1621 1626/752/1622
f 1568/766/1531 1667/796/1592 1630/810/1623
f 1568/766/1531 1630/810/1623 1589/780/1549
f 1633/795/1624 1636/792/1625 1662/793/1626
f 1633/795/1624 1662/793/1626 1658/794/1627
f 1675/796/1604 1672/797/1603 1592/767/1561
f 1675/796/1604 1592/767/1561 1567/766/1553
f 1655/812/1628 1607/813/1629 1670/806/1620
f 1655/812/1628 1670/806/1620 1673/811/1619
f 1635/810/1618 1588/780/1552 1589/780/1549
f 1635/810/1618 1589/780/1549 1630/810/1623
f 1720/757/1630 1728/801/1610 1656/803/1613
f 1720/757/1630 1656/803/1613 1627/752/1631
f 1566/746/1504 1664/806/1606 1652/811/1632
f 1566/746/1504 1652/811/1632 1586/761/1523
f 1573/748/1501 1627/752/1631 1656/803/1613
f 1573/748/1501 1656/803/1613 1631/802/1633
f 1729/799/1611 1662/793/1626 1598/785/1572
f 1729/799/1611 1598/785/1572 1715/784/1571
f 1625/736/1634 1576/737/1635 1633/795/1624
f 1625/736/1634 1633/795/1624 1658/794/1627
f 1631/802/1633 1656/803/1613 1660/798/1612
f 1631/802/1633 1660/798/1612 1628/800/1636
f 1731/814/1637 1655/812/1628 1673/811/1619
f 1731/814/1637 1673/811/1619 1732/808/1616
f 1662/793/1626 1636/792/1625 1570/791/1579
f 1662/793/1626 1570/791/1579 1598/785/1572
f 1605/802/1600 1665/816/1638 1663/815/1639
f 1605/802/1600 1663/815/1639 1608/800/1595
f 1713/809/1640 1730/808/1641 1651/797/1591
f 1713/809/1640 1651/797/1591 1585/767/1530
f 1628/800/1636 1660/798/1612 1597/789/1574
f 1628/800/1636 1597/789/1574 1569/786/1573
f 1665/816/1638 1668/816/1642 1666/815/1643
f 1665/816/1638 1666/815/1643 1663/815/1639
f 1652/811/1632 1664/806/1606 1611/813/1644
f 1652/811/1632 1611/813/1644 1659/812/1645
f 1611/813/1644 1607/813/1629 1655/812/1628
f 1611/813/1644 1655/812/1628 1659/812/1645
f 1618/747/1498 1668/816/1642 1665/816/1638
f 1618/747/1498 1665/816/1638 1619/747/1546
f 1571/786/1586 1608/800/1595 1663/815/1639
f 1571/786/1586 1663/815/1639 1594/817/1646
f 1666/815/1643 1668/816/1642 1631/802/1633
f 1666/815/1643 1631/802/1633 1628/800/1636
f 1667/796/1592 1651/797/1591 1661/805/1615
f 1667/796/1592 1661/805/1615 1629/804/1614
f 1605/802/1600 1577/748/1511 1619/747/1546
f 1605/802/1600 1619/747/1546 1665/816/1638
f 1594/817/1646 1663/815/1639 1666/815/1643
f 1594/817/1646 1666/815/1643 1596/817/1647
f 1668/816/1642 1618/747/1498 1573/748/1501
f 1668/816/1642 1573/748/1501 1631/802/1633
f 1671/818/1648 1676/818/1649 1674/819/1650
f 1671/818/1648 1674/819/1650 1669/819/1651
f 1730/808/1641 1727/814/1652 1661/805/1615
f 1730/808/1641 1661/805/1615 1651/797/1591
f 1596/817/1647 1666/815/1643 1628/800/1636
f 1596/817/1647 1628/800/1636 1569/786/1573
f 1609/792/1587 1671/818/1648 1669/819/1651
f 1609/792/1587 1669/819/1651 1612/795/1653
f 1727/814/1652 1659/812/1645 1655/812/1628
f 1727/814/1652 1655/812/1628 1731/814/1637
f 1599/820/1654 1676/818/1649 1671/818/1648
f 1599/820/1654 1671/818/1648 1601/820/1655
f 1579/737/1656 1612/795/1653 1669/819/1651
f 1579/737/1656 1669/819/1651 1621/763/1657
f 1674/819/1650 1676/818/1649 1636/792/1625
f 1674/819/1650 1636/792/1625 1632/795/1658
f 1609/792/1587 1572/791/1582 1601/820/1655
f 1609/792/1587 1601/820/1655 1671/818/1648
f 1621/763/1657 1669/819/1651 1674/819/1650
f 1621/763/1657 1674/819/1650 1623/763/1659
f 1676/818/1649 1599/820/1654 1570/791/1579
f 1676/818/1649 1570/791/1579 1636/792/1625
f 1623/763/1659 1674/819/1650 1632/795/1658
f 1623/763/1659 1632/795/1658 1575/737/1660
f 1725/799/1593 1726/801/1596 1653/803/1599
f 1725/799/1593 1653/803/1599 1649/798/1594
f 1606/807/1608 1583/745/1496 1565/746/1495
f 1606/807/1608 1565/746/1495 1670/806/1620
f 1574/737/1490 1677/738/1489 1685/762/1661
f 1574/737/1490 1685/762/1661 1622/763/1662
f 1855/821/1663 1806/822/1664 1805/822/1665
f 1855/821/1663 1805/822/1665 1849/821/1666
f 1803/823/1667 1686/762/1668 1678/738/1669
f 1803/823/1667 1678/738/1669 1808/775/1670
f 1806/822/1664 1855/821/1663 1817/825/1671
f 1806/822/1664 1817/825/1671 1770/824/1672
f 1845/826/1673 1768/829/1674 1767/828/1675
f 1845/826/1673 1767/828/1675 1825/827/1676
f 1804/772/1677 1861/773/1678 1831/774/1679
f 1804/772/1677 1831/774/1679 1808/775/1670
f 1887/830/1680 1709/778/1548 1710/778/1555
f 1887/830/1680 1710/778/1555 1883/830/1681
f 1809/774/1540 1773/775/1539 1769/823/1682
f 1809/774/1540 1769/823/1682 1837/831/1683
f 1803/823/1667 1835/831/1684 1837/831/1683
f 1803/823/1667 1837/831/1683 1769/823/1682
f 1808/775/1670 1678/738/1669 1700/739/1685
f 1808/775/1670 1700/739/1685 1804/772/1677
f 1626/752/1622 1697/751/1621 1735/758/1537
f 1626/752/1622 1735/758/1537 1719/757/1537
f 1641/777/1544 1642/777/1543 1710/778/1555
f 1641/777/1544 1710/778/1555 1709/778/1548
f 1637/735/1485 1638/735/1484 1706/741/1506
f 1637/735/1485 1706/741/1506 1705/741/1493
f 1722/754/1515 1644/756/1566 1712/759/1565
f 1650/793/1590 1654/794/1589 1726/801/1596
f 1650/793/1590 1726/801/1596 1725/799/1593
f 1661/805/1615 1727/814/1652 1731/814/1637
f 1661/805/1615 1731/814/1637 1657/805/1602
f 1652/811/1632 1659/812/1645 1727/814/1652
f 1652/811/1632 1727/814/1652 1730/808/1641
f 1586/761/1523 1652/811/1632 1730/808/1641
f 1586/761/1523 1730/808/1641 1713/809/1640
f 1657/805/1602 1731/814/1637 1732/808/1616
f 1657/805/1602 1732/808/1616 1672/797/1603
f 1660/798/1612 1729/799/1611 1715/784/1571
f 1660/798/1612 1715/784/1571 1597/789/1574
f 1625/736/1634 1658/794/1627 1728/801/1610
f 1625/736/1634 1728/801/1610 1720/757/1630
f 1673/811/1619 1591/761/1564 1714/809/1617
f 1673/811/1619 1714/809/1617 1732/808/1616
f 1658/794/1627 1662/793/1626 1729/799/1611
f 1658/794/1627 1729/799/1611 1728/801/1610
f 1653/803/1599 1726/801/1596 1718/757/1598
f 1653/803/1599 1718/757/1598 1617/752/1609
f 1603/785/1580 1650/793/1590 1725/799/1593
f 1603/785/1580 1725/799/1593 1716/784/1581
f 1647/788/1583 1724/782/1570 1716/784/1581
f 1647/788/1583 1716/784/1581 1604/789/1585
f 1597/789/1574 1715/784/1571 1723/782/1567
f 1597/789/1574 1723/782/1567 1645/788/1575
f 1645/788/1575 1723/782/1567 1724/782/1570
f 1645/788/1575 1724/782/1570 1647/788/1583
f 1762/755/1514 1644/756/1566 1722/754/1515
f 1707/759/1522 1639/756/1517 1721/754/1516
f 1754/781/1686 1640/771/1534 1721/754/1516
f 1721/754/1516 1640/771/1534 1708/768/1533
f 1766/753/1687 1754/781/1686 1721/754/1516
f 1738/832/1688 1707/759/1522 1721/754/1516
f 1738/832/1688 1721/754/1516 1708/768/1533
f 1764/753/1513 1722/754/1515 1760/781/1560
f 1737/832/1689 1722/754/1515 1712/759/1565
f 1766/753/1687 1721/754/1516 1752/755/1518
f 1737/832/1689 1711/768/1558 1722/754/1515
f 1749/833/1690 1939/836/1691 1923/835/1692
f 1749/833/1690 1923/835/1692 1741/834/1693
f 1787/837/1694 1934/840/1695 1972/839/1696
f 1787/837/1694 1972/839/1696 1775/838/1697
f 1644/756/1566 1762/755/1514 1740/841/1698
f 1644/756/1566 1740/841/1698 1581/742/1492
f 1590/770/1556 1746/842/1699 1760/781/1560
f 1590/770/1556 1760/781/1560 1643/771/1559
f 1751/843/1700 1943/846/1701 1965/845/1702
f 1751/843/1700 1965/845/1702 1765/844/1702
f 1642/777/1543 1758/776/1542 1746/842/1699
f 1642/777/1543 1746/842/1699 1590/770/1556
f 1587/770/1535 1744/842/1703 1756/776/1545
f 1587/770/1535 1756/776/1545 1641/777/1544
f 1781/838/1704 1922/839/1705 1938/840/1706
f 1781/838/1704 1938/840/1706 1789/837/1707
f 1640/771/1534 1754/781/1686 1744/842/1703
f 1640/771/1534 1744/842/1703 1587/770/1535
f 1584/742/1507 1742/841/1708 1752/755/1518
f 1584/742/1507 1752/755/1518 1639/756/1517
f 1741/834/1693 1923/835/1692 1943/846/1701
f 1741/834/1693 1943/846/1701 1751/843/1700
f 1638/735/1484 1750/734/1483 1742/841/1708
f 1638/735/1484 1742/841/1708 1584/742/1507
f 1581/742/1492 1740/841/1698 1748/734/1486
f 1581/742/1492 1748/734/1486 1637/735/1485
f 1791/847/1709 1942/848/1710 1922/839/1705
f 1791/847/1709 1922/839/1705 1781/838/1704
f 1861/773/1678 1804/772/1677 1807/828/1711
f 1861/773/1678 1807/828/1711 1823/827/1712
f 1770/824/1672 1684/749/1713 1696/750/1714
f 1770/824/1672 1696/750/1714 1806/822/1664
f 1804/772/1677 1700/739/1685 1736/758/1715
f 1804/772/1677 1736/758/1715 1807/828/1711
f 1813/825/1716 1772/824/1717 1768/829/1674
f 1813/825/1716 1768/829/1674 1845/826/1673
f 1772/824/1717 1682/749/1718 1692/751/1719
f 1772/824/1717 1692/751/1719 1768/829/1674
f 1806/822/1664 1696/750/1714 1694/750/1720
f 1806/822/1664 1694/750/1720 1805/822/1665
f 1773/775/1539 1680/738/1721 1688/762/1722
f 1773/775/1539 1688/762/1722 1769/823/1682
f 1768/829/1674 1692/751/1719 1734/758/1723
f 1768/829/1674 1734/758/1723 1767/828/1675
f 1734/758/1723 1690/739/1724 1802/772/1538
f 1734/758/1723 1802/772/1538 1767/828/1675
f 1807/828/1711 1771/829/1725 1859/826/1726
f 1807/828/1711 1859/826/1726 1823/827/1712
f 1984/744/1502 1788/849/1727 1786/849/1497
f 1984/744/1502 1786/849/1497 1983/744/1497
f 1979/850/1728 1778/852/1728 1790/851/1729
f 1979/850/1728 1790/851/1729 1985/760/1524
f 1988/779/1551 1796/853/1730 1794/853/1550
f 1988/779/1551 1794/853/1550 1987/779/1550
f 1978/850/1731 1776/852/1731 1798/854/1732
f 1978/850/1731 1798/854/1732 1989/764/1562
f 1990/760/1563 1800/851/1733 1776/852/1731
f 1990/760/1563 1776/852/1731 1978/850/1731
f 1986/764/1529 1792/854/1734 1778/852/1728
f 1986/764/1529 1778/852/1728 1979/850/1728
f 1753/855/1735 1947/858/1736 1927/857/1737
f 1753/855/1735 1927/857/1737 1743/856/1738
f 1783/859/1739 1926/862/1740 1946/861/1741
f 1783/859/1739 1946/861/1741 1793/860/1742
f 1755/863/1743 1951/864/1744 1955/864/1745
f 1755/863/1743 1955/864/1745 1757/863/1746
f 1795/865/1747 1950/866/1748 1926/862/1740
f 1795/865/1747 1926/862/1740 1783/859/1739
f 1743/856/1738 1927/857/1737 1951/864/1744
f 1743/856/1738 1951/864/1744 1755/863/1743
f 1785/859/1749 1930/862/1750 1954/866/1751
f 1785/859/1749 1954/866/1751 1797/865/1752
f 1757/863/1746 1955/864/1745 1931/857/1753
f 1757/863/1746 1931/857/1753 1745/856/1754
f 1799/860/1755 1958/861/1756 1930/862/1750
f 1799/860/1755 1930/862/1750 1785/859/1749
f 1767/828/1675 1802/772/1538 1843/773/1541
f 1767/828/1675 1843/773/1541 1825/827/1676
f 1891/867/1757 1703/769/1536 1709/778/1548
f 1891/867/1757 1709/778/1548 1887/830/1680
f 1903/868/1758 1707/759/1522 1738/832/1688
f 1903/868/1758 1738/832/1688 1899/869/1759
f 1895/870/1760 1708/768/1533 1703/769/1536
f 1895/870/1760 1703/769/1536 1891/867/1757
f 1911/871/1761 1706/741/1506 1702/740/1508
f 1911/871/1761 1702/740/1508 1907/872/1762
f 1805/822/1665 1772/824/1717 1813/825/1716
f 1805/822/1665 1813/825/1716 1849/821/1666
f 1690/739/1724 1680/738/1721 1773/775/1539
f 1690/739/1724 1773/775/1539 1802/772/1538
f 1917/872/1763 1701/740/1491 1705/741/1493
f 1917/872/1763 1705/741/1493 1915/871/1764
f 1694/750/1720 1682/749/1718 1772/824/1717
f 1694/750/1720 1772/824/1717 1805/822/1665
f 1915/871/1764 1705/741/1493 1706/741/1506
f 1915/871/1764 1706/741/1506 1911/871/1761
f 1771/829/1725 1770/824/1672 1817/825/1671
f 1771/829/1725 1817/825/1671 1859/826/1726
f 1736/758/1715 1698/751/1765 1771/829/1725
f 1736/758/1715 1771/829/1725 1807/828/1711
f 1698/751/1765 1684/749/1713 1770/824/1672
f 1698/751/1765 1770/824/1672 1771/829/1725
f 1769/823/1682 1688/762/1722 1686/762/1668
f 1769/823/1682 1686/762/1668 1803/823/1667
f 1857/873/1766 1873/876/1767 1869/875/1768
f 1857/873/1766 1869/875/1768 1821/874/1769
f 1867/868/1770 1712/759/1565 1701/740/1491
f 1867/868/1770 1701/740/1491 1917/872/1763
f 1883/830/1681 1710/778/1555 1704/769/1557
f 1883/830/1681 1704/769/1557 1879/867/1771
f 1834/877/1772 1840/877/1773 1838/878/1774
f 1834/877/1772 1838/878/1774 1836/878/1775
f 1907/872/1762 1702/740/1508 1707/759/1522
f 1907/872/1762 1707/759/1522 1903/868/1758
f 1875/870/1776 1711/768/1558 1737/832/1689
f 1875/870/1776 1737/832/1689 1871/869/1777
f 1864/879/1778 1862/882/1779 1824/881/1780
f 1864/879/1778 1824/881/1780 1822/880/1781
f 1844/882/1782 1842/879/1783 1828/880/1784
f 1844/882/1782 1828/880/1784 1826/881/1785
f 1834/877/1772 1836/878/1775 1832/884/1786
f 1834/877/1772 1832/884/1786 1830/883/1787
f 1812/883/1788 1810/884/1789 1838/878/1774
f 1812/883/1788 1838/878/1774 1840/877/1773
f 1848/885/1790 1846/886/1791 1826/881/1785
f 1848/885/1790 1826/881/1785 1828/880/1784
f 1842/879/1783 1844/882/1782 1810/884/1789
f 1842/879/1783 1810/884/1789 1812/883/1788
f 1816/887/1792 1814/888/1793 1846/886/1791
f 1816/887/1792 1846/886/1791 1848/885/1790
f 1852/889/1794 1850/890/1795 1814/888/1793
f 1852/889/1794 1814/888/1793 1816/887/1792
f 1820/887/1796 1818/888/1797 1856/890/1798
f 1820/887/1796 1856/890/1798 1854/889/1799
f 1860/886/1800 1858/885/1801 1822/880/1781
f 1860/886/1800 1822/880/1781 1824/881/1780
f 1858/885/1801 1860/886/1800 1818/888/1797
f 1858/885/1801 1818/888/1797 1820/887/1796
f 1830/883/1787 1832/884/1786 1862/882/1779
f 1830/883/1787 1862/882/1779 1864/879/1778
f 1850/890/1795 1852/889/1794 1854/889/1799
f 1850/890/1795 1854/889/1799 1856/890/1798
f 1853/891/1802 1881/894/1803 1877/893/1804
f 1853/891/1802 1877/893/1804 1819/892/1805
f 1829/895/1806 1919/898/1807 1913/897/1808
f 1829/895/1806 1913/897/1808 1833/896/1809
f 1833/896/1809 1913/897/1808 1909/897/1810
f 1833/896/1809 1909/897/1810 1839/896/1811
f 1839/896/1811 1909/897/1810 1905/898/1812
f 1839/896/1811 1905/898/1812 1811/895/1813
f 1811/895/1813 1905/898/1812 1901/900/1814
f 1811/895/1813 1901/900/1814 1841/899/1815
f 1841/899/1815 1901/900/1814 1897/875/1816
f 1841/899/1815 1897/875/1816 1827/874/1817
f 1827/874/1817 1897/875/1816 1893/876/1818
f 1827/874/1817 1893/876/1818 1847/873/1819
f 1899/869/1759 1738/832/1688 1708/768/1533
f 1899/869/1759 1708/768/1533 1895/870/1760
f 1847/873/1819 1893/876/1818 1889/893/1820
f 1847/873/1819 1889/893/1820 1815/892/1821
f 1815/892/1821 1889/893/1820 1885/894/1822
f 1815/892/1821 1885/894/1822 1851/891/1823
f 1851/891/1823 1885/894/1822 1881/894/1803
f 1851/891/1823 1881/894/1803 1853/891/1802
f 1819/892/1805 1877/893/1804 1873/876/1767
f 1819/892/1805 1873/876/1767 1857/873/1766
f 1879/867/1771 1704/769/1557 1711/768/1558
f 1879/867/1771 1711/768/1558 1875/870/1776
f 1863/899/1824 1865/900/1825 1919/898/1807
f 1863/899/1824 1919/898/1807 1829/895/1806
f 1871/869/1777 1737/832/1689 1712/759/1565
f 1871/869/1777 1712/759/1565 1867/868/1770
f 1687/762/1525 1620/763/1528 1622/763/1662
f 1687/762/1525 1622/763/1662 1685/762/1661
f 1803/823/1667 1808/775/1670 1831/774/1679
f 1803/823/1667 1831/774/1679 1835/831/1684
f 1916/901/1826 1914/904/1827 1920/903/1828
f 1916/901/1826 1920/903/1828 1918/902/1829
f 1912/901/1830 1910/904/1831 1914/904/1827
f 1912/901/1830 1914/904/1827 1916/901/1826
f 1908/902/1832 1906/903/1833 1910/904/1831
f 1908/902/1832 1910/904/1831 1912/901/1830
f 1904/905/1834 1902/906/1835 1906/903/1833
f 1904/905/1834 1906/903/1833 1908/902/1832
f 1900/907/1836 1898/908/1837 1902/906/1835
f 1900/907/1836 1902/906/1835 1904/905/1834
f 1896/909/1838 1894/910/1839 1898/908/1837
f 1896/909/1838 1898/908/1837 1900/907/1836
f 1892/911/1840 1890/912/1841 1894/910/1839
f 1892/911/1840 1894/910/1839 1896/909/1838
f 1888/913/1842 1886/914/1843 1890/912/1841
f 1888/913/1842 1890/912/1841 1892/911/1840
f 1884/913/1844 1882/914/1845 1886/914/1843
f 1884/913/1844 1886/914/1843 1888/913/1842
f 1880/911/1846 1878/912/1847 1882/914/1845
f 1880/911/1846 1882/914/1845 1884/913/1844
f 1876/909/1848 1874/910/1849 1878/912/1847
f 1876/909/1848 1878/912/1847 1880/911/1846
f 1872/907/1850 1870/908/1851 1874/910/1849
f 1872/907/1850 1874/910/1849 1876/909/1848
f 1868/905/1852 1866/906/1853 1870/908/1851
f 1868/905/1852 1870/908/1851 1872/907/1850
f 1918/902/1829 1920/903/1828 1866/906/1853
f 1918/902/1829 1866/906/1853 1868/905/1852
f 1821/874/1769 1869/875/1768 1865/900/1825
f 1821/874/1769 1865/900/1825 1863/899/1824
f 1997/915/1854 1948/918/1855 1966/917/1856
f 1997/915/1854 1966/917/1856 2004/916/1857
f 2001/919/1858 1964/920/1859 1968/917/1860
f 2001/919/1858 1968/917/1860 2003/916/1861
f 2003/916/1861 1968/917/1860 1960/918/1862
f 2003/916/1861 1960/918/1862 2000/915/1863
f 1999/921/1864 1956/922/1865 1952/922/1866
f 1999/921/1864 1952/922/1866 1998/921/1867
f 2004/916/1857 1966/917/1856 1944/920/1868
f 2004/916/1857 1944/920/1868 1996/919/1869
f 1995/923/1870 1940/924/1871 1936/924/1872
f 1995/923/1870 1936/924/1872 1994/923/1873
f 2001/919/1858 1961/927/1874 1971/926/1875
f 2001/919/1858 1971/926/1875 2002/925/1876
f 1993/928/1877 1929/930/1878 1957/929/1879
f 1993/928/1877 1957/929/1879 2000/915/1863
f 1999/921/1864 1953/931/1880 1929/930/1878
f 1999/921/1864 1929/930/1878 1993/928/1877
f 1992/928/1881 1925/930/1882 1949/931/1883
f 1992/928/1881 1949/931/1883 1998/921/1867
f 1997/915/1854 1945/929/1884 1925/930/1882
f 1997/915/1854 1925/930/1882 1992/928/1881
f 1991/925/1885 1921/926/1886 1941/927/1887
f 1991/925/1885 1941/927/1887 1996/919/1869
f 1995/923/1870 1937/932/1888 1921/926/1886
f 1995/923/1870 1921/926/1886 1991/925/1885
f 2002/925/1876 1971/926/1875 1933/932/1889
f 2002/925/1876 1933/932/1889 1994/923/1873
f 1789/837/1707 1938/840/1706 1934/840/1695
f 1789/837/1707 1934/840/1695 1787/837/1694
f 1739/834/1890 1969/835/1891 1935/836/1892
f 1739/834/1890 1935/836/1892 1747/833/1893
f 1779/933/1894 1976/934/1894 1942/848/1710
f 1779/933/1894 1942/848/1710 1791/847/1709
f 1747/833/1893 1935/836/1892 1939/836/1691
f 1747/833/1893 1939/836/1691 1749/833/1690
f 1797/865/1752 1954/866/1751 1950/866/1748
f 1797/865/1752 1950/866/1748 1795/865/1747
f 1765/844/1702 1965/845/1702 1947/858/1736
f 1765/844/1702 1947/858/1736 1753/855/1735
f 1777/933/1895 1974/934/1895 1958/861/1756
f 1777/933/1895 1958/861/1756 1799/860/1755
f 1763/844/1896 1967/845/1897 1963/846/1898
f 1763/844/1896 1963/846/1898 1761/843/1899
f 1801/847/1900 1962/848/1901 1974/934/1895
f 1801/847/1900 1974/934/1895 1777/933/1895
f 1761/843/1899 1963/846/1898 1969/835/1891
f 1761/843/1899 1969/835/1891 1739/834/1890
f 1793/860/1742 1946/861/1741 1976/934/1894
f 1793/860/1742 1976/934/1894 1779/933/1894
f 1745/856/1754 1931/857/1753 1959/858/1902
f 1745/856/1754 1959/858/1902 1759/855/1903
f 1775/838/1697 1972/839/1696 1962/848/1901
f 1775/838/1697 1962/848/1901 1801/847/1900
f 1759/855/1903 1959/858/1902 1967/845/1897
f 1759/855/1903 1967/845/1897 1763/844/1896
f 1585/767/1530 1986/764/1529 1979/850/1728
f 1585/767/1530 1979/850/1728 1713/809/1640
f 1591/761/1564 1990/760/1563 1978/850/1731
f 1591/761/1564 1978/850/1731 1714/809/1617
f 1714/809/1617 1978/850/1731 1989/764/1562
f 1714/809/1617 1989/764/1562 1592/767/1561
f 1588/780/1552 1988/779/1551 1987/779/1550
f 1588/780/1552 1987/779/1550 1589/780/1549
f 1713/809/1640 1979/850/1728 1985/760/1524
f 1713/809/1640 1985/760/1524 1586/761/1523
f 1582/745/1503 1984/744/1502 1983/744/1497
f 1582/745/1503 1983/744/1497 1583/745/1496
f 1800/851/1733 1990/760/1563 1977/743/1494
f 1800/851/1733 1977/743/1494 1774/935/1904
f 1784/936/1905 1982/765/1554 1989/764/1562
f 1784/936/1905 1989/764/1562 1798/854/1732
f 1796/853/1730 1988/779/1551 1982/765/1554
f 1796/853/1730 1982/765/1554 1784/936/1905
f 1782/936/1906 1981/765/1532 1987/779/1550
f 1782/936/1906 1987/779/1550 1794/853/1550
f 1792/854/1734 1986/764/1529 1981/765/1532
f 1792/854/1734 1981/765/1532 1782/936/1906
f 1780/935/1907 1980/743/1505 1985/760/1524
f 1780/935/1907 1985/760/1524 1790/851/1729
f 1788/849/1727 1984/744/1502 1980/743/1505
f 1788/849/1727 1980/743/1505 1780/935/1907
f 1774/935/1904 1977/743/1494 1983/744/1497
f 1774/935/1904 1983/744/1497 1786/849/1497
f 1970/937/1908 2002/925/1876 1994/923/1873
f 1970/937/1908 1994/923/1873 1936/924/1872
f 1940/924/1871 1995/923/1870 1991/925/1885
f 1940/924/1871 1991/925/1885 1924/937/1909
f 1924/937/1909 1991/925/1885 1996/919/1869
f 1924/937/1909 1996/919/1869 1944/920/1868
f 1948/918/1855 1997/915/1854 1992/928/1881
f 1948/918/1855 1992/928/1881 1928/938/1910
f 1928/938/1910 1992/928/1881 1998/921/1867
f 1928/938/1910 1998/921/1867 1952/922/1866
f 1956/922/1865 1999/921/1864 1993/928/1877
f 1956/922/1865 1993/928/1877 1932/938/1911
f 1932/938/1911 1993/928/1877 2000/915/1863
f 1932/938/1911 2000/915/1863 1960/918/1862
f 1964/920/1859 2001/919/1858 2002/925/1876
f 1964/920/1859 2002/925/1876 1970/937/1908
f 1937/932/1888 1995/923/1870 1994/923/1873
f 1937/932/1888 1994/923/1873 1933/932/1889
f 1975/939/1912 2004/916/1857 1996/919/1869
f 1975/939/1912 1996/919/1869 1941/927/1887
f 1953/931/1880 1999/921/1864 1998/921/1867
f 1953/931/1880 1998/921/1867 1949/931/1883
f 1973/939/1913 2003/916/1861 2000/915/1863
f 1973/939/1913 2000/915/1863 1957/929/1879
f 1961/927/1874 2001/919/1858 2003/916/1861
f 1961/927/1874 2003/916/1861 1973/939/1913
f 1945/929/1884 1997/915/1854 2004/916/1857
f 1945/929/1884 2004/916/1857 1975/939/1912
f 2026/940/1914 2033/941/1915 2023/942/1916
f 2026/940/1914 2023/942/1916 2022/943/1917
f 2033/941/1915 2037/944/1918 2041/945/1919
f 2047/946/1920 2040/947/1921 2035/948/1922
f 2047/946/1920 2035/948/1922 2046/949/1923
f 2046/949/1923 2035/948/1922 2034/950/1924
f 2046/949/1923 2034/950/1924 2045/951/1925
f 2032/952/1926 2024/953/1927 2041/945/1919
f 2032/952/1926 2041/945/1919 2021/954/1928
f 2021/954/1928 2041/945/1919 2040/947/1921
f 2021/954/1928 2040/947/1921 2047/946/1920
f 2050/955/1929 2018/956/1930 2024/953/1927
f 2016/957/1931 2023/942/1916 2024/953/1927
f 2022/943/1917 2006/958/1932 2020/959/1933
f 2050/955/1929 2024/953/1927 2032/952/1926
f 2006/958/1932 2022/943/1917 2023/942/1916
f 2022/943/1917 2020/959/1933 2025/960/1934
f 2022/943/1917 2025/960/1934 2026/940/1914
f 2026/940/1914 2025/960/1934 2027/961/1935
f 2026/940/1914 2027/961/1935 2036/962/1936
f 2036/962/1936 2027/961/1935 2028/963/1937
f 2036/962/1936 2028/963/1937 2038/964/1938
f 2038/964/1938 2028/963/1937 2029/965/1939
f 2038/964/1938 2029/965/1939 2039/966/1940
f 2039/966/1940 2029/965/1939 2030/967/1941
f 2039/966/1940 2030/967/1941 2031/968/1942
f 2026/940/1914 2036/962/1936 2037/944/1918
f 2056/969/1943 2008/970/1944 2053/971/1945
f 2023/942/1916 2033/941/1915 2024/953/1927
f 2044/972/1946 2043/973/1947 2040/947/1921
f 2043/973/1947 2039/966/1940 2057/974/1948
f 2036/962/1936 2038/964/1938 2044/972/1946
f 2043/973/1947 2035/948/1922 2040/947/1921
f 2060/975/1949 2034/950/1924 2035/948/1922
f 2038/964/1938 2043/973/1947 2044/972/1946
f 2043/973/1947 2038/964/1938 2039/966/1940
f 2037/944/1918 2044/972/1946 2040/947/1921
f 2059/976/1950 2042/977/1951 2058/978/1952
f 2041/945/1919 2037/944/1918 2040/947/1921
f 2043/973/1947 2060/975/1949 2035/948/1922
f 2037/944/1918 2036/962/1936 2044/972/1946
f 2051/979/1953 2032/952/1926 2021/954/1928
f 2052/980/1954 2046/949/1923 2045/951/1925
f 2046/949/1923 2052/980/1954 2047/946/1920
f 2047/946/1920 2051/979/1953 2021/954/1928
f 2052/980/1954 2051/979/1953 2047/946/1920
f 2025/960/1934 2020/959/1933 2014/981/1955
f 2013/982/1956 2027/961/1935 2025/960/1934
f 2013/982/1956 2011/983/1957 2027/961/1935
f 2028/963/1937 2011/983/1957 2053/971/1945
f 2028/963/1937 2053/971/1945 2029/965/1939
f 2029/965/1939 2053/971/1945 2054/967/1958
f 2029/965/1939 2054/967/1958 2030/967/1941
f 2053/971/1945 2008/970/1944 2054/967/1958
f 2011/983/1957 2028/963/1937 2027/961/1935
f 2016/957/1931 2006/958/1932 2023/942/1916
f 2024/953/1927 2033/941/1915 2041/945/1919
f 2018/956/1930 2016/957/1931 2024/953/1927
f 2011/983/1957 2056/969/1943 2053/971/1945
f 2105/975/1959 2034/950/1924 2060/975/1949
f 2039/966/1940 2031/968/1942 2057/974/1948
f 2033/941/1915 2026/940/1914 2037/944/1918
f 2031/968/1942 2104/974/1960 2057/974/1948
f 2079/940/1961 2075/943/1962 2076/942/1963
f 2079/940/1961 2076/942/1963 2084/941/1964
f 2084/941/1964 2091/945/1965 2087/944/1966
f 2096/946/1967 2095/949/1968 2085/948/1969
f 2096/946/1967 2085/948/1969 2090/947/1970
f 2095/949/1968 2045/951/1925 2034/950/1924
f 2095/949/1968 2034/950/1924 2085/948/1969
f 2083/952/1971 2074/954/1972 2091/945/1965
f 2083/952/1971 2091/945/1965 2077/953/1973
f 2074/954/1972 2096/946/1967 2090/947/1970
f 2074/954/1972 2090/947/1970 2091/945/1965
f 2097/955/1974 2077/953/1973 2070/956/1975
f 2068/957/1976 2077/953/1973 2076/942/1963
f 2075/943/1962 2072/959/1977 2061/958/1978
f 2097/955/1974 2083/952/1971 2077/953/1973
f 2061/958/1978 2076/942/1963 2075/943/1962
f 2075/943/1962 2079/940/1961 2078/960/1979
f 2075/943/1962 2078/960/1979 2072/959/1977
f 2079/940/1961 2086/962/1980 2080/961/1981
f 2079/940/1961 2080/961/1981 2078/960/1979
f 2086/962/1980 2088/964/1982 2081/963/1983
f 2086/962/1980 2081/963/1983 2080/961/1981
f 2088/964/1982 2089/966/1984 2082/965/1985
f 2088/964/1982 2082/965/1985 2081/963/1983
f 2089/966/1984 2031/968/1942 2030/967/1941
f 2089/966/1984 2030/967/1941 2082/965/1985
f 2079/940/1961 2087/944/1966 2086/962/1980
f 2101/969/1986 2100/971/1987 2008/970/1944
f 2076/942/1963 2077/953/1973 2084/941/1964
f 2094/972/1988 2090/947/1970 2092/973/1989
f 2092/973/1989 2104/974/1960 2089/966/1984
f 2086/962/1980 2094/972/1988 2088/964/1982
f 2092/973/1989 2090/947/1970 2085/948/1969
f 2105/975/1959 2085/948/1969 2034/950/1924
f 2088/964/1982 2094/972/1988 2092/973/1989
f 2092/973/1989 2089/966/1984 2088/964/1982
f 2087/944/1966 2090/947/1970 2094/972/1988
f 2106/976/1990 2103/978/1991 2093/977/1992
f 2091/945/1965 2090/947/1970 2087/944/1966
f 2092/973/1989 2085/948/1969 2105/975/1959
f 2087/944/1966 2094/972/1988 2086/962/1980
f 2099/979/1993 2074/954/1972 2083/952/1971
f 2052/980/1954 2045/951/1925 2095/949/1968
f 2095/949/1968 2096/946/1967 2052/980/1954
f 2096/946/1967 2074/954/1972 2099/979/1993
f 2052/980/1954 2096/946/1967 2099/979/1993
f 2078/960/1979 2066/981/1994 2072/959/1977
f 2065/982/1995 2078/960/1979 2080/961/1981
f 2065/982/1995 2080/961/1981 2063/983/1996
f 2081/963/1983 2082/965/1985 2100/971/1987
f 2081/963/1983 2100/971/1987 2063/983/1996
f 2082/965/1985 2030/967/1941 2054/967/1958
f 2082/965/1985 2054/967/1958 2100/971/1987
f 2100/971/1987 2054/967/1958 2008/970/1944
f 2063/983/1996 2080/961/1981 2081/963/1983
f 2068/957/1976 2076/942/1963 2061/958/1978
f 2077/953/1973 2091/945/1965 2084/941/1964
f 2070/956/1975 2077/953/1973 2068/957/1976
f 2063/983/1996 2100/971/1987 2101/969/1986
f 2089/966/1984 2104/974/1960 2031/968/1942
f 2084/941/1964 2087/944/1966 2079/940/1961
f 2106/976/1990 2059/976/1950 2058/978/1952
f 2106/976/1990 2058/978/1952 2103/978/1991
f 2120/984/1997 2365/985/1998 2371/986/1999
f 2120/984/1997 2371/986/1999 2170/987/2000
f 2255/988/2001 2220/989/2002 2212/990/2003
f 2255/988/2001 2212/990/2003 2254/991/2004
f 2308/992/2005 2299/993/2006 2112/994/2007
f 2368/995/2008 2366/996/2009 2121/997/2010
f 2368/995/2008 2121/997/2010 2157/998/2011
f 2116/999/2012 2113/1000/2013 2291/1001/2014
f 2118/1002/2015 2123/1003/2016 2124/1004/2017
f 2118/1002/2015 2124/1004/2017 2119/1005/2018
f 2116/999/2012 2111/1006/2019 2119/1005/2018
f 2010/1007/2020 2376/1008/2021 2372/1009/2022
f 2155/1010/2023 2368/995/2008 2156/1011/2024
f 2130/1012/2025 2131/1013/2026 2124/1004/2017
f 2117/1014/2027 2122/1015/2028 2153/1016/2029
f 2117/1014/2027 2153/1016/2029 2152/1017/2030
f 2119/1005/2018 2124/1004/2017 2125/1018/2031
f 2119/1005/2018 2125/1018/2031 2116/999/2012
f 2116/999/2012 2125/1018/2031 2126/1019/2032
f 2120/984/1997 2170/987/2000 2172/1020/2033
f 2120/984/1997 2172/1020/2033 2127/1021/2034
f 2130/1012/2025 2137/1022/2035 2138/1023/2036
f 2121/997/2010 2128/1024/2037 2158/1025/2038
f 2121/997/2010 2158/1025/2038 2157/998/2011
f 2122/1015/2028 2129/1026/2039 2154/1027/2040
f 2122/1015/2028 2154/1027/2040 2153/1016/2029
f 2124/1004/2017 2131/1013/2026 2132/1028/2041
f 2124/1004/2017 2132/1028/2041 2125/1018/2031
f 2125/1018/2031 2132/1028/2041 2133/1029/2042
f 2127/1021/2034 2172/1020/2033 2174/1030/2043
f 2127/1021/2034 2174/1030/2043 2134/1031/2044
f 2128/1024/2037 2135/1032/2045 2159/1033/2046
f 2128/1024/2037 2159/1033/2046 2158/1025/2038
f 2138/1023/2036 2137/1022/2035 2144/1034/2047
f 2129/1026/2039 2158/1025/2038 2159/1033/2046
f 2129/1026/2039 2159/1033/2046 2136/1035/2048
f 2129/1026/2039 2136/1035/2048 2154/1027/2040
f 2132/1028/2041 2139/1036/2049 2140/1037/2050
f 2132/1028/2041 2140/1037/2050 2133/1029/2042
f 2159/1033/2046 2135/1032/2045 2142/1038/2051
f 2159/1033/2046 2142/1038/2051 2160/1039/2052
f 2252/1040/2053 2251/1041/2054 2241/1042/2055
f 2252/1040/2053 2241/1042/2055 2242/1043/2056
f 2136/1035/2048 2143/1044/2057 2144/1034/2047
f 2136/1035/2048 2144/1034/2047 2137/1022/2035
f 2148/1045/2058 2138/1023/2036 2144/1034/2047
f 2162/1046/2059 2163/1047/2060 2144/1034/2047
f 2162/1046/2059 2144/1034/2047 2143/1044/2057
f 2213/1048/2061 2190/1049/2062 2199/1050/2063
f 2166/1051/2064 2161/1052/2065 2147/1053/2066
f 2166/1051/2064 2147/1053/2066 2162/1046/2059
f 2214/1054/2067 2222/1055/2068 2221/1056/2069
f 2195/1057/2070 2196/1058/2071 2150/1059/2072
f 2195/1057/2070 2150/1059/2072 2149/1060/2073
f 2114/1061/2074 2191/1062/2075 2194/1063/2076
f 2148/1045/2058 2194/1063/2076 2195/1057/2070
f 2148/1045/2058 2195/1057/2070 2149/1060/2073
f 2186/1064/2077 2108/1065/2078 2155/1010/2023
f 2188/1066/2079 2109/1067/2080 2151/1068/2081
f 2188/1066/2079 2151/1068/2081 2201/1069/2082
f 2131/1013/2026 2138/1023/2036 2139/1036/2049
f 2131/1013/2026 2139/1036/2049 2132/1028/2041
f 2188/1066/2079 2203/1070/2083 2155/1010/2023
f 2188/1066/2079 2155/1010/2023 2109/1067/2080
f 2146/1071/2084 2192/1072/2085 2204/1062/2086
f 2146/1071/2084 2204/1062/2086 2161/1052/2065
f 2146/1071/2084 2161/1052/2065 2166/1051/2064
f 2136/1035/2048 2159/1033/2046 2160/1039/2052
f 2136/1035/2048 2160/1039/2052 2143/1044/2057
f 2136/1035/2048 2137/1022/2035 2130/1012/2025
f 2136/1035/2048 2130/1012/2025 2154/1027/2040
f 2123/1003/2016 2153/1016/2029 2154/1027/2040
f 2123/1003/2016 2154/1027/2040 2130/1012/2025
f 2153/1016/2029 2123/1003/2016 2118/1002/2015
f 2153/1016/2029 2118/1002/2015 2152/1017/2030
f 2213/1048/2061 2221/1056/2069 2255/988/2001
f 2213/1048/2061 2255/988/2001 2254/991/2004
f 2201/1069/2082 2151/1068/2081 2110/1073/2087
f 2201/1069/2082 2110/1073/2087 2189/1074/2062
f 2142/1038/2051 2165/1075/2088 2166/1051/2064
f 2142/1038/2051 2166/1051/2064 2160/1039/2052
f 2139/1036/2049 2149/1060/2073 2150/1059/2072
f 2139/1036/2049 2150/1059/2072 2140/1037/2050
f 2160/1039/2052 2166/1051/2064 2162/1046/2059
f 2160/1039/2052 2162/1046/2059 2143/1044/2057
f 2147/1053/2066 2114/1061/2074 2163/1047/2060
f 2147/1053/2066 2163/1047/2060 2162/1046/2059
f 2169/1076/2089 2019/1077/2090 2005/1078/2091
f 2169/1076/2089 2005/1078/2091 2171/1079/2092
f 2212/990/2003 2220/989/2002 2259/1080/2093
f 2212/990/2003 2259/1080/2093 2258/1081/2094
f 2173/1082/2095 2015/1083/2096 2017/1084/2097
f 2173/1082/2095 2017/1084/2097 2175/1085/2098
f 2164/1086/2099 2141/1087/2100 2176/1088/2101
f 2164/1086/2099 2176/1088/2101 2180/1089/2102
f 2171/1079/2092 2005/1078/2091 2015/1083/2096
f 2171/1079/2092 2015/1083/2096 2173/1082/2095
f 2193/1090/2103 2145/1091/2104 2178/1092/2105
f 2193/1090/2103 2178/1092/2105 2208/1093/2103
f 2141/1087/2100 2134/1031/2044 2174/1030/2043
f 2141/1087/2100 2174/1030/2043 2176/1088/2101
f 2145/1091/2104 2164/1086/2099 2180/1089/2102
f 2145/1091/2104 2180/1089/2102 2178/1092/2105
f 2107/1094/2106 2184/1095/2107 2206/1096/2108
f 2107/1094/2106 2206/1096/2108 2168/1097/2109
f 2271/1098/2110 2064/1099/2111 2102/1100/2112
f 2049/1101/2113 2048/1102/2114 2209/1103/2114
f 2209/1103/2114 2177/1104/2115 2181/1105/2116
f 2181/1105/2116 2049/1101/2113 2209/1103/2114
f 2012/1106/2117 2019/1077/2090 2169/1076/2089
f 2122/1015/2028 2157/998/2011 2158/1025/2038
f 2122/1015/2028 2158/1025/2038 2129/1026/2039
f 2285/1107/2118 2071/1108/2119 2281/1109/2120
f 2177/1104/2115 2179/1110/2121 2181/1105/2116
f 2117/1014/2027 2156/1011/2024 2157/998/2011
f 2117/1014/2027 2157/998/2011 2122/1015/2028
f 2259/1080/2093 2218/1111/2122 2210/1112/2123
f 2259/1080/2093 2210/1112/2123 2258/1081/2094
f 2109/1067/2080 2117/1014/2027 2152/1017/2030
f 2109/1067/2080 2152/1017/2030 2151/1068/2081
f 2304/1113/2124 2302/1114/2125 2313/1115/2126
f 2270/1116/2127 2211/1117/2128 2219/1118/2129
f 2270/1116/2127 2219/1118/2129 2272/1119/2130
f 2291/1001/2014 2113/1000/2013 2216/1120/2131
f 2221/1056/2069 2222/1055/2068 2227/1121/2132
f 2221/1056/2069 2227/1121/2132 2226/1122/2133
f 2303/1123/2134 2305/1124/2135 2311/1125/2136
f 2216/1120/2131 2222/1055/2068 2214/1054/2067
f 2224/1126/2137 2274/1127/2138 2272/1119/2130
f 2224/1126/2137 2272/1119/2130 2219/1118/2129
f 2218/1111/2122 2259/1080/2093 2260/1128/2139
f 2218/1111/2122 2260/1128/2139 2223/1129/2140
f 2227/1121/2132 2234/1130/2141 2233/1131/2142
f 2220/989/2002 2255/988/2001 2256/1132/2143
f 2220/989/2002 2256/1132/2143 2225/1133/2144
f 2222/1055/2068 2216/1120/2131 2228/1134/2145
f 2222/1055/2068 2228/1134/2145 2227/1121/2132
f 2216/1120/2131 2113/1000/2013 2229/1135/2146
f 2224/1126/2137 2231/1136/2147 2276/1137/2148
f 2224/1126/2137 2276/1137/2148 2274/1127/2138
f 2233/1131/2142 2234/1130/2141 2241/1042/2055
f 2223/1129/2140 2260/1128/2139 2261/1138/2149
f 2223/1129/2140 2261/1138/2149 2230/1139/2150
f 2225/1133/2144 2256/1132/2143 2257/1140/2151
f 2225/1133/2144 2257/1140/2151 2232/1141/2152
f 2227/1121/2132 2228/1134/2145 2235/1142/2153
f 2227/1121/2132 2235/1142/2153 2234/1130/2141
f 2228/1134/2145 2229/1135/2146 2236/1143/2154
f 2231/1136/2147 2238/1144/2155 2278/1145/2156
f 2231/1136/2147 2278/1145/2156 2276/1137/2148
f 2230/1139/2150 2261/1138/2149 2262/1146/2157
f 2230/1139/2150 2262/1146/2157 2237/1147/2158
f 2241/1042/2055 2247/1148/2159 2240/1149/2160
f 2232/1141/2152 2239/1150/2161 2262/1146/2157
f 2232/1141/2152 2262/1146/2157 2261/1138/2149
f 2232/1141/2152 2257/1140/2151 2239/1150/2161
f 2235/1142/2153 2236/1143/2154 2243/1151/2162
f 2235/1142/2153 2243/1151/2162 2242/1043/2056
f 2262/1146/2157 2263/1152/2163 2244/1153/2164
f 2262/1146/2157 2244/1153/2164 2237/1147/2158
f 2239/1150/2161 2240/1149/2160 2247/1148/2159
f 2239/1150/2161 2247/1148/2159 2246/1154/2165
f 2247/1148/2159 2241/1042/2055 2251/1041/2054
f 2265/1155/2166 2246/1154/2165 2247/1148/2159
f 2265/1155/2166 2247/1148/2159 2266/1156/2167
f 2215/1157/2168 2266/1156/2167 2251/1041/2054
f 2269/1158/2169 2265/1155/2166 2250/1159/2170
f 2269/1158/2169 2250/1159/2170 2264/1160/2171
f 2110/1073/2087 2111/1006/2019 2198/1161/2063
f 2195/1057/2070 2252/1040/2053 2253/1162/2172
f 2195/1057/2070 2253/1162/2172 2196/1058/2071
f 2215/1157/2168 2251/1041/2054 2194/1063/2076
f 2138/1023/2036 2148/1045/2058 2149/1060/2073
f 2138/1023/2036 2149/1060/2073 2139/1036/2049
f 2251/1041/2054 2252/1040/2053 2195/1057/2070
f 2251/1041/2054 2195/1057/2070 2194/1063/2076
f 2163/1047/2060 2114/1061/2074 2148/1045/2058
f 2258/1081/2094 2210/1112/2123 2182/1064/2173
f 2187/1163/2174 2200/1164/2175 2254/991/2004
f 2187/1163/2174 2254/991/2004 2212/990/2003
f 2234/1130/2141 2235/1142/2153 2242/1043/2056
f 2234/1130/2141 2242/1043/2056 2241/1042/2055
f 2187/1163/2174 2212/990/2003 2258/1081/2094
f 2187/1163/2174 2258/1081/2094 2202/1165/2176
f 2248/1166/2177 2264/1160/2171 2204/1062/2086
f 2248/1166/2177 2204/1062/2086 2192/1072/2085
f 2269/1158/2169 2264/1160/2171 2248/1166/2177
f 2239/1150/2161 2246/1154/2165 2263/1152/2163
f 2239/1150/2161 2263/1152/2163 2262/1146/2157
f 2239/1150/2161 2257/1140/2151 2233/1131/2142
f 2239/1150/2161 2233/1131/2142 2240/1149/2160
f 2226/1122/2133 2233/1131/2142 2257/1140/2151
f 2226/1122/2133 2257/1140/2151 2256/1132/2143
f 2256/1132/2143 2255/988/2001 2221/1056/2069
f 2256/1132/2143 2221/1056/2069 2226/1122/2133
f 2152/1017/2030 2118/1002/2015 2110/1073/2087
f 2152/1017/2030 2110/1073/2087 2151/1068/2081
f 2200/1164/2175 2190/1049/2062 2213/1048/2061
f 2200/1164/2175 2213/1048/2061 2254/991/2004
f 2244/1153/2164 2263/1152/2163 2269/1158/2169
f 2244/1153/2164 2269/1158/2169 2267/1167/2178
f 2242/1043/2056 2243/1151/2162 2253/1162/2172
f 2242/1043/2056 2253/1162/2172 2252/1040/2053
f 2263/1152/2163 2246/1154/2165 2265/1155/2166
f 2263/1152/2163 2265/1155/2166 2269/1158/2169
f 2250/1159/2170 2265/1155/2166 2266/1156/2167
f 2250/1159/2170 2266/1156/2167 2215/1157/2168
f 2277/1168/2179 2062/1169/2180 2073/1170/2181
f 2277/1168/2179 2073/1170/2181 2275/1171/2182
f 2367/1172/2183 2374/1173/2184 2365/985/1998
f 2281/1109/2120 2071/1108/2119 2069/1174/2185
f 2281/1109/2120 2069/1174/2185 2279/1175/2186
f 2268/1176/2187 2284/1177/2188 2280/1178/2189
f 2268/1176/2187 2280/1178/2189 2245/1179/2190
f 2279/1175/2186 2069/1174/2185 2062/1169/2180
f 2279/1175/2186 2062/1169/2180 2277/1168/2179
f 2193/1090/2103 2208/1093/2103 2282/1180/2191
f 2193/1090/2103 2282/1180/2191 2249/1181/2192
f 2245/1179/2190 2280/1178/2189 2278/1145/2156
f 2245/1179/2190 2278/1145/2156 2238/1144/2155
f 2249/1181/2192 2282/1180/2191 2284/1177/2188
f 2249/1181/2192 2284/1177/2188 2268/1176/2187
f 2211/1117/2128 2270/1116/2127 2206/1096/2108
f 2211/1117/2128 2206/1096/2108 2184/1095/2107
f 2283/1182/2193 2209/1103/2114 2048/1102/2114
f 2283/1182/2193 2048/1102/2114 2098/1183/2194
f 2098/1183/2194 2286/1184/2195 2283/1182/2193
f 2275/1171/2182 2073/1170/2181 2067/1185/2196
f 2102/1100/2112 2009/1186/2197 2207/1187/2198
f 2225/1133/2144 2232/1141/2152 2261/1138/2149
f 2225/1133/2144 2261/1138/2149 2260/1128/2139
f 2017/1084/2097 2049/1101/2113 2179/1110/2121
f 2049/1101/2113 2181/1105/2116 2179/1110/2121
f 2283/1182/2193 2286/1184/2195 2285/1107/2118
f 2220/989/2002 2225/1133/2144 2260/1128/2139
f 2220/989/2002 2260/1128/2139 2259/1080/2093
f 2287/1188/2199 2113/1000/2013 2126/1019/2032
f 2287/1188/2199 2236/1143/2154 2229/1135/2146
f 2140/1037/2050 2288/1189/2200 2287/1188/2199
f 2140/1037/2050 2287/1188/2199 2133/1029/2042
f 2288/1189/2200 2243/1151/2162 2236/1143/2154
f 2288/1189/2200 2236/1143/2154 2287/1188/2199
f 2150/1059/2072 2196/1058/2071 2288/1189/2200
f 2253/1162/2172 2243/1151/2162 2288/1189/2200
f 2133/1029/2042 2287/1188/2199 2126/1019/2032
f 2113/1000/2013 2287/1188/2199 2229/1135/2146
f 2196/1058/2071 2253/1162/2172 2288/1189/2200
f 2140/1037/2050 2150/1059/2072 2288/1189/2200
f 2289/1190/2201 2264/1160/2171 2250/1159/2170
f 2289/1190/2201 2147/1053/2066 2161/1052/2065
f 2289/1190/2201 2250/1159/2170 2215/1157/2168
f 2289/1190/2201 2204/1062/2086 2264/1160/2171
f 2148/1045/2058 2114/1061/2074 2194/1063/2076
f 2191/1062/2075 2215/1157/2168 2194/1063/2076
f 2165/1075/2088 2146/1071/2084 2166/1051/2064
f 2289/1190/2201 2114/1061/2074 2147/1053/2066
f 2289/1190/2201 2161/1052/2065 2204/1062/2086
f 2267/1167/2178 2269/1158/2169 2248/1166/2177
f 2205/1187/2202 2007/1186/2203 2055/1191/2204
f 2109/1067/2080 2155/1010/2023 2156/1011/2024
f 2109/1067/2080 2156/1011/2024 2117/1014/2027
f 2118/1002/2015 2119/1005/2018 2111/1006/2019
f 2289/1190/2201 2215/1157/2168 2191/1062/2075
f 2289/1190/2201 2191/1062/2075 2114/1061/2074
f 2163/1047/2060 2148/1045/2058 2144/1034/2047
f 2266/1156/2167 2247/1148/2159 2251/1041/2054
f 2240/1149/2160 2233/1131/2142 2241/1042/2055
f 2131/1013/2026 2130/1012/2025 2138/1023/2036
f 2213/1048/2061 2214/1054/2067 2221/1056/2069
f 2110/1073/2087 2118/1002/2015 2111/1006/2019
f 2298/1192/2205 2307/1193/2206 2312/1125/2207
f 2300/1194/2208 2304/1113/2124 2315/1195/2209
f 2297/1196/2210 2301/1194/2211 2112/994/2007
f 2297/1196/2210 2112/994/2007 2299/993/2006
f 2294/1196/2212 2304/1113/2124 2300/1194/2208
f 2294/1196/2212 2302/1114/2125 2304/1113/2124
f 2295/1197/2213 2305/1124/2135 2303/1123/2134
f 2296/1197/2214 2298/1192/2205 2306/1124/2215
f 2216/1120/2131 2214/1054/2067 2315/1195/2209
f 2290/1198/2216 2217/1199/2216 2314/1200/2217
f 2290/1198/2216 2314/1200/2217 2311/1125/2136
f 2214/1054/2067 2198/1161/2063 2309/1201/2218
f 2214/1054/2067 2309/1201/2218 2315/1195/2209
f 2116/999/2012 2308/992/2005 2293/1202/2219
f 2115/1203/2220 2292/1198/2221 2312/1125/2207
f 2115/1203/2220 2312/1125/2207 2307/1193/2206
f 2198/1161/2063 2111/1006/2019 2293/1202/2219
f 2198/1161/2063 2293/1202/2219 2310/1201/2222
f 2301/1194/2211 2310/1201/2222 2293/1202/2219
f 2111/1006/2019 2116/999/2012 2293/1202/2219
f 2313/1115/2126 2216/1120/2131 2315/1195/2209
f 2315/1195/2209 2304/1113/2124 2313/1115/2126
f 2293/1202/2219 2308/992/2005 2112/994/2007
f 2112/994/2007 2301/1194/2211 2293/1202/2219
f 2309/1201/2218 2300/1194/2208 2315/1195/2209
f 2306/1124/2215 2298/1192/2205 2312/1125/2207
f 2314/1200/2217 2303/1123/2134 2311/1125/2136
f 2113/1000/2013 2116/999/2012 2126/1019/2032
f 2228/1134/2145 2216/1120/2131 2229/1135/2146
f 2235/1142/2153 2228/1134/2145 2236/1143/2154
f 2126/1019/2032 2125/1018/2031 2133/1029/2042
f 2123/1003/2016 2130/1012/2025 2124/1004/2017
f 2226/1122/2133 2227/1121/2132 2233/1131/2142
f 2202/1165/2176 2258/1081/2094 2183/1204/2223
f 2203/1070/2083 2185/1205/2224 2155/1010/2023
f 2214/1054/2067 2213/1048/2061 2198/1161/2063
f 2189/1074/2062 2110/1073/2087 2197/1206/2063
f 2356/1207/2225 2333/1208/2226 2317/1209/2227
f 2356/1207/2225 2317/1209/2227 2342/1210/2228
f 2360/1211/2229 2358/1212/2230 2341/1213/2231
f 2319/1214/2232 2323/1215/2233 2326/1216/2234
f 2319/1214/2232 2326/1216/2234 2321/1217/2235
f 2318/1218/2236 2327/1219/2237 2330/1220/2238
f 2318/1218/2236 2330/1220/2238 2329/1221/2239
f 2346/1222/2240 2349/1223/2241 2347/1224/2242
f 2346/1222/2240 2347/1224/2242 2341/1213/2231
f 2340/1225/2243 2343/1226/2244 2345/1227/2245
f 2340/1225/2243 2345/1227/2245 2344/1228/2246
f 2321/1217/2235 2326/1216/2234 2331/1229/2247
f 2330/1220/2238 2325/1230/2248 2322/1231/2249
f 2328/1232/2250 2320/1233/2251 2321/1217/2235
f 2328/1232/2250 2321/1217/2235 2331/1229/2247
f 2316/1234/2252 2320/1233/2251 2339/1235/2253
f 2316/1234/2252 2339/1235/2253 2335/1236/2254
f 2335/1236/2254 2362/1237/2255 2343/1226/2244
f 2335/1236/2254 2343/1226/2244 2340/1225/2243
f 2329/1221/2239 2334/1238/2256 2318/1218/2236
f 2346/1222/2240 2358/1212/2230 2357/1239/2225
f 2322/1231/2249 2325/1230/2248 2324/1240/2257
f 2322/1231/2249 2324/1240/2257 2317/1209/2227
f 2318/1218/2236 2336/1241/2258 2338/1242/2253
f 2318/1218/2236 2338/1242/2253 2327/1219/2237
f 2343/1226/2244 2348/1243/2259 2350/1244/2241
f 2343/1226/2244 2350/1244/2241 2345/1227/2245
f 2350/1244/2241 2355/1245/2260 2345/1227/2245
f 2351/1246/2261 2354/1247/2262 2353/1248/2263
f 2351/1246/2261 2353/1248/2263 2342/1210/2228
f 2353/1248/2263 2354/1247/2262 2349/1223/2241
f 2332/1249/2264 2334/1238/2256 2329/1221/2239
f 2344/1228/2246 2345/1227/2245 2355/1245/2260
f 2344/1228/2246 2355/1245/2260 2352/1250/2265
f 2344/1228/2246 2352/1250/2265 2323/1215/2233
f 2344/1228/2246 2323/1215/2233 2319/1214/2232
f 2358/1212/2230 2346/1222/2240 2341/1213/2231
f 2334/1238/2256 2337/1251/2266 2318/1218/2236
f 2317/1209/2227 2332/1249/2264 2322/1231/2249
f 2339/1235/2253 2320/1233/2251 2328/1232/2250
f 2359/1252/2229 2341/1213/2231 2347/1224/2242
f 2359/1252/2229 2347/1224/2242 2361/1253/2255
f 2342/1210/2228 2353/1248/2263 2356/1207/2225
f 2343/1226/2244 2362/1237/2255 2348/1243/2259
f 2342/1210/2228 2317/1209/2227 2324/1240/2257
f 2342/1210/2228 2324/1240/2257 2351/1246/2261
f 2316/1234/2252 2340/1225/2243 2344/1228/2246
f 2316/1234/2252 2344/1228/2246 2319/1214/2232
f 2335/1236/2254 2340/1225/2243 2316/1234/2252
f 2319/1214/2232 2321/1217/2235 2320/1233/2251
f 2319/1214/2232 2320/1233/2251 2316/1234/2252
f 2329/1221/2239 2330/1220/2238 2322/1231/2249
f 2346/1222/2240 2353/1248/2263 2349/1223/2241
f 2322/1231/2249 2332/1249/2264 2329/1221/2239
f 2353/1248/2263 2346/1222/2240 2357/1239/2225
f 2175/1085/2098 2017/1084/2097 2179/1110/2121
f 2286/1184/2195 2098/1183/2194 2285/1107/2118
f 2098/1183/2194 2071/1108/2119 2285/1107/2118
f 2010/1007/2267 2012/1106/2117 2375/1254/2268
f 2273/1255/2269 2275/1171/2182 2067/1185/2196
f 2273/1255/2269 2067/1185/2196 2064/1099/2111
f 2370/1256/2270 2377/1257/2268 2012/1106/2117
f 2369/1172/2271 2363/1258/2272 2378/1173/2273
f 2156/1011/2024 2368/995/2008 2157/998/2011
f 2108/1065/2078 2364/1259/2274 2368/995/2008
f 2108/1065/2078 2368/995/2008 2155/1010/2023
f 2363/1258/2272 2373/1260/2275 2378/1173/2273
f 2374/1173/2184 2371/986/1999 2365/985/1998
f 2107/1094/2106 2168/1097/2109 2373/1260/2275
f 2107/1094/2106 2373/1260/2275 2363/1258/2272
f 2169/1076/2089 2370/1256/2270 2012/1106/2117
f 2055/1191/2204 2010/1007/2020 2372/1009/2022
f 2167/1261/2276 2205/1187/2202 2055/1191/2204
f 2271/1098/2110 2102/1100/2112 2207/1187/2198
f 2271/1098/2110 2273/1255/2269 2064/1099/2111
f 2167/1261/2276 2055/1191/2204 2372/1009/2022
f 2395/1262/2277 2388/1263/2278 2392/1264/2279
f 2395/1262/2277 2392/1264/2279 2379/1265/2280
f 2422/1266/2281 2411/1267/2282 2409/1268/2283
f 2422/1266/2281 2409/1268/2283 2410/1269/2284
f 2380/1270/2285 2394/1271/2286 2388/1263/2278
f 2380/1270/2285 2388/1263/2278 2395/1262/2277
f 2389/1272/2287 2381/1273/2288 2385/1274/2289
f 2389/1272/2287 2385/1274/2289 2392/1264/2279
f 2385/1274/2289 2381/1273/2288 2383/1275/2290
f 2385/1274/2289 2383/1275/2290 2382/1276/2291
f 2400/1277/2292 2404/1278/2293 2403/1279/2294
f 2400/1277/2292 2403/1279/2294 2402/1280/2295
f 2386/1281/2296 2382/1276/2291 2383/1275/2290
f 2386/1281/2296 2383/1275/2290 2384/1282/2297
f 2393/1283/2298 2389/1272/2287 2390/1284/2299
f 2393/1283/2298 2390/1284/2299 2391/1285/2300
f 2387/1286/2301 2384/1282/2297 2383/1275/2290
f 2387/1286/2301 2383/1275/2290 2381/1273/2288
f 2394/1271/2286 2391/1285/2300 2390/1284/2299
f 2394/1271/2286 2390/1284/2299 2388/1263/2278
f 2401/1287/2302 2407/1288/2303 2387/1286/2301
f 2401/1287/2302 2387/1286/2301 2393/1283/2298
f 2413/1289/2304 2427/1290/2305 2422/1266/2281
f 2413/1289/2304 2422/1266/2281 2400/1277/2292
f 2415/1291/2306 2396/1292/2307 2386/1281/2296
f 2415/1291/2306 2386/1281/2296 2406/1293/2308
f 2386/1281/2296 2396/1292/2307 2398/1294/2309
f 2386/1281/2296 2398/1294/2309 2382/1276/2291
f 2407/1288/2303 2410/1269/2284 2408/1295/2310
f 2406/1293/2311 2409/1268/2283 2411/1267/2282
f 2393/1283/2298 2387/1286/2301 2381/1273/2288
f 2393/1283/2298 2381/1273/2288 2389/1272/2287
f 2399/1296/2312 2402/1280/2295 2403/1279/2294
f 2399/1296/2312 2403/1279/2294 2405/1297/2313
f 2401/1287/2302 2405/1297/2313 2403/1279/2294
f 2401/1287/2302 2403/1279/2294 2404/1278/2293
f 2392/1264/2279 2385/1274/2289 2397/1298/2314
f 2392/1264/2279 2397/1298/2314 2379/1265/2280
f 2392/1264/2279 2388/1263/2278 2390/1284/2299
f 2392/1264/2279 2390/1284/2299 2389/1272/2287
f 2382/1276/2291 2398/1294/2309 2397/1298/2314
f 2382/1276/2291 2397/1298/2314 2385/1274/2289
f 2399/1296/2312 2412/1299/2315 2414/1300/2316
f 2399/1296/2312 2414/1300/2316 2402/1280/2295
f 2402/1280/2295 2414/1300/2316 2413/1289/2304
f 2402/1280/2295 2413/1289/2304 2400/1277/2292
f 2407/1288/2303 2401/1287/2302 2404/1278/2293
f 2407/1288/2303 2404/1278/2293 2410/1269/2284
f 2410/1269/2284 2404/1278/2293 2400/1277/2292
f 2410/1269/2284 2400/1277/2292 2422/1266/2281
f 2394/1271/2286 2399/1296/2312 2405/1297/2313
f 2394/1271/2286 2405/1297/2313 2391/1285/2300
f 2391/1285/2300 2405/1297/2313 2401/1287/2302
f 2391/1285/2300 2401/1287/2302 2393/1283/2298
f 2406/1293/2308 2386/1281/2296 2384/1282/2297
f 2406/1293/2308 2384/1282/2297 2408/1295/2310
f 2408/1295/2310 2384/1282/2297 2387/1286/2301
f 2408/1295/2310 2387/1286/2301 2407/1288/2303
f 2380/1270/2285 2412/1299/2315 2399/1296/2312
f 2380/1270/2285 2399/1296/2312 2394/1271/2286
f 2423/1301/2317 2419/1302/2318 2418/1303/2319
f 2423/1301/2317 2418/1303/2319 2425/1304/2319
f 2424/1304/2320 2417/1303/2320 2421/1266/2320
f 2424/1304/2320 2421/1266/2320 2426/1290/2320
f 2411/1267/2282 2416/1303/2321 2420/1302/2322
f 2411/1267/2282 2422/1266/2281 2416/1303/2321
f 2415/1291/2306 2406/1293/2308 2419/1302/2318
f 2415/1291/2306 2419/1302/2318 2423/1301/2317
f 2462/1305/2323 2473/1306/2324 2468/1307/2325
f 2462/1305/2323 2468/1307/2325 2467/1308/2326
f 2445/1309/2327 2462/1305/2323 2443/1310/2328
f 2445/1309/2327 2443/1310/2328 2430/1311/2329
f 2444/1312/2330 2461/1313/2331 2459/1314/2332
f 2444/1312/2330 2459/1314/2332 2442/1315/2333
f 2456/1316/2334 2467/1308/2326 2468/1307/2325
f 2456/1316/2334 2468/1307/2325 2474/1317/2335
f 2464/1318/2336 2446/1319/2337 2482/1320/2338
f 2464/1318/2336 2482/1320/2338 2471/1321/2339
f 2450/1322/2340 2464/1318/2336 2471/1321/2339
f 2450/1322/2340 2471/1321/2339 2479/1323/2341
f 2455/1324/2342 2485/1325/2343 2484/1326/2344
f 2455/1324/2342 2484/1326/2344 2477/1327/2345
f 2452/1328/2346 2454/1329/2347 2431/1330/2348
f 2452/1328/2346 2431/1330/2348 2429/1331/2349
f 2454/1329/2347 2452/1328/2346 2435/1332/2350
f 2454/1329/2347 2435/1332/2350 2432/1333/2351
f 2445/1309/2327 2465/1334/2352 2470/1335/2353
f 2445/1309/2327 2470/1335/2353 2483/1336/2354
f 2449/1322/2355 2447/1337/2356 2432/1333/2351
f 2449/1322/2355 2432/1333/2351 2435/1332/2350
f 2447/1337/2356 2449/1322/2355 2478/1323/2357
f 2447/1337/2356 2478/1323/2357 2480/1338/2357
f 2463/1339/2358 2446/1319/2337 2428/1331/2359
f 2463/1339/2358 2428/1331/2359 2441/1315/2360
f 2462/1305/2323 2467/1308/2326 2460/1340/2361
f 2462/1305/2323 2460/1340/2361 2443/1310/2328
f 2459/1314/2332 2461/1313/2331 2486/1341/2362
f 2428/1331/2359 2446/1319/2337 2464/1318/2336
f 2428/1331/2359 2464/1318/2336 2451/1328/2363
f 2464/1318/2336 2450/1322/2340 2434/1332/2364
f 2485/1325/2343 2455/1324/2342 2437/1342/2365
f 2445/1309/2327 2430/1311/2329 2453/1343/2366
f 2445/1309/2327 2453/1343/2366 2465/1334/2352
f 2465/1334/2352 2453/1343/2366 2433/1344/2367
f 2485/1325/2343 2487/1341/2368 2440/1345/2369
f 2457/1346/2370 2475/1347/2371 2484/1326/2344
f 2457/1346/2370 2484/1326/2344 2485/1325/2343
f 2446/1319/2337 2463/1339/2358 2472/1348/2372
f 2446/1319/2337 2472/1348/2372 2482/1320/2338
f 2458/1314/2373 2437/1342/2365 2455/1324/2342
f 2466/1349/2374 2455/1324/2342 2476/1327/2375
f 2466/1349/2374 2476/1327/2375 2469/1350/2376
f 2462/1305/2323 2445/1309/2327 2483/1336/2354
f 2462/1305/2323 2483/1336/2354 2473/1306/2324
f 2465/1334/2352 2448/1351/2377 2481/1352/2378
f 2465/1334/2352 2481/1352/2378 2470/1335/2353
f 2463/1339/2358 2466/1349/2374 2469/1350/2376
f 2463/1339/2358 2469/1350/2376 2472/1348/2372
f 2441/1315/2360 2458/1314/2373 2466/1349/2374
f 2441/1315/2360 2466/1349/2374 2463/1339/2358
f 2448/1351/2377 2465/1334/2352 2433/1344/2367
f 2451/1328/2363 2464/1318/2336 2434/1332/2364
f 2460/1340/2361 2467/1308/2326 2456/1316/2334
f 2436/1342/2379 2459/1314/2332 2486/1341/2362
f 2439/1345/2380 2486/1341/2362 2461/1313/2331
f 2438/1353/2381 2460/1340/2361 2456/1316/2334
f 2457/1346/2370 2485/1325/2343 2440/1345/2369
f 2487/1341/2368 2485/1325/2343 2437/1342/2365
f 2466/1349/2374 2458/1314/2373 2455/1324/2342
f 2444/1312/2330 2442/1315/2333 2429/1331/2349
f 2444/1312/2330 2429/1331/2349 2431/1330/2348
f 2504/1262/2382 2488/1265/2383 2501/1264/2384
f 2504/1262/2382 2501/1264/2384 2497/1263/2385
f 2530/1266/2386 2519/1269/2387 2518/1268/2388
f 2530/1266/2386 2518/1268/2388 2520/1267/2389
f 2489/1270/2390 2504/1262/2382 2497/1263/2385
f 2489/1270/2390 2497/1263/2385 2503/1271/2391
f 2498/1272/2392 2501/1264/2384 2494/1274/2393
f 2498/1272/2392 2494/1274/2393 2490/1273/2394
f 2494/1274/2393 2491/1276/2395 2492/1275/2396
f 2494/1274/2393 2492/1275/2396 2490/1273/2394
f 2509/1277/2397 2511/1280/2398 2512/1279/2399
f 2509/1277/2397 2512/1279/2399 2513/1278/2400
f 2495/1281/2401 2493/1282/2402 2492/1275/2396
f 2495/1281/2401 2492/1275/2396 2491/1276/2395
f 2502/1283/2403 2500/1285/2404 2499/1284/2405
f 2502/1283/2403 2499/1284/2405 2498/1272/2392
f 2496/1286/2406 2490/1273/2394 2492/1275/2396
f 2496/1286/2406 2492/1275/2396 2493/1282/2402
f 2503/1271/2391 2497/1263/2385 2499/1284/2405
f 2503/1271/2391 2499/1284/2405 2500/1285/2404
f 2510/1287/2407 2502/1283/2403 2496/1286/2406
f 2510/1287/2407 2496/1286/2406 2516/1288/2408
f 2522/1289/2409 2509/1277/2397 2530/1266/2386
f 2522/1289/2409 2530/1266/2386 2535/1290/2410
f 2524/1291/2411 2515/1293/2412 2495/1281/2401
f 2524/1291/2411 2495/1281/2401 2505/1292/2413
f 2495/1281/2401 2491/1276/2395 2507/1294/2414
f 2495/1281/2401 2507/1294/2414 2505/1292/2413
f 2516/1288/2408 2518/1268/2388 2519/1269/2387
f 2515/1293/2412 2520/1267/2389 2517/1295/2415
f 2502/1283/2403 2498/1272/2392 2490/1273/2394
f 2502/1283/2403 2490/1273/2394 2496/1286/2406
f 2508/1296/2416 2514/1297/2417 2512/1279/2399
f 2508/1296/2416 2512/1279/2399 2511/1280/2398
f 2510/1287/2407 2513/1278/2400 2512/1279/2399
f 2510/1287/2407 2512/1279/2399 2514/1297/2417
f 2501/1264/2384 2488/1265/2383 2506/1298/2418
f 2501/1264/2384 2506/1298/2418 2494/1274/2393
f 2501/1264/2384 2498/1272/2392 2499/1284/2405
f 2501/1264/2384 2499/1284/2405 2497/1263/2385
f 2491/1276/2395 2494/1274/2393 2506/1298/2418
f 2491/1276/2395 2506/1298/2418 2507/1294/2414
f 2508/1296/2416 2511/1280/2398 2523/1300/2419
f 2508/1296/2416 2523/1300/2419 2521/1299/2420
f 2511/1280/2398 2509/1277/2397 2522/1289/2409
f 2511/1280/2398 2522/1289/2409 2523/1300/2419
f 2516/1288/2408 2519/1269/2387 2513/1278/2400
f 2516/1288/2408 2513/1278/2400 2510/1287/2407
f 2519/1269/2387 2530/1266/2386 2509/1277/2397
f 2519/1269/2387 2509/1277/2397 2513/1278/2400
f 2503/1271/2391 2500/1285/2404 2514/1297/2417
f 2503/1271/2391 2514/1297/2417 2508/1296/2416
f 2500/1285/2404 2502/1283/2403 2510/1287/2407
f 2500/1285/2404 2510/1287/2407 2514/1297/2417
f 2515/1293/2412 2517/1295/2415 2493/1282/2402
f 2515/1293/2412 2493/1282/2402 2495/1281/2401
f 2517/1295/2415 2516/1288/2408 2496/1286/2406
f 2517/1295/2415 2496/1286/2406 2493/1282/2402
f 2489/1270/2390 2503/1271/2391 2508/1296/2416
f 2489/1270/2390 2508/1296/2416 2521/1299/2420
f 2532/1301/2421 2533/1304/2422 2525/1303/2422
f 2532/1301/2421 2525/1303/2422 2529/1302/2423
f 2534/1304/2424 2536/1290/2424 2531/1266/2424
f 2534/1304/2424 2531/1266/2424 2526/1303/2424
f 2528/1302/2425 2527/1303/2426 2520/1267/2389
f 2520/1267/2389 2527/1303/2426 2530/1266/2386
f 2524/1291/2411 2532/1301/2421 2529/1302/2423
f 2524/1291/2411 2529/1302/2423 2515/1293/2412
f 2571/1305/2427 2576/1308/2428 2577/1307/2429
f 2571/1305/2427 2577/1307/2429 2582/1306/2430
f 2554/1309/2431 2540/1311/2432 2553/1310/2433
f 2554/1309/2431 2553/1310/2433 2571/1305/2427
f 2552/1312/2434 2550/1315/2435 2567/1314/2436
f 2552/1312/2434 2567/1314/2436 2569/1313/2437
f 2566/1316/2438 2584/1317/2439 2577/1307/2429
f 2566/1316/2438 2577/1307/2429 2576/1308/2428
f 2573/1318/2440 2580/1321/2441 2591/1320/2442
f 2573/1318/2440 2591/1320/2442 2555/1319/2443
f 2558/1322/2444 2587/1323/2445 2580/1321/2441
f 2558/1322/2444 2580/1321/2441 2573/1318/2440
f 2564/1324/2446 2585/1327/2447 2593/1326/2448
f 2564/1324/2446 2593/1326/2448 2594/1325/2449
f 2560/1328/2450 2537/1331/2451 2539/1330/2452
f 2560/1328/2450 2539/1330/2452 2562/1329/2453
f 2562/1329/2453 2542/1333/2454 2543/1332/2455
f 2562/1329/2453 2543/1332/2455 2560/1328/2450
f 2554/1309/2431 2592/1336/2456 2579/1335/2457
f 2554/1309/2431 2579/1335/2457 2574/1334/2458
f 2559/1322/2459 2543/1332/2455 2542/1333/2454
f 2559/1322/2459 2542/1333/2454 2557/1337/2460
f 2557/1337/2460 2590/1338/2461 2588/1323/2461
f 2557/1337/2460 2588/1323/2461 2559/1322/2459
f 2572/1339/2462 2551/1315/2463 2538/1331/2464
f 2572/1339/2462 2538/1331/2464 2555/1319/2443
f 2571/1305/2427 2553/1310/2433 2570/1340/2465
f 2571/1305/2427 2570/1340/2465 2576/1308/2428
f 2567/1314/2436 2596/1341/2466 2569/1313/2437
f 2538/1331/2464 2561/1328/2467 2573/1318/2440
f 2538/1331/2464 2573/1318/2440 2555/1319/2443
f 2573/1318/2440 2544/1332/2468 2558/1322/2444
f 2594/1325/2449 2545/1342/2469 2564/1324/2446
f 2554/1309/2431 2574/1334/2458 2563/1343/2470
f 2554/1309/2431 2563/1343/2470 2540/1311/2432
f 2574/1334/2458 2541/1344/2471 2563/1343/2470
f 2594/1325/2449 2547/1345/2472 2595/1341/2473
f 2565/1346/2474 2594/1325/2449 2593/1326/2448
f 2565/1346/2474 2593/1326/2448 2583/1347/2475
f 2555/1319/2443 2591/1320/2442 2581/1348/2476
f 2555/1319/2443 2581/1348/2476 2572/1339/2462
f 2568/1314/2477 2564/1324/2446 2545/1342/2469
f 2575/1349/2478 2578/1350/2479 2586/1327/2480
f 2575/1349/2478 2586/1327/2480 2564/1324/2446
f 2571/1305/2427 2582/1306/2430 2592/1336/2456
f 2571/1305/2427 2592/1336/2456 2554/1309/2431
f 2574/1334/2458 2579/1335/2457 2589/1352/2481
f 2574/1334/2458 2589/1352/2481 2556/1351/2482
f 2572/1339/2462 2581/1348/2476 2578/1350/2479
f 2572/1339/2462 2578/1350/2479 2575/1349/2478
f 2551/1315/2463 2572/1339/2462 2575/1349/2478
f 2551/1315/2463 2575/1349/2478 2568/1314/2477
f 2556/1351/2482 2541/1344/2471 2574/1334/2458
f 2561/1328/2467 2544/1332/2468 2573/1318/2440
f 2570/1340/2465 2566/1316/2438 2576/1308/2428
f 2546/1342/2483 2596/1341/2466 2567/1314/2436
f 2548/1345/2484 2569/1313/2437 2596/1341/2466
f 2549/1353/2485 2566/1316/2438 2570/1340/2465
f 2565/1346/2474 2547/1345/2472 2594/1325/2449
f 2595/1341/2473 2545/1342/2469 2594/1325/2449
f 2575/1349/2478 2564/1324/2446 2568/1314/2477
f 2552/1312/2434 2539/1330/2452 2537/1331/2451
f 2552/1312/2434 2537/1331/2451 2550/1315/2435
f 2406/1293/2311 2411/1267/2282 2420/1302/2322
f 2515/1293/2412 2528/1302/2425 2520/1267/2389
f 2673/1354/2486 2675/1355/2487 2699/1356/2488
f 2673/1354/2486 2699/1356/2488 2688/1357/2489
f 2643/1358/2490 2642/1359/2491 2676/1360/2492
f 2643/1358/2490 2676/1360/2492 2662/1361/2493
f 2774/1362/2494 2775/1363/2495 2722/1364/2496
f 2774/1362/2494 2722/1364/2496 2720/1365/2497
f 2661/1366/2498 2700/1367/2499 2712/1368/2500
f 2661/1366/2498 2712/1368/2500 2683/1369/2501
f 2652/1370/2502 2646/1371/2503 2682/1372/2504
f 2652/1370/2502 2682/1372/2504 2658/1373/2505
f 2615/1374/2506 2628/1375/2507 2617/1376/2508
f 2753/1377/2509 2752/1362/2510 2608/1378/2511
f 2753/1377/2509 2608/1378/2511 2629/1379/2512
f 2626/1380/2513 2620/1381/2514 2604/1382/2515
f 2629/1379/2512 2609/1383/2516 2755/1384/2517
f 2629/1379/2512 2755/1384/2517 2753/1377/2509
f 2609/1383/2516 2624/1385/2518 2619/1386/2519
f 2609/1383/2516 2619/1386/2519 2601/1387/2520
f 2607/1388/2521 2622/1389/2522 2618/1390/2523
f 2607/1388/2521 2618/1390/2523 2600/1391/2524
f 2621/1392/2525 2648/1393/2526 2647/1394/2527
f 2621/1392/2525 2647/1394/2527 2638/1395/2528
f 2639/1396/2529 2636/1397/2530 2618/1390/2523
f 2639/1396/2529 2618/1390/2523 2622/1389/2522
f 2636/1397/2530 2640/1398/2531 2623/1399/2532
f 2636/1397/2530 2623/1399/2532 2618/1390/2523
f 2638/1395/2528 2647/1394/2527 2678/1400/2533
f 2638/1395/2528 2678/1400/2533 2668/1401/2534
f 2641/1402/2535 2637/1403/2536 2619/1386/2519
f 2641/1402/2535 2619/1386/2519 2624/1385/2518
f 2637/1403/2536 2642/1359/2491 2625/1404/2537
f 2637/1403/2536 2625/1404/2537 2619/1386/2519
f 2650/1405/2538 2651/1406/2539 2684/1407/2540
f 2684/1407/2540 2651/1406/2539 2653/1408/2541
f 2684/1407/2540 2653/1408/2541 2685/1409/2542
f 2685/1409/2542 2653/1408/2541 2654/1410/2543
f 2685/1409/2542 2654/1410/2543 2686/1411/2544
f 2687/1412/2545 2645/1413/2546 2648/1393/2526
f 2693/1414/2547 2679/1415/2548 2681/1416/2549
f 2693/1414/2547 2681/1416/2549 2707/1417/2550
f 2597/1418/2551 2617/1376/2508 2621/1392/2525
f 2600/1391/2524 2618/1390/2523 2623/1399/2532
f 2600/1391/2524 2623/1399/2532 2608/1378/2511
f 2601/1387/2520 2619/1386/2519 2625/1404/2537
f 2601/1387/2520 2625/1404/2537 2610/1419/2552
f 2620/1381/2514 2627/1420/2553 2614/1421/2554
f 2637/1403/2536 2641/1402/2535 2672/1422/2555
f 2637/1403/2536 2672/1422/2555 2666/1423/2556
f 2695/1424/2557 2669/1425/2558 2679/1415/2548
f 2695/1424/2557 2679/1415/2548 2693/1414/2547
f 2605/1426/2559 2621/1392/2525 2622/1389/2522
f 2605/1426/2559 2622/1389/2522 2607/1388/2521
f 2630/1379/2560 2624/1385/2518 2609/1383/2516
f 2610/1419/2552 2625/1404/2537 2626/1380/2513
f 2610/1419/2552 2626/1380/2513 2611/1427/2561
f 2632/1428/2562 2633/1429/2563 2628/1375/2507
f 2632/1428/2562 2628/1375/2507 2615/1374/2506
f 2722/1364/2496 2775/1363/2495 2767/1384/2564
f 2722/1364/2496 2767/1384/2564 2724/1430/2565
f 2724/1430/2565 2716/1431/2566 2602/1432/2567
f 2724/1430/2565 2602/1432/2567 2613/1433/2568
f 2721/1434/2569 2748/1435/2570 2742/1436/2571
f 2721/1434/2569 2742/1436/2571 2718/1437/2572
f 2723/1438/2573 2735/1439/2574 2601/1387/2520
f 2614/1421/2554 2627/1420/2553 2633/1429/2563
f 2614/1421/2554 2633/1429/2563 2632/1428/2562
f 2643/1358/2490 2649/1440/2575 2650/1405/2538
f 2643/1358/2490 2650/1405/2538 2626/1380/2513
f 2719/1441/2576 2765/1442/2577 2759/1443/2578
f 2719/1441/2576 2759/1443/2578 2723/1438/2573
f 2717/1444/2579 2718/1437/2572 2742/1436/2571
f 2717/1444/2579 2742/1436/2571 2726/1445/2580
f 2719/1441/2576 2716/1431/2566 2739/1446/2581
f 2719/1441/2576 2739/1446/2581 2765/1442/2577
f 2609/1383/2516 2601/1387/2520 2735/1439/2574
f 2609/1383/2516 2735/1439/2574 2755/1384/2517
f 2767/1384/2564 2739/1446/2581 2716/1431/2566
f 2767/1384/2564 2716/1431/2566 2724/1430/2565
f 2732/1447/2582 2721/1434/2569 2600/1391/2524
f 2672/1422/2555 2641/1402/2535 2640/1398/2531
f 2672/1422/2555 2640/1398/2531 2674/1448/2583
f 2657/1449/2584 2659/1450/2585 2714/1451/2586
f 2657/1449/2584 2714/1451/2586 2705/1452/2587
f 2621/1392/2525 2638/1395/2528 2639/1396/2529
f 2621/1392/2525 2639/1396/2529 2622/1389/2522
f 2654/1410/2543 2653/1408/2541 2652/1370/2502
f 2654/1410/2543 2652/1370/2502 2655/1453/2588
f 2625/1404/2537 2642/1359/2491 2643/1358/2490
f 2625/1404/2537 2643/1358/2490 2626/1380/2513
f 2644/1454/2589 2647/1394/2527 2648/1393/2526
f 2644/1454/2589 2648/1393/2526 2645/1413/2546
f 2642/1359/2491 2637/1403/2536 2666/1423/2556
f 2642/1359/2491 2666/1423/2556 2676/1360/2492
f 2649/1440/2575 2646/1371/2503 2651/1406/2539
f 2649/1440/2575 2651/1406/2539 2650/1405/2538
f 2646/1371/2503 2652/1370/2502 2653/1408/2541
f 2646/1371/2503 2653/1408/2541 2651/1406/2539
f 2655/1453/2588 2644/1454/2589 2645/1413/2546
f 2655/1453/2588 2645/1413/2546 2654/1410/2543
f 2677/1455/2492 2667/1456/2590 2702/1457/2591
f 2677/1455/2492 2702/1457/2591 2708/1458/2592
f 2656/1459/2593 2655/1453/2588 2652/1370/2502
f 2656/1459/2593 2652/1370/2502 2658/1373/2505
f 2686/1411/2544 2654/1410/2543 2645/1413/2546
f 2686/1411/2544 2645/1413/2546 2687/1412/2545
f 2721/1434/2569 2607/1388/2521 2600/1391/2524
f 2649/1440/2575 2643/1358/2490 2662/1361/2493
f 2649/1440/2575 2662/1361/2493 2660/1460/2594
f 2646/1371/2503 2649/1440/2575 2660/1460/2594
f 2646/1371/2503 2660/1460/2594 2682/1372/2504
f 2686/1411/2544 2633/1429/2563 2685/1409/2542
f 2644/1454/2589 2655/1453/2588 2656/1459/2593
f 2644/1454/2589 2656/1459/2593 2680/1461/2595
f 2639/1396/2529 2638/1395/2528 2668/1401/2534
f 2639/1396/2529 2668/1401/2534 2670/1462/2596
f 2636/1397/2530 2639/1396/2529 2670/1462/2596
f 2636/1397/2530 2670/1462/2596 2664/1463/2597
f 2640/1398/2531 2636/1397/2530 2664/1463/2597
f 2640/1398/2531 2664/1463/2597 2674/1448/2583
f 2628/1375/2507 2686/1411/2544 2687/1412/2545
f 2628/1375/2507 2687/1412/2545 2617/1376/2508
f 2633/1429/2563 2686/1411/2544 2628/1375/2507
f 2620/1381/2514 2684/1407/2540 2685/1409/2542
f 2620/1381/2514 2685/1409/2542 2627/1420/2553
f 2620/1381/2514 2650/1405/2538 2684/1407/2540
f 2617/1376/2508 2648/1393/2526 2621/1392/2525
f 2647/1394/2527 2644/1454/2589 2680/1461/2595
f 2647/1394/2527 2680/1461/2595 2678/1400/2533
f 2663/1464/2598 2677/1455/2492 2708/1458/2592
f 2663/1464/2598 2708/1458/2592 2710/1465/2599
f 2667/1456/2590 2673/1354/2486 2688/1357/2489
f 2667/1456/2590 2688/1357/2489 2702/1457/2591
f 2675/1355/2487 2665/1466/2600 2691/1467/2601
f 2675/1355/2487 2691/1467/2601 2699/1356/2488
f 2627/1420/2553 2685/1409/2542 2633/1429/2563
f 2671/1468/2596 2697/1469/2602 2691/1467/2601
f 2671/1468/2596 2691/1467/2601 2665/1466/2600
f 2669/1425/2558 2695/1424/2557 2697/1469/2602
f 2669/1425/2558 2697/1469/2602 2671/1468/2596
s 0
f 2703/1470/454 2689/1471/454 2698/1472/454
f 2703/1470/454 2698/1472/454 2690/1473/454
s 1
f 2657/1449/2584 2705/1452/2587 2707/1417/2550
f 2657/1449/2584 2707/1417/2550 2681/1416/2549
f 2683/1369/2501 2712/1368/2500 2714/1451/2586
f 2683/1369/2501 2714/1451/2586 2659/1450/2585
f 2663/1464/2598 2710/1465/2599 2700/1367/2499
f 2663/1464/2598 2700/1367/2499 2661/1366/2498
s 0
f 2709/1474/454 2703/1470/454 2690/1473/454
f 2709/1474/454 2690/1473/454 2696/1475/454
f 2711/1476/454 2709/1474/454 2696/1475/454
f 2711/1476/454 2696/1475/454 2694/1477/454
f 2701/1478/454 2711/1476/454 2694/1477/454
f 2701/1478/454 2694/1477/454 2692/1479/454
f 2713/1480/454 2701/1478/454 2692/1479/454
f 2713/1480/454 2692/1479/454 2706/1481/454
f 2704/1482/454 2715/1483/454 2713/1480/454
f 2704/1482/454 2713/1480/454 2706/1481/454
s 1
f 2624/1385/2518 2623/1399/2532 2640/1398/2531
f 2624/1385/2518 2640/1398/2531 2641/1402/2535
f 2608/1378/2511 2623/1399/2532 2630/1379/2560
f 2624/1385/2518 2630/1379/2560 2623/1399/2532
f 2626/1380/2513 2650/1405/2538 2620/1381/2514
f 2687/1412/2545 2648/1393/2526 2617/1376/2508
f 2720/1365/2497 2722/1364/2496 2631/1484/2603
f 2720/1365/2497 2631/1484/2603 2616/1485/2604
f 2608/1378/2511 2752/1362/2510 2732/1447/2582
f 2608/1378/2511 2732/1447/2582 2600/1391/2524
f 2598/1486/2605 2605/1426/2559 2718/1437/2572
f 2598/1486/2605 2718/1437/2572 2717/1444/2579
f 2610/1419/2552 2723/1438/2573 2601/1387/2520
f 2611/1427/2561 2602/1432/2567 2716/1431/2566
f 2611/1427/2561 2716/1431/2566 2719/1441/2576
f 2631/1484/2603 2722/1364/2496 2724/1430/2565
f 2631/1484/2603 2724/1430/2565 2613/1433/2568
f 2616/1485/2604 2598/1486/2605 2717/1444/2579
f 2616/1485/2604 2717/1444/2579 2720/1365/2497
f 2611/1427/2561 2719/1441/2576 2723/1438/2573
f 2611/1427/2561 2723/1438/2573 2610/1419/2552
f 2607/1388/2521 2721/1434/2569 2718/1437/2572
f 2607/1388/2521 2718/1437/2572 2605/1426/2559
f 2720/1365/2497 2717/1444/2579 2726/1445/2580
f 2720/1365/2497 2726/1445/2580 2774/1362/2494
f 2749/1487/2606 2751/1488/2607 2754/1489/2608
f 2749/1487/2606 2754/1489/2608 2634/1490/2609
f 2756/1491/2610 2758/1492/2611 2634/1490/2609
f 2756/1491/2610 2634/1490/2609 2754/1489/2608
f 2773/1488/2612 2725/1493/2613 2727/1494/2614
f 2773/1488/2612 2727/1494/2614 2771/1487/2615
f 2740/1495/2616 2768/1491/2617 2770/1496/2618
f 2740/1495/2616 2770/1496/2618 2738/1497/2619
f 2777/1498/2620 2770/1496/2618 2768/1491/2617
f 2777/1498/2620 2768/1491/2617 2776/1499/2620
f 2766/1500/2621 2740/1495/2616 2738/1497/2619
f 2766/1500/2621 2738/1497/2619 2764/1501/2622
f 2736/1502/2623 2760/1503/2624 2762/1501/2625
f 2736/1502/2623 2762/1501/2625 2734/1497/2626
f 2764/1501/2622 2762/1501/2625 2760/1503/2624
f 2764/1501/2622 2760/1503/2624 2766/1500/2621
f 2756/1491/2610 2736/1502/2623 2734/1497/2626
f 2756/1491/2610 2734/1497/2626 2758/1492/2611
f 2731/1504/2627 2751/1488/2607 2749/1487/2606
f 2731/1504/2627 2749/1487/2606 2729/1494/2628
f 2747/1505/2629 2731/1504/2627 2729/1494/2628
f 2747/1505/2629 2729/1494/2628 2745/1506/2630
f 2725/1493/2613 2741/1507/2631 2743/1506/2632
f 2725/1493/2613 2743/1506/2632 2727/1494/2614
f 2745/1506/2630 2743/1506/2632 2741/1507/2631
f 2745/1506/2630 2741/1507/2631 2747/1505/2629
f 2771/1487/2615 2777/1498/2620 2776/1499/2620
f 2771/1487/2615 2776/1499/2620 2773/1488/2612
f 2606/1508/2633 2599/1418/2634 2621/1392/2525
f 2612/1509/2635 2626/1380/2513 2603/1382/2567
f 2597/1418/2551 2615/1374/2506 2617/1376/2508
f 2604/1382/2515 2620/1381/2514 2614/1421/2554
f 2792/1510/2636 2782/1511/2637 2730/1512/2638
f 2792/1510/2636 2730/1512/2638 2750/1513/2639
f 2782/1511/2637 2790/1514/2640 2746/1515/2641
f 2782/1511/2637 2746/1515/2641 2730/1512/2638
f 2790/1514/2640 2788/1514/2642 2744/1516/2643
f 2790/1514/2640 2744/1516/2643 2746/1515/2641
f 2788/1514/2642 2780/1511/2644 2728/1517/2645
f 2788/1514/2642 2728/1517/2645 2744/1516/2643
f 2780/1511/2644 2802/1510/2646 2772/1518/2647
f 2780/1511/2644 2772/1518/2647 2728/1517/2645
f 2802/1510/2646 2805/1519/2648 2778/1520/2648
f 2802/1510/2646 2778/1520/2648 2772/1518/2647
f 2805/1519/2648 2799/1521/2649 2769/1522/2650
f 2805/1519/2648 2769/1522/2650 2778/1520/2648
f 2799/1521/2649 2785/1523/2651 2737/1524/2652
f 2799/1521/2649 2737/1524/2652 2769/1522/2650
f 2785/1523/2651 2797/1525/2653 2763/1526/2654
f 2785/1523/2651 2763/1526/2654 2737/1524/2652
f 2797/1525/2653 2795/1525/2655 2761/1527/2656
f 2797/1525/2653 2761/1527/2656 2763/1526/2654
f 2795/1525/2655 2783/1523/2657 2733/1528/2658
f 2795/1525/2655 2733/1528/2658 2761/1527/2656
f 2783/1523/2657 2793/1521/2659 2757/1529/2660
f 2783/1523/2657 2757/1529/2660 2733/1528/2658
f 2803/1519/2661 2635/1530/2662 2757/1529/2660
f 2803/1519/2661 2792/1510/2636 2750/1513/2639
f 2635/1530/2662 2803/1519/2661 2750/1513/2639
f 2793/1521/2659 2803/1519/2661 2757/1529/2660
f 2791/1531/2663 2848/1531/2664 2813/1532/2665
f 2791/1531/2663 2813/1532/2665 2781/1532/2666
f 2794/1533/2667 2844/1534/2668 2804/1534/2668
f 2779/1532/2669 2840/1532/2670 2860/1531/2671
f 2779/1532/2669 2860/1531/2671 2801/1531/2672
f 2781/1532/2666 2813/1532/2665 2838/1535/2673
f 2781/1532/2666 2838/1535/2673 2789/1535/2674
f 2796/1536/2675 2853/1536/2676 2821/1537/2677
f 2796/1536/2675 2821/1537/2677 2784/1537/2678
f 2806/1534/2679 2859/1534/2679 2863/1533/2680
f 2806/1534/2679 2863/1533/2680 2800/1533/2681
f 2798/1536/2682 2855/1536/2683 2853/1536/2676
f 2798/1536/2682 2853/1536/2676 2796/1536/2675
f 2791/1531/2663 2844/1534/2668 2848/1531/2664
f 2784/1537/2678 2821/1537/2677 2847/1533/2684
f 2784/1537/2678 2847/1533/2684 2794/1533/2667
f 2800/1533/2681 2863/1533/2680 2827/1537/2685
f 2800/1533/2681 2827/1537/2685 2786/1537/2686
f 2787/1535/2687 2836/1535/2688 2840/1532/2670
f 2787/1535/2687 2840/1532/2670 2779/1532/2669
f 2801/1531/2672 2860/1531/2671 2859/1534/2679
f 2801/1531/2672 2859/1534/2679 2806/1534/2679
f 2789/1535/2674 2838/1535/2673 2836/1535/2688
f 2789/1535/2674 2836/1535/2688 2787/1535/2687
f 2786/1537/2686 2827/1537/2685 2855/1536/2683
f 2786/1537/2686 2855/1536/2683 2798/1536/2682
f 2843/1538/2689 2842/1538/2690 2837/1539/2691
f 2843/1538/2689 2837/1539/2691 2839/1539/2692
f 2807/1540/2693 2887/1541/2694 2811/1542/2695
f 2807/1540/2693 2811/1542/2695 2808/1543/2696
f 2888/1541/2697 2884/1540/2698 2809/1543/2699
f 2888/1541/2697 2809/1543/2699 2810/1542/2700
f 2845/1544/2701 2850/1545/2702 2849/1546/2703
f 2884/1540/2698 2889/1547/2704 2818/1548/2705
f 2884/1540/2698 2818/1548/2705 2809/1543/2699
f 2890/1549/2706 2885/1550/2707 2815/1551/2708
f 2890/1549/2706 2815/1551/2708 2816/1552/2709
f 2857/1553/2710 2856/1553/2711 2852/1554/2712
f 2857/1553/2710 2852/1554/2712 2854/1554/2713
f 2885/1550/2707 2891/1555/2714 2824/1556/2715
f 2885/1550/2707 2824/1556/2715 2815/1551/2708
f 2892/1555/2716 2886/1550/2717 2822/1551/2718
f 2892/1555/2716 2822/1551/2718 2823/1556/2719
f 2895/1557/2720 2864/1558/2721 2862/1559/2722
f 2895/1557/2720 2862/1559/2722 2858/1544/2723
f 2865/1545/2724 2895/1557/2720 2858/1544/2723
f 2865/1545/2724 2858/1544/2723 2861/1546/2725
f 2886/1550/2717 2893/1549/2726 2830/1552/2727
f 2886/1550/2717 2830/1552/2727 2822/1551/2718
f 2894/1547/2728 2807/1540/2693 2808/1543/2696
f 2894/1547/2728 2808/1543/2696 2828/1548/2729
f 2816/1552/2709 2815/1551/2708 2867/1560/2730
f 2816/1552/2709 2867/1560/2730 2875/1561/2731
f 2868/1562/2732 2874/1563/2733 2876/1561/2734
f 2868/1562/2732 2876/1561/2734 2872/1564/2735
f 2835/1565/2736 2834/1566/2737 2810/1542/2700
f 2835/1565/2736 2810/1542/2700 2809/1543/2699
f 2834/1566/2737 2833/1567/2738 2811/1542/2695
f 2834/1566/2737 2811/1542/2695 2810/1542/2700
f 2866/1562/2739 2868/1562/2732 2872/1564/2735
f 2866/1562/2739 2872/1564/2735 2871/1564/2740
f 2880/1568/2741 2876/1561/2734 2830/1552/2727
f 2880/1568/2741 2830/1552/2727 2829/1569/2742
f 2868/1562/2732 2823/1556/2719 2822/1551/2718
f 2868/1562/2732 2822/1551/2718 2874/1563/2733
f 2832/1570/2743 2828/1548/2729 2808/1543/2696
f 2832/1570/2743 2808/1543/2696 2831/1571/2744
f 2815/1551/2708 2824/1556/2715 2866/1562/2739
f 2815/1551/2708 2866/1562/2739 2867/1560/2730
f 2874/1563/2733 2822/1551/2718 2830/1552/2727
f 2874/1563/2733 2830/1552/2727 2876/1561/2734
f 2870/1572/2745 2832/1570/2743 2831/1571/2744
f 2870/1572/2745 2831/1571/2744 2833/1567/2738
f 2868/1562/2732 2866/1562/2739 2824/1556/2715
f 2868/1562/2732 2824/1556/2715 2823/1556/2719
f 2809/1543/2699 2818/1548/2705 2877/1570/2746
f 2809/1543/2699 2877/1570/2746 2835/1565/2736
f 2879/1573/2747 2880/1568/2741 2832/1570/2743
f 2879/1573/2747 2832/1570/2743 2870/1572/2745
f 2817/1569/2748 2816/1552/2709 2875/1561/2731
f 2817/1569/2748 2875/1561/2731 2878/1568/2749
f 2877/1570/2746 2869/1572/2750 2834/1566/2737
f 2877/1570/2746 2834/1566/2737 2835/1565/2736
f 2834/1566/2737 2869/1572/2750 2870/1572/2745
f 2834/1566/2737 2870/1572/2745 2833/1567/2738
f 2867/1560/2730 2866/1562/2739 2871/1564/2740
f 2867/1560/2730 2871/1564/2740 2875/1561/2731
f 2878/1568/2749 2875/1561/2731 2871/1564/2740
f 2878/1568/2749 2871/1564/2740 2873/1573/2751
f 2873/1573/2751 2879/1573/2747 2870/1572/2745
f 2873/1573/2751 2870/1572/2745 2869/1572/2750
f 2833/1567/2738 2831/1571/2744 2808/1543/2696
f 2833/1567/2738 2808/1543/2696 2811/1542/2695
f 2871/1564/2740 2872/1564/2735 2879/1573/2747
f 2871/1564/2740 2879/1573/2747 2873/1573/2751
f 2877/1570/2746 2878/1568/2749 2873/1573/2751
f 2877/1570/2746 2873/1573/2751 2869/1572/2750
f 2818/1548/2705 2817/1569/2748 2878/1568/2749
f 2818/1548/2705 2878/1568/2749 2877/1570/2746
f 2872/1564/2735 2876/1561/2734 2880/1568/2741
f 2872/1564/2735 2880/1568/2741 2879/1573/2747
f 2832/1570/2743 2880/1568/2741 2829/1569/2742
f 2832/1570/2743 2829/1569/2742 2828/1548/2729
f 2851/1558/2752 2845/1544/2701 2846/1559/2753
f 2896/1557/2754 2845/1544/2701 2851/1558/2752
f 2896/1557/2754 2850/1545/2702 2845/1544/2701
f 2890/1549/2706 2882/1574/2755 2896/1557/2754
f 2890/1549/2706 2896/1557/2754 2851/1558/2752
f 2894/1547/2728 2881/1574/2756 2895/1557/2720
f 2894/1547/2728 2895/1557/2720 2865/1545/2724
f 2861/1546/2725 2841/1575/2757 2883/1576/2758
f 2861/1546/2725 2883/1576/2758 2865/1545/2724
f 2826/1577/2759 2862/1559/2722 2864/1558/2721
f 2826/1577/2759 2864/1558/2721 2825/1578/2760
f 2881/1574/2756 2893/1549/2726 2864/1558/2721
f 2881/1574/2756 2864/1558/2721 2895/1557/2720
f 2854/1554/2713 2826/1577/2759 2825/1578/2760
f 2854/1554/2713 2825/1578/2760 2857/1553/2710
f 2820/1577/2761 2852/1554/2712 2856/1553/2711
f 2820/1577/2761 2856/1553/2711 2819/1578/2762
f 2892/1555/2716 2891/1555/2714 2856/1553/2711
f 2892/1555/2716 2856/1553/2711 2857/1553/2710
f 2846/1559/2753 2820/1577/2761 2819/1578/2762
f 2846/1559/2753 2819/1578/2762 2851/1558/2752
f 2814/1575/2763 2849/1546/2703 2850/1545/2702
f 2814/1575/2763 2850/1545/2702 2812/1576/2764
f 2882/1574/2755 2889/1547/2704 2850/1545/2702
f 2882/1574/2755 2850/1545/2702 2896/1557/2754
f 2839/1539/2692 2814/1575/2763 2812/1576/2764
f 2839/1539/2692 2812/1576/2764 2843/1538/2689
f 2841/1575/2757 2837/1539/2691 2842/1538/2690
f 2841/1575/2757 2842/1538/2690 2883/1576/2758
f 2888/1541/2697 2887/1541/2694 2842/1538/2690
f 2888/1541/2697 2842/1538/2690 2843/1538/2689
f 2810/1542/2700 2811/1542/2695 2887/1541/2694
f 2810/1542/2700 2887/1541/2694 2888/1541/2697
f 2817/1569/2748 2818/1548/2705 2889/1547/2704
f 2817/1569/2748 2889/1547/2704 2882/1574/2755
f 2823/1556/2719 2824/1556/2715 2891/1555/2714
f 2823/1556/2719 2891/1555/2714 2892/1555/2716
f 2829/1569/2742 2830/1552/2727 2893/1549/2726
f 2829/1569/2742 2893/1549/2726 2881/1574/2756
f 2828/1548/2729 2829/1569/2742 2881/1574/2756
f 2828/1548/2729 2881/1574/2756 2894/1547/2728
f 2816/1552/2709 2817/1569/2748 2882/1574/2755
f 2816/1552/2709 2882/1574/2755 2890/1549/2706
f 2865/1545/2724 2883/1576/2758 2807/1540/2693
f 2865/1545/2724 2807/1540/2693 2894/1547/2728
f 2825/1578/2760 2864/1558/2721 2893/1549/2726
f 2825/1578/2760 2893/1549/2726 2886/1550/2717
f 2857/1553/2710 2825/1578/2760 2886/1550/2717
f 2857/1553/2710 2886/1550/2717 2892/1555/2716
f 2819/1578/2762 2856/1553/2711 2891/1555/2714
f 2819/1578/2762 2891/1555/2714 2885/1550/2707
f 2851/1558/2752 2819/1578/2762 2885/1550/2707
f 2851/1558/2752 2885/1550/2707 2890/1549/2706
f 2812/1576/2764 2850/1545/2702 2889/1547/2704
f 2812/1576/2764 2889/1547/2704 2884/1540/2698
f 2843/1538/2689 2812/1576/2764 2884/1540/2698
f 2843/1538/2689 2884/1540/2698 2888/1541/2697
f 2883/1576/2758 2842/1538/2690 2887/1541/2694
f 2883/1576/2758 2887/1541/2694 2807/1540/2693
f 2759/1443/2578 2735/1439/2574 2723/1438/2573
f 2748/1435/2570 2721/1434/2569 2732/1447/2582
f 2847/1533/2684 2844/1534/2668 2794/1533/2667
f 2804/1534/2668 2844/1534/2668 2791/1531/2663
f 2973/1354/2765 2989/1357/2766 2998/1356/2767
f 2973/1354/2765 2998/1356/2767 2975/1355/2768
f 2943/1358/2769 2962/1361/2770 2976/1360/2771
f 2943/1358/2769 2976/1360/2771 2942/1359/2772
f 3073/1362/2773 3020/1365/2774 3022/1364/2775
f 3073/1362/2773 3022/1364/2775 3076/1363/2776
f 2961/1366/2777 2983/1369/2778 3013/1368/2779
f 2961/1366/2777 3013/1368/2779 3001/1367/2780
f 2952/1370/2588 2958/1373/2781 2982/1372/2782
f 2952/1370/2588 2982/1372/2782 2946/1371/2783
f 2916/1374/2784 2917/1376/2785 2928/1375/2786
f 3054/1377/2787 2930/1379/2788 2908/1378/2789
f 3054/1377/2787 2908/1378/2789 3051/1362/2790
f 2926/1380/2791 2902/1382/2792 2920/1381/2793
f 2930/1379/2788 3054/1377/2787 3056/1384/2794
f 2930/1379/2788 3056/1384/2794 2909/1383/2795
f 2909/1383/2795 2901/1387/2796 2919/1386/2797
f 2909/1383/2795 2919/1386/2797 2924/1385/2798
f 2907/1388/2799 2900/1391/2800 2918/1390/2801
f 2907/1388/2799 2918/1390/2801 2922/1389/2802
f 2921/1392/2803 2938/1395/2804 2947/1394/2805
f 2921/1392/2803 2947/1394/2805 2948/1393/2806
f 2939/1396/2807 2922/1389/2802 2918/1390/2801
f 2939/1396/2807 2918/1390/2801 2936/1397/2808
f 2936/1397/2808 2918/1390/2801 2923/1399/2809
f 2936/1397/2808 2923/1399/2809 2940/1398/2810
f 2938/1395/2804 2968/1401/2811 2978/1400/2812
f 2938/1395/2804 2978/1400/2812 2947/1394/2805
f 2941/1402/2813 2924/1385/2798 2919/1386/2797
f 2941/1402/2813 2919/1386/2797 2937/1403/2814
f 2937/1403/2814 2919/1386/2797 2925/1404/2815
f 2937/1403/2814 2925/1404/2815 2942/1359/2772
f 2950/1405/2816 2984/1407/2545 2951/1406/2817
f 2984/1407/2545 2985/1409/2544 2953/1408/2818
f 2984/1407/2545 2953/1408/2818 2951/1406/2817
f 2985/1409/2544 2986/1411/2542 2954/1410/2819
f 2985/1409/2544 2954/1410/2819 2953/1408/2818
f 2987/1412/2540 2948/1393/2806 2945/1413/2820
f 2992/1414/2821 3006/1417/2822 2981/1416/2823
f 2992/1414/2821 2981/1416/2823 2979/1415/2824
f 2899/1418/2825 2921/1392/2803 2917/1376/2785
f 2900/1391/2800 2908/1378/2789 2923/1399/2809
f 2900/1391/2800 2923/1399/2809 2918/1390/2801
f 2901/1387/2796 2910/1419/2826 2925/1404/2815
f 2901/1387/2796 2925/1404/2815 2919/1386/2797
f 2920/1381/2793 2913/1421/2827 2927/1420/2828
f 2937/1403/2814 2966/1423/2829 2972/1422/2830
f 2937/1403/2814 2972/1422/2830 2941/1402/2813
f 2994/1424/2831 2992/1414/2821 2979/1415/2824
f 2994/1424/2831 2979/1415/2824 2969/1425/2832
f 2905/1426/2833 2907/1388/2799 2922/1389/2802
f 2905/1426/2833 2922/1389/2802 2921/1392/2803
f 2929/1379/2560 2909/1383/2795 2924/1385/2798
f 2910/1419/2826 2911/1427/2834 2926/1380/2791
f 2910/1419/2826 2926/1380/2791 2925/1404/2815
f 2931/1428/2562 2916/1374/2784 2928/1375/2786
f 2931/1428/2562 2928/1375/2786 2933/1429/2563
f 3022/1364/2775 3024/1430/2835 3068/1384/2836
f 3022/1364/2775 3068/1384/2836 3076/1363/2776
f 3024/1430/2835 2914/1433/2837 2903/1432/2838
f 3024/1430/2835 2903/1432/2838 3016/1431/2839
f 3021/1434/2840 3018/1437/2841 3041/1436/2842
f 3021/1434/2840 3041/1436/2842 3047/1435/2843
f 3023/1438/2844 2901/1387/2796 3036/1439/2845
f 2913/1421/2827 2931/1428/2562 2933/1429/2563
f 2913/1421/2827 2933/1429/2563 2927/1420/2828
f 2943/1358/2769 2926/1380/2791 2950/1405/2816
f 2943/1358/2769 2950/1405/2816 2949/1440/2846
f 3019/1441/2847 3023/1438/2844 3060/1443/2848
f 3019/1441/2847 3060/1443/2848 3066/1442/2849
f 3017/1444/2850 3025/1445/2851 3041/1436/2842
f 3017/1444/2850 3041/1436/2842 3018/1437/2841
f 3019/1441/2847 3066/1442/2849 3040/1446/2852
f 3019/1441/2847 3040/1446/2852 3016/1431/2839
f 2909/1383/2795 3056/1384/2794 3036/1439/2845
f 2909/1383/2795 3036/1439/2845 2901/1387/2796
f 3068/1384/2836 3024/1430/2835 3016/1431/2839
f 3068/1384/2836 3016/1431/2839 3040/1446/2852
f 3031/1447/2853 2900/1391/2800 3021/1434/2840
f 2972/1422/2830 2974/1448/2854 2940/1398/2810
f 2972/1422/2830 2940/1398/2810 2941/1402/2813
f 2957/1449/2855 3004/1452/2856 3015/1451/2857
f 2957/1449/2855 3015/1451/2857 2959/1450/2858
f 2921/1392/2803 2922/1389/2802 2939/1396/2807
f 2921/1392/2803 2939/1396/2807 2938/1395/2804
f 2954/1410/2819 2955/1453/2859 2952/1370/2588
f 2954/1410/2819 2952/1370/2588 2953/1408/2818
f 2925/1404/2815 2926/1380/2791 2943/1358/2769
f 2925/1404/2815 2943/1358/2769 2942/1359/2772
f 2944/1454/2860 2945/1413/2820 2948/1393/2806
f 2944/1454/2860 2948/1393/2806 2947/1394/2805
f 2942/1359/2772 2976/1360/2771 2966/1423/2829
f 2942/1359/2772 2966/1423/2829 2937/1403/2814
f 2949/1440/2846 2950/1405/2816 2951/1406/2817
f 2949/1440/2846 2951/1406/2817 2946/1371/2783
f 2946/1371/2783 2951/1406/2817 2953/1408/2818
f 2946/1371/2783 2953/1408/2818 2952/1370/2588
f 2955/1453/2859 2954/1410/2819 2945/1413/2820
f 2955/1453/2859 2945/1413/2820 2944/1454/2860
f 2977/1455/2771 3009/1458/2861 3003/1457/2862
f 2977/1455/2771 3003/1457/2862 2967/1456/2863
f 2956/1459/2864 2958/1373/2781 2952/1370/2588
f 2956/1459/2864 2952/1370/2588 2955/1453/2859
f 2986/1411/2542 2987/1412/2540 2945/1413/2820
f 2986/1411/2542 2945/1413/2820 2954/1410/2819
f 3021/1434/2840 2900/1391/2800 2907/1388/2799
f 2949/1440/2846 2960/1460/2865 2962/1361/2770
f 2949/1440/2846 2962/1361/2770 2943/1358/2769
f 2946/1371/2783 2982/1372/2782 2960/1460/2865
f 2946/1371/2783 2960/1460/2865 2949/1440/2846
f 2986/1411/2542 2985/1409/2544 2933/1429/2563
f 2944/1454/2860 2980/1461/2866 2956/1459/2864
f 2944/1454/2860 2956/1459/2864 2955/1453/2859
f 2939/1396/2807 2970/1462/2867 2968/1401/2811
f 2939/1396/2807 2968/1401/2811 2938/1395/2804
f 2936/1397/2808 2964/1463/2868 2970/1462/2867
f 2936/1397/2808 2970/1462/2867 2939/1396/2807
f 2940/1398/2810 2974/1448/2854 2964/1463/2868
f 2940/1398/2810 2964/1463/2868 2936/1397/2808
f 2928/1375/2786 2917/1376/2785 2987/1412/2540
f 2928/1375/2786 2987/1412/2540 2986/1411/2542
f 2933/1429/2563 2928/1375/2786 2986/1411/2542
f 2920/1381/2793 2927/1420/2828 2985/1409/2544
f 2920/1381/2793 2985/1409/2544 2984/1407/2545
f 2920/1381/2793 2984/1407/2545 2950/1405/2816
f 2917/1376/2785 2921/1392/2803 2948/1393/2806
f 2947/1394/2805 2978/1400/2812 2980/1461/2866
f 2947/1394/2805 2980/1461/2866 2944/1454/2860
f 2963/1464/2869 3011/1465/2870 3009/1458/2861
f 2963/1464/2869 3009/1458/2861 2977/1455/2771
f 2967/1456/2863 3003/1457/2862 2989/1357/2766
f 2967/1456/2863 2989/1357/2766 2973/1354/2765
f 2975/1355/2768 2998/1356/2767 2990/1467/2871
f 2975/1355/2768 2990/1467/2871 2965/1466/2872
f 2927/1420/2828 2933/1429/2563 2985/1409/2544
f 2971/1468/2873 2965/1466/2872 2990/1467/2871
f 2971/1468/2873 2990/1467/2871 2996/1469/2874
f 2969/1425/2832 2971/1468/2873 2996/1469/2874
f 2969/1425/2832 2996/1469/2874 2994/1424/2831
s 0
f 3002/1470/454 2991/1473/454 2999/1472/454
f 3002/1470/454 2999/1472/454 2988/1471/454
s 1
f 2957/1449/2855 2981/1416/2823 3006/1417/2822
f 2957/1449/2855 3006/1417/2822 3004/1452/2856
f 2983/1369/2778 2959/1450/2858 3015/1451/2857
f 2983/1369/2778 3015/1451/2857 3013/1368/2779
f 2963/1464/2869 2961/1366/2777 3001/1367/2780
f 2963/1464/2869 3001/1367/2780 3011/1465/2870
s 0
f 3008/1474/454 2997/1475/454 2991/1473/454
f 3008/1474/454 2991/1473/454 3002/1470/454
f 3010/1476/454 2995/1477/454 2997/1475/454
f 3010/1476/454 2997/1475/454 3008/1474/454
f 3000/1478/454 2993/1479/454 2995/1477/454
f 3000/1478/454 2995/1477/454 3010/1476/454
f 3012/1480/454 3007/1481/454 2993/1479/454
f 3012/1480/454 2993/1479/454 3000/1478/454
f 3005/1482/454 3007/1481/454 3012/1480/454
f 3005/1482/454 3012/1480/454 3014/1483/454
s 1
f 2924/1385/2798 2941/1402/2813 2940/1398/2810
f 2924/1385/2798 2940/1398/2810 2923/1399/2809
f 2908/1378/2789 2929/1379/2560 2923/1399/2809
f 2924/1385/2798 2923/1399/2809 2929/1379/2560
f 2926/1380/2791 2920/1381/2793 2950/1405/2816
f 2987/1412/2540 2917/1376/2785 2948/1393/2806
f 3020/1365/2774 2915/1485/2875 2932/1484/2876
f 3020/1365/2774 2932/1484/2876 3022/1364/2775
f 2908/1378/2789 2900/1391/2800 3031/1447/2853
f 2908/1378/2789 3031/1447/2853 3051/1362/2790
f 2897/1486/2877 3017/1444/2850 3018/1437/2841
f 2897/1486/2877 3018/1437/2841 2905/1426/2833
f 2910/1419/2826 2901/1387/2796 3023/1438/2844
f 2911/1427/2834 3019/1441/2847 3016/1431/2839
f 2911/1427/2834 3016/1431/2839 2903/1432/2838
f 2932/1484/2876 2914/1433/2837 3024/1430/2835
f 2932/1484/2876 3024/1430/2835 3022/1364/2775
f 2915/1485/2875 3020/1365/2774 3017/1444/2850
f 2915/1485/2875 3017/1444/2850 2897/1486/2877
f 2911/1427/2834 2910/1419/2826 3023/1438/2844
f 2911/1427/2834 3023/1438/2844 3019/1441/2847
f 2907/1388/2799 2905/1426/2833 3018/1437/2841
f 2907/1388/2799 3018/1437/2841 3021/1434/2840
f 3020/1365/2774 3073/1362/2773 3025/1445/2851
f 3020/1365/2774 3025/1445/2851 3017/1444/2850
f 3050/1487/2878 2935/1490/2879 3053/1489/2880
f 3050/1487/2878 3053/1489/2880 3052/1488/2881
f 3055/1491/2882 3053/1489/2880 2935/1490/2879
f 3055/1491/2882 2935/1490/2879 3057/1492/2883
f 3074/1488/2884 3072/1487/2885 3028/1494/2886
f 3074/1488/2884 3028/1494/2886 3026/1493/2887
f 3039/1495/2888 3037/1497/2889 3069/1496/2890
f 3039/1495/2888 3069/1496/2890 3067/1491/2891
f 3077/1498/2620 3075/1499/2620 3067/1491/2891
f 3077/1498/2620 3067/1491/2891 3069/1496/2890
f 3065/1500/2892 3063/1501/2893 3037/1497/2889
f 3065/1500/2892 3037/1497/2889 3039/1495/2888
f 3035/1502/2894 3033/1497/2895 3061/1501/2896
f 3035/1502/2894 3061/1501/2896 3059/1503/2897
f 3063/1501/2893 3065/1500/2892 3059/1503/2897
f 3063/1501/2893 3059/1503/2897 3061/1501/2896
f 3055/1491/2882 3057/1492/2883 3033/1497/2895
f 3055/1491/2882 3033/1497/2895 3035/1502/2894
f 3032/1504/2898 3030/1494/2899 3050/1487/2878
f 3032/1504/2898 3050/1487/2878 3052/1488/2881
f 3048/1505/2900 3046/1506/2901 3030/1494/2899
f 3048/1505/2900 3030/1494/2899 3032/1504/2898
f 3026/1493/2887 3028/1494/2886 3044/1506/2902
f 3026/1493/2887 3044/1506/2902 3042/1507/2903
f 3046/1506/2901 3048/1505/2900 3042/1507/2903
f 3046/1506/2901 3042/1507/2903 3044/1506/2902
f 3072/1487/2885 3074/1488/2884 3075/1499/2620
f 3072/1487/2885 3075/1499/2620 3077/1498/2620
f 2906/1508/2904 2921/1392/2803 2898/1418/2905
f 2912/1509/2834 2904/1382/2838 2926/1380/2791
f 2899/1418/2825 2917/1376/2785 2916/1374/2784
f 2902/1382/2792 2913/1421/2827 2920/1381/2793
f 3091/1510/2906 3049/1513/2907 3029/1512/2908
f 3091/1510/2906 3029/1512/2908 3081/1511/2909
f 3081/1511/2909 3029/1512/2908 3045/1515/2910
f 3081/1511/2909 3045/1515/2910 3089/1514/2911
f 3089/1514/2911 3045/1515/2910 3043/1516/2912
f 3089/1514/2911 3043/1516/2912 3087/1514/2913
f 3087/1514/2913 3043/1516/2912 3027/1517/2914
f 3087/1514/2913 3027/1517/2914 3079/1511/2915
f 3079/1511/2915 3027/1517/2914 3071/1518/2650
f 3079/1511/2915 3071/1518/2650 3101/1510/2649
f 3101/1510/2649 3071/1518/2650 3078/1520/2648
f 3101/1510/2649 3078/1520/2648 3106/1519/2648
f 3106/1519/2648 3078/1520/2648 3070/1522/2647
f 3106/1519/2648 3070/1522/2647 3100/1521/2646
f 3100/1521/2646 3070/1522/2647 3038/1524/2916
f 3100/1521/2646 3038/1524/2916 3086/1523/2917
f 3086/1523/2917 3038/1524/2916 3064/1526/2918
f 3086/1523/2917 3064/1526/2918 3098/1525/2642
f 3098/1525/2642 3064/1526/2918 3062/1527/2919
f 3098/1525/2642 3062/1527/2919 3096/1525/2640
f 3096/1525/2640 3062/1527/2919 3034/1528/2920
f 3096/1525/2640 3034/1528/2920 3084/1523/2921
f 3084/1523/2921 3034/1528/2920 3058/1529/2922
f 3084/1523/2921 3058/1529/2922 3094/1521/2923
f 3104/1519/2661 3058/1529/2922 2934/1530/2924
f 3104/1519/2661 3049/1513/2907 3091/1510/2906
f 2934/1530/2924 3049/1513/2907 3104/1519/2661
f 3094/1521/2923 3058/1529/2922 3104/1519/2661
f 3092/1531/2925 3082/1532/2926 3114/1532/2927
f 3092/1531/2925 3114/1532/2927 3149/1531/2928
f 3093/1533/2929 3103/1534/2668 3145/1534/2668
f 3080/1532/2930 3102/1531/2931 3161/1531/2932
f 3080/1532/2930 3161/1531/2932 3141/1532/2933
f 3082/1532/2926 3090/1535/2934 3139/1535/2935
f 3082/1532/2926 3139/1535/2935 3114/1532/2927
f 3095/1536/2936 3083/1537/2937 3120/1537/2938
f 3095/1536/2936 3120/1537/2938 3152/1536/2939
f 3105/1534/2679 3099/1533/2940 3162/1533/2941
f 3105/1534/2679 3162/1533/2941 3158/1534/2679
f 3097/1536/2942 3095/1536/2936 3152/1536/2939
f 3097/1536/2942 3152/1536/2939 3154/1536/2943
f 3092/1531/2925 3149/1531/2928 3145/1534/2668
f 3083/1537/2937 3093/1533/2929 3146/1533/2944
f 3083/1537/2937 3146/1533/2944 3120/1537/2938
f 3099/1533/2940 3085/1537/2945 3126/1537/2946
f 3099/1533/2940 3126/1537/2946 3162/1533/2941
f 3088/1535/2947 3080/1532/2930 3141/1532/2933
f 3088/1535/2947 3141/1532/2933 3137/1535/2948
f 3102/1531/2931 3105/1534/2679 3158/1534/2679
f 3102/1531/2931 3158/1534/2679 3161/1531/2932
f 3090/1535/2934 3088/1535/2947 3137/1535/2948
f 3090/1535/2934 3137/1535/2948 3139/1535/2935
f 3085/1537/2945 3097/1536/2942 3154/1536/2943
f 3085/1537/2945 3154/1536/2943 3126/1537/2946
f 3143/1538/2949 3138/1539/2950 3136/1539/2951
f 3143/1538/2949 3136/1539/2951 3142/1538/2952
f 3107/1540/2717 3108/1543/2953 3111/1542/2954
f 3107/1540/2717 3111/1542/2954 3187/1541/2716
f 3188/1541/2714 3110/1542/2955 3109/1543/2956
f 3188/1541/2714 3109/1543/2956 3184/1540/2707
f 3144/1544/2701 3148/1546/2957 3150/1545/2958
f 3184/1540/2707 3109/1543/2956 3118/1548/2959
f 3184/1540/2707 3118/1548/2959 3189/1547/2706
f 3190/1549/2704 3116/1552/2960 3115/1551/2961
f 3190/1549/2704 3115/1551/2961 3185/1550/2698
f 3157/1553/2962 3155/1554/2963 3153/1554/2964
f 3157/1553/2962 3153/1554/2964 3156/1553/2965
f 3185/1550/2698 3115/1551/2961 3124/1556/2966
f 3185/1550/2698 3124/1556/2966 3191/1555/2697
f 3192/1555/2694 3123/1556/2967 3122/1551/2968
f 3192/1555/2694 3122/1551/2968 3186/1550/2693
f 3195/1557/2720 3159/1544/2723 3163/1559/2969
f 3195/1557/2720 3163/1559/2969 3164/1558/2970
f 3165/1545/2971 3160/1546/2972 3159/1544/2723
f 3165/1545/2971 3159/1544/2723 3195/1557/2720
f 3186/1550/2693 3122/1551/2968 3130/1552/2973
f 3186/1550/2693 3130/1552/2973 3193/1549/2728
f 3194/1547/2726 3128/1548/2974 3108/1543/2953
f 3194/1547/2726 3108/1543/2953 3107/1540/2717
f 3116/1552/2960 3175/1561/2975 3167/1560/2976
f 3116/1552/2960 3167/1560/2976 3115/1551/2961
f 3168/1562/2977 3172/1564/2745 3176/1561/2978
f 3168/1562/2977 3176/1561/2978 3174/1563/2979
f 3135/1565/2980 3109/1543/2956 3110/1542/2955
f 3135/1565/2980 3110/1542/2955 3134/1566/2981
f 3134/1566/2981 3110/1542/2955 3111/1542/2954
f 3134/1566/2981 3111/1542/2954 3133/1567/2982
f 3166/1562/2983 3171/1564/2750 3172/1564/2745
f 3166/1562/2983 3172/1564/2745 3168/1562/2977
f 3180/1568/2741 3129/1569/2742 3130/1552/2973
f 3180/1568/2741 3130/1552/2973 3176/1561/2978
f 3168/1562/2977 3174/1563/2979 3122/1551/2968
f 3168/1562/2977 3122/1551/2968 3123/1556/2967
f 3132/1570/2984 3131/1571/2985 3108/1543/2953
f 3132/1570/2984 3108/1543/2953 3128/1548/2974
f 3115/1551/2961 3167/1560/2976 3166/1562/2983
f 3115/1551/2961 3166/1562/2983 3124/1556/2966
f 3174/1563/2979 3176/1561/2978 3130/1552/2973
f 3174/1563/2979 3130/1552/2973 3122/1551/2968
f 3170/1572/2735 3133/1567/2982 3131/1571/2985
f 3170/1572/2735 3131/1571/2985 3132/1570/2984
f 3168/1562/2977 3123/1556/2967 3124/1556/2966
f 3168/1562/2977 3124/1556/2966 3166/1562/2983
f 3109/1543/2956 3135/1565/2980 3177/1570/2986
f 3109/1543/2956 3177/1570/2986 3118/1548/2959
f 3179/1573/2747 3170/1572/2735 3132/1570/2984
f 3179/1573/2747 3132/1570/2984 3180/1568/2741
f 3117/1569/2748 3178/1568/2749 3175/1561/2975
f 3117/1569/2748 3175/1561/2975 3116/1552/2960
f 3177/1570/2986 3135/1565/2980 3134/1566/2981
f 3177/1570/2986 3134/1566/2981 3169/1572/2740
f 3134/1566/2981 3133/1567/2982 3170/1572/2735
f 3134/1566/2981 3170/1572/2735 3169/1572/2740
f 3167/1560/2976 3175/1561/2975 3171/1564/2750
f 3167/1560/2976 3171/1564/2750 3166/1562/2983
f 3178/1568/2749 3173/1573/2751 3171/1564/2750
f 3178/1568/2749 3171/1564/2750 3175/1561/2975
f 3173/1573/2751 3169/1572/2740 3170/1572/2735
f 3173/1573/2751 3170/1572/2735 3179/1573/2747
f 3133/1567/2982 3111/1542/2954 3108/1543/2953
f 3133/1567/2982 3108/1543/2953 3131/1571/2985
f 3171/1564/2750 3173/1573/2751 3179/1573/2747
f 3171/1564/2750 3179/1573/2747 3172/1564/2745
f 3177/1570/2986 3169/1572/2740 3173/1573/2751
f 3177/1570/2986 3173/1573/2751 3178/1568/2749
f 3118/1548/2959 3177/1570/2986 3178/1568/2749
f 3118/1548/2959 3178/1568/2749 3117/1569/2748
f 3172/1564/2745 3179/1573/2747 3180/1568/2741
f 3172/1564/2745 3180/1568/2741 3176/1561/2978
f 3132/1570/2984 3128/1548/2974 3129/1569/2742
f 3132/1570/2984 3129/1569/2742 3180/1568/2741
f 3151/1558/2987 3147/1559/2988 3144/1544/2701
f 3196/1557/2754 3151/1558/2987 3144/1544/2701
f 3196/1557/2754 3144/1544/2701 3150/1545/2958
f 3190/1549/2704 3151/1558/2987 3196/1557/2754
f 3190/1549/2704 3196/1557/2754 3182/1574/2755
f 3194/1547/2726 3165/1545/2971 3195/1557/2720
f 3194/1547/2726 3195/1557/2720 3181/1574/2756
f 3160/1546/2972 3165/1545/2971 3183/1576/2989
f 3160/1546/2972 3183/1576/2989 3140/1575/2990
f 3127/1577/2991 3125/1578/2992 3164/1558/2970
f 3127/1577/2991 3164/1558/2970 3163/1559/2969
f 3181/1574/2756 3195/1557/2720 3164/1558/2970
f 3181/1574/2756 3164/1558/2970 3193/1549/2728
f 3155/1554/2963 3157/1553/2962 3125/1578/2992
f 3155/1554/2963 3125/1578/2992 3127/1577/2991
f 3121/1577/2993 3119/1578/2994 3156/1553/2965
f 3121/1577/2993 3156/1553/2965 3153/1554/2964
f 3192/1555/2694 3157/1553/2962 3156/1553/2965
f 3192/1555/2694 3156/1553/2965 3191/1555/2697
f 3147/1559/2988 3151/1558/2987 3119/1578/2994
f 3147/1559/2988 3119/1578/2994 3121/1577/2993
f 3113/1575/2995 3112/1576/2996 3150/1545/2958
f 3113/1575/2995 3150/1545/2958 3148/1546/2957
f 3182/1574/2755 3196/1557/2754 3150/1545/2958
f 3182/1574/2755 3150/1545/2958 3189/1547/2706
f 3138/1539/2950 3143/1538/2949 3112/1576/2996
f 3138/1539/2950 3112/1576/2996 3113/1575/2995
f 3140/1575/2990 3183/1576/2989 3142/1538/2952
f 3140/1575/2990 3142/1538/2952 3136/1539/2951
f 3188/1541/2714 3143/1538/2949 3142/1538/2952
f 3188/1541/2714 3142/1538/2952 3187/1541/2716
f 3110/1542/2955 3188/1541/2714 3187/1541/2716
f 3110/1542/2955 3187/1541/2716 3111/1542/2954
f 3117/1569/2748 3182/1574/2755 3189/1547/2706
f 3117/1569/2748 3189/1547/2706 3118/1548/2959
f 3123/1556/2967 3192/1555/2694 3191/1555/2697
f 3123/1556/2967 3191/1555/2697 3124/1556/2966
f 3129/1569/2742 3181/1574/2756 3193/1549/2728
f 3129/1569/2742 3193/1549/2728 3130/1552/2973
f 3128/1548/2974 3194/1547/2726 3181/1574/2756
f 3128/1548/2974 3181/1574/2756 3129/1569/2742
f 3116/1552/2960 3190/1549/2704 3182/1574/2755
f 3116/1552/2960 3182/1574/2755 3117/1569/2748
f 3165/1545/2971 3194/1547/2726 3107/1540/2717
f 3165/1545/2971 3107/1540/2717 3183/1576/2989
f 3125/1578/2992 3186/1550/2693 3193/1549/2728
f 3125/1578/2992 3193/1549/2728 3164/1558/2970
f 3157/1553/2962 3192/1555/2694 3186/1550/2693
f 3157/1553/2962 3186/1550/2693 3125/1578/2992
f 3119/1578/2994 3185/1550/2698 3191/1555/2697
f 3119/1578/2994 3191/1555/2697 3156/1553/2965
f 3151/1558/2987 3190/1549/2704 3185/1550/2698
f 3151/1558/2987 3185/1550/2698 3119/1578/2994
f 3112/1576/2996 3184/1540/2707 3189/1547/2706
f 3112/1576/2996 3189/1547/2706 3150/1545/2958
f 3143/1538/2949 3188/1541/2714 3184/1540/2707
f 3143/1538/2949 3184/1540/2707 3112/1576/2996
f 3183/1576/2989 3107/1540/2717 3187/1541/2716
f 3183/1576/2989 3187/1541/2716 3142/1538/2952
f 3060/1443/2848 3023/1438/2844 3036/1439/2845
f 3047/1435/2843 3031/1447/2853 3021/1434/2840
f 3146/1533/2944 3093/1533/2929 3145/1534/2668
f 3103/1534/2668 3092/1531/2925 3145/1534/2668
